STORE_ID,SKU,TRAN_DATE,UNIT_SALES,REVENUE
STORE_001,SKU10000,2025-04-20,18,35.82
STORE_001,SKU10000,2025-04-21,20,39.8
STORE_001,SKU10000,2025-04-22,20,39.8
STORE_001,SKU10000,2025-04-23,23,45.77
STORE_001,SKU10000,2025-04-24,17,33.83
STORE_001,SKU10000,2025-04-25,17,33.83
STORE_001,SKU10000,2025-04-26,13,25.87
STORE_001,SKU10000,2025-04-27,25,49.75
STORE_001,SKU10000,2025-04-28,18,35.82
STORE_001,SKU10000,2025-04-29,17,33.83
STORE_001,SKU10000,2025-04-30,17,33.83
STORE_001,SKU10000,2025-05-01,21,41.79
STORE_001,SKU10000,2025-05-02,20,39.8
STORE_001,SKU10000,2025-05-03,20,39.8
STORE_001,SKU10000,2025-05-04,20,39.8
STORE_001,SKU10000,2025-05-05,22,43.78
STORE_001,SKU10000,2025-05-06,16,31.84
STORE_001,SKU10000,2025-05-07,19,37.81
STORE_001,SKU10000,2025-05-08,18,35.82
STORE_001,SKU10000,2025-05-09,20,39.8
STORE_001,SKU10000,2025-05-10,32,63.68
STORE_001,SKU10000,2025-05-11,26,51.74
STORE_001,SKU10000,2025-05-12,20,39.8
STORE_001,SKU10000,2025-05-13,22,43.78
STORE_001,SKU10000,2025-05-14,16,31.84
STORE_001,SKU10000,2025-05-15,14,27.86
STORE_001,SKU10000,2025-05-16,14,27.86
STORE_001,SKU10000,2025-05-17,19,37.81
STORE_001,SKU10000,2025-05-18,24,47.76
STORE_001,SKU10000,2025-05-19,22,43.78
STORE_001,SKU10000,2025-05-20,18,35.82
STORE_001,SKU10000,2025-05-21,17,33.83
STORE_001,SKU10000,2025-05-22,14,27.86
STORE_001,SKU10000,2025-05-23,23,45.77
STORE_001,SKU10000,2025-05-24,26,51.74
STORE_001,SKU10000,2025-05-25,19,37.81
STORE_001,SKU10000,2025-05-26,15,29.85
STORE_001,SKU10000,2025-05-27,19,37.81
STORE_001,SKU10000,2025-05-28,24,47.76
STORE_001,SKU10000,2025-05-29,20,39.8
STORE_001,SKU10000,2025-05-30,18,35.82
STORE_001,SKU10000,2025-05-31,22,43.78
STORE_001,SKU10000,2025-06-01,17,33.83
STORE_001,SKU10000,2025-06-02,23,45.77
STORE_001,SKU10000,2025-06-03,17,33.83
STORE_001,SKU10000,2025-06-04,14,27.86
STORE_001,SKU10000,2025-06-05,18,35.82
STORE_001,SKU10000,2025-06-06,18,35.82
STORE_001,SKU10000,2025-06-07,24,47.76
STORE_001,SKU10000,2025-06-08,26,51.74
STORE_001,SKU10000,2025-06-09,24,47.76
STORE_001,SKU10000,2025-06-10,20,39.8
STORE_001,SKU10000,2025-06-11,18,35.82
STORE_001,SKU10000,2025-06-12,18,35.82
STORE_001,SKU10000,2025-06-13,10,19.9
STORE_001,SKU10000,2025-06-14,23,45.77
STORE_001,SKU10001,2025-04-20,13,64.87
STORE_001,SKU10001,2025-04-21,10,49.9
STORE_001,SKU10001,2025-04-22,9,44.91
STORE_001,SKU10001,2025-04-23,14,69.86
STORE_001,SKU10001,2025-04-24,11,54.89
STORE_001,SKU10001,2025-04-25,7,34.93
STORE_001,SKU10001,2025-04-26,13,64.87
STORE_001,SKU10001,2025-04-27,11,54.89
STORE_001,SKU10001,2025-04-28,12,59.88
STORE_001,SKU10001,2025-04-29,10,49.9
STORE_001,SKU10001,2025-04-30,11,54.89
STORE_001,SKU10001,2025-05-01,11,54.89
STORE_001,SKU10001,2025-05-02,9,44.91
STORE_001,SKU10001,2025-05-03,14,69.86
STORE_001,SKU10001,2025-05-04,15,74.85
STORE_001,SKU10001,2025-05-05,14,69.86
STORE_001,SKU10001,2025-05-06,10,49.9
STORE_001,SKU10001,2025-05-07,13,64.87
STORE_001,SKU10001,2025-05-09,7,34.93
STORE_001,SKU10001,2025-05-10,13,64.87
STORE_001,SKU10001,2025-05-11,10,49.9
STORE_001,SKU10001,2025-05-12,14,69.86
STORE_001,SKU10001,2025-05-13,9,44.91
STORE_001,SKU10001,2025-05-14,10,49.9
STORE_001,SKU10001,2025-05-15,12,59.88
STORE_001,SKU10001,2025-05-16,8,39.92
STORE_001,SKU10001,2025-05-17,9,44.91
STORE_001,SKU10001,2025-05-18,13,64.87
STORE_001,SKU10001,2025-05-19,11,54.89
STORE_001,SKU10001,2025-05-20,12,59.88
STORE_001,SKU10001,2025-05-21,12,59.88
STORE_001,SKU10001,2025-05-22,11,54.89
STORE_001,SKU10001,2025-05-23,9,44.91
STORE_001,SKU10001,2025-05-24,13,64.87
STORE_001,SKU10001,2025-05-25,13,64.87
STORE_001,SKU10001,2025-05-27,9,44.91
STORE_001,SKU10001,2025-05-28,13,64.87
STORE_001,SKU10001,2025-05-29,14,69.86
STORE_001,SKU10001,2025-05-30,9,44.91
STORE_001,SKU10001,2025-05-31,10,49.9
STORE_001,SKU10001,2025-06-01,13,64.87
STORE_001,SKU10001,2025-06-02,13,64.87
STORE_001,SKU10001,2025-06-03,8,39.92
STORE_001,SKU10001,2025-06-04,9,44.91
STORE_001,SKU10001,2025-06-05,13,64.87
STORE_001,SKU10001,2025-06-06,10,49.9
STORE_001,SKU10001,2025-06-07,18,89.82
STORE_001,SKU10001,2025-06-08,13,64.87
STORE_001,SKU10001,2025-06-09,9,44.91
STORE_001,SKU10001,2025-06-11,13,64.87
STORE_001,SKU10001,2025-06-12,10,49.9
STORE_001,SKU10001,2025-06-14,14,69.86
STORE_001,SKU10002,2025-04-20,8,19.92
STORE_001,SKU10002,2025-04-21,9,22.41
STORE_001,SKU10002,2025-04-22,6,14.94
STORE_001,SKU10002,2025-04-23,7,17.43
STORE_001,SKU10002,2025-04-24,9,22.41
STORE_001,SKU10002,2025-04-25,11,27.39
STORE_001,SKU10002,2025-04-26,11,27.39
STORE_001,SKU10002,2025-04-27,9,22.41
STORE_001,SKU10002,2025-04-28,6,14.94
STORE_001,SKU10002,2025-04-29,11,27.39
STORE_001,SKU10002,2025-04-30,9,22.41
STORE_001,SKU10002,2025-05-01,8,19.92
STORE_001,SKU10002,2025-05-02,11,27.39
STORE_001,SKU10002,2025-05-03,9,22.41
STORE_001,SKU10002,2025-05-04,10,24.9
STORE_001,SKU10002,2025-05-05,8,19.92
STORE_001,SKU10002,2025-05-06,8,19.92
STORE_001,SKU10002,2025-05-08,6,14.94
STORE_001,SKU10002,2025-05-09,9,22.41
STORE_001,SKU10002,2025-05-12,5,12.45
STORE_001,SKU10002,2025-05-13,8,19.92
STORE_001,SKU10002,2025-05-14,6,14.94
STORE_001,SKU10002,2025-05-15,6,14.94
STORE_001,SKU10002,2025-05-17,10,24.9
STORE_001,SKU10002,2025-05-18,12,29.88
STORE_001,SKU10002,2025-05-19,10,24.9
STORE_001,SKU10002,2025-05-20,10,24.9
STORE_001,SKU10002,2025-05-21,7,17.43
STORE_001,SKU10002,2025-05-22,6,14.94
STORE_001,SKU10002,2025-05-23,11,27.39
STORE_001,SKU10002,2025-05-24,10,24.9
STORE_001,SKU10002,2025-05-25,6,14.94
STORE_001,SKU10002,2025-05-26,9,22.41
STORE_001,SKU10002,2025-05-27,11,27.39
STORE_001,SKU10002,2025-05-28,6,14.94
STORE_001,SKU10002,2025-05-29,5,12.45
STORE_001,SKU10002,2025-05-31,10,24.9
STORE_001,SKU10002,2025-06-01,11,27.39
STORE_001,SKU10002,2025-06-02,1,2.49
STORE_001,SKU10002,2025-06-03,6,14.94
STORE_001,SKU10002,2025-06-04,11,27.39
STORE_001,SKU10002,2025-06-05,5,12.45
STORE_001,SKU10002,2025-06-07,9,22.41
STORE_001,SKU10002,2025-06-08,14,34.86
STORE_001,SKU10002,2025-06-09,7,17.43
STORE_001,SKU10002,2025-06-10,8,19.92
STORE_001,SKU10002,2025-06-11,4,9.96
STORE_001,SKU10002,2025-06-12,10,24.9
STORE_001,SKU10002,2025-06-13,9,22.41
STORE_001,SKU10002,2025-06-14,9,22.41
STORE_001,SKU10003,2025-04-20,14,46.06
STORE_001,SKU10003,2025-04-21,14,46.06
STORE_001,SKU10003,2025-04-22,12,39.48
STORE_001,SKU10003,2025-04-23,13,42.77
STORE_001,SKU10003,2025-04-24,15,49.35
STORE_001,SKU10003,2025-04-25,15,49.35
STORE_001,SKU10003,2025-04-26,17,55.93
STORE_001,SKU10003,2025-04-27,14,46.06
STORE_001,SKU10003,2025-04-28,8,26.32
STORE_001,SKU10003,2025-04-29,10,32.9
STORE_001,SKU10003,2025-04-30,18,59.22
STORE_001,SKU10003,2025-05-01,12,39.48
STORE_001,SKU10003,2025-05-02,14,46.06
STORE_001,SKU10003,2025-05-03,18,59.22
STORE_001,SKU10003,2025-05-04,15,49.35
STORE_001,SKU10003,2025-05-06,16,52.64
STORE_001,SKU10003,2025-05-07,14,46.06
STORE_001,SKU10003,2025-05-08,13,42.77
STORE_001,SKU10003,2025-05-09,11,36.19
STORE_001,SKU10003,2025-05-10,21,69.09
STORE_001,SKU10003,2025-05-11,19,62.51
STORE_001,SKU10003,2025-05-12,16,52.64
STORE_001,SKU10003,2025-05-13,13,42.77
STORE_001,SKU10003,2025-05-14,11,36.19
STORE_001,SKU10003,2025-05-15,16,52.64
STORE_001,SKU10003,2025-05-16,13,42.77
STORE_001,SKU10003,2025-05-17,17,55.93
STORE_001,SKU10003,2025-05-18,14,46.06
STORE_001,SKU10003,2025-05-19,14,46.06
STORE_001,SKU10003,2025-05-20,12,39.48
STORE_001,SKU10003,2025-05-21,12,39.48
STORE_001,SKU10003,2025-05-22,14,46.06
STORE_001,SKU10003,2025-05-23,9,29.61
STORE_001,SKU10003,2025-05-24,12,39.48
STORE_001,SKU10003,2025-05-25,14,46.06
STORE_001,SKU10003,2025-05-26,13,42.77
STORE_001,SKU10003,2025-05-27,16,52.64
STORE_001,SKU10003,2025-05-28,13,42.77
STORE_001,SKU10003,2025-05-29,13,42.77
STORE_001,SKU10003,2025-05-30,13,42.77
STORE_001,SKU10003,2025-05-31,17,55.93
STORE_001,SKU10003,2025-06-01,13,42.77
STORE_001,SKU10003,2025-06-02,13,42.77
STORE_001,SKU10003,2025-06-03,15,49.35
STORE_001,SKU10003,2025-06-04,14,46.06
STORE_001,SKU10003,2025-06-05,14,46.06
STORE_001,SKU10003,2025-06-06,14,46.06
STORE_001,SKU10003,2025-06-07,17,55.93
STORE_001,SKU10003,2025-06-08,22,72.38
STORE_001,SKU10003,2025-06-09,11,36.19
STORE_001,SKU10003,2025-06-10,20,65.8
STORE_001,SKU10003,2025-06-11,11,36.19
STORE_001,SKU10003,2025-06-12,8,26.32
STORE_001,SKU10003,2025-06-13,12,39.48
STORE_001,SKU10003,2025-06-14,17,55.93
STORE_001,SKU10004,2025-04-20,15,59.85
STORE_001,SKU10004,2025-04-21,7,27.93
STORE_001,SKU10004,2025-04-22,10,39.9
STORE_001,SKU10004,2025-04-23,7,27.93
STORE_001,SKU10004,2025-04-24,13,51.87
STORE_001,SKU10004,2025-04-25,12,47.88
STORE_001,SKU10004,2025-04-26,10,39.9
STORE_001,SKU10004,2025-04-27,7,27.93
STORE_001,SKU10004,2025-04-28,12,47.88
STORE_001,SKU10004,2025-04-29,9,35.91
STORE_001,SKU10004,2025-04-30,12,47.88
STORE_001,SKU10004,2025-05-01,9,35.91
STORE_001,SKU10004,2025-05-02,9,35.91
STORE_001,SKU10004,2025-05-03,10,39.9
STORE_001,SKU10004,2025-05-04,12,47.88
STORE_001,SKU10004,2025-05-05,10,39.9
STORE_001,SKU10004,2025-05-06,10,39.9
STORE_001,SKU10004,2025-05-07,6,23.94
STORE_001,SKU10004,2025-05-08,12,47.88
STORE_001,SKU10004,2025-05-09,13,51.87
STORE_001,SKU10004,2025-05-10,11,43.89
STORE_001,SKU10004,2025-05-11,15,59.85
STORE_001,SKU10004,2025-05-12,13,51.87
STORE_001,SKU10004,2025-05-13,11,43.89
STORE_001,SKU10004,2025-05-14,12,47.88
STORE_001,SKU10004,2025-05-15,12,47.88
STORE_001,SKU10004,2025-05-16,6,23.94
STORE_001,SKU10004,2025-05-17,10,39.9
STORE_001,SKU10004,2025-05-18,12,47.88
STORE_001,SKU10004,2025-05-19,13,51.87
STORE_001,SKU10004,2025-05-20,6,23.94
STORE_001,SKU10004,2025-05-21,6,23.94
STORE_001,SKU10004,2025-05-22,9,35.91
STORE_001,SKU10004,2025-05-23,5,19.95
STORE_001,SKU10004,2025-05-24,11,43.89
STORE_001,SKU10004,2025-05-25,12,47.88
STORE_001,SKU10004,2025-05-26,7,27.93
STORE_001,SKU10004,2025-05-27,9,35.91
STORE_001,SKU10004,2025-05-28,11,43.89
STORE_001,SKU10004,2025-05-29,8,31.92
STORE_001,SKU10004,2025-05-30,8,31.92
STORE_001,SKU10004,2025-05-31,11,43.89
STORE_001,SKU10004,2025-06-01,9,35.91
STORE_001,SKU10004,2025-06-02,13,51.87
STORE_001,SKU10004,2025-06-04,9,35.91
STORE_001,SKU10004,2025-06-05,11,43.89
STORE_001,SKU10004,2025-06-06,8,31.92
STORE_001,SKU10004,2025-06-07,10,39.9
STORE_001,SKU10004,2025-06-08,8,31.92
STORE_001,SKU10004,2025-06-09,8,31.92
STORE_001,SKU10004,2025-06-10,5,19.95
STORE_001,SKU10004,2025-06-12,11,43.89
STORE_001,SKU10004,2025-06-13,10,39.9
STORE_001,SKU10004,2025-06-14,11,43.89
STORE_001,SKU10005,2025-04-20,6,26.94
STORE_001,SKU10005,2025-04-21,5,22.45
STORE_001,SKU10005,2025-04-23,4,17.96
STORE_001,SKU10005,2025-04-24,5,22.45
STORE_001,SKU10005,2025-04-25,6,26.94
STORE_001,SKU10005,2025-04-26,9,40.41
STORE_001,SKU10005,2025-04-27,9,40.41
STORE_001,SKU10005,2025-04-29,9,40.41
STORE_001,SKU10005,2025-04-30,7,31.43
STORE_001,SKU10005,2025-05-01,5,22.45
STORE_001,SKU10005,2025-05-02,4,17.96
STORE_001,SKU10005,2025-05-03,5,22.45
STORE_001,SKU10005,2025-05-04,9,40.41
STORE_001,SKU10005,2025-05-05,5,22.45
STORE_001,SKU10005,2025-05-06,6,26.94
STORE_001,SKU10005,2025-05-07,7,31.43
STORE_001,SKU10005,2025-05-08,5,22.45
STORE_001,SKU10005,2025-05-09,6,26.94
STORE_001,SKU10005,2025-05-10,6,26.94
STORE_001,SKU10005,2025-05-11,7,31.43
STORE_001,SKU10005,2025-05-12,8,35.92
STORE_001,SKU10005,2025-05-13,7,31.43
STORE_001,SKU10005,2025-05-14,8,35.92
STORE_001,SKU10005,2025-05-15,5,22.45
STORE_001,SKU10005,2025-05-16,8,35.92
STORE_001,SKU10005,2025-05-17,5,22.45
STORE_001,SKU10005,2025-05-18,8,35.92
STORE_001,SKU10005,2025-05-19,8,35.92
STORE_001,SKU10005,2025-05-20,4,17.96
STORE_001,SKU10005,2025-05-21,5,22.45
STORE_001,SKU10005,2025-05-22,7,31.43
STORE_001,SKU10005,2025-05-23,8,35.92
STORE_001,SKU10005,2025-05-24,7,31.43
STORE_001,SKU10005,2025-05-25,9,40.41
STORE_001,SKU10005,2025-05-26,9,40.41
STORE_001,SKU10005,2025-05-27,8,35.92
STORE_001,SKU10005,2025-05-28,6,26.94
STORE_001,SKU10005,2025-05-29,7,31.43
STORE_001,SKU10005,2025-05-30,5,22.45
STORE_001,SKU10005,2025-05-31,8,35.92
STORE_001,SKU10005,2025-06-01,7,31.43
STORE_001,SKU10005,2025-06-02,7,31.43
STORE_001,SKU10005,2025-06-03,6,26.94
STORE_001,SKU10005,2025-06-04,7,31.43
STORE_001,SKU10005,2025-06-05,6,26.94
STORE_001,SKU10005,2025-06-06,8,35.92
STORE_001,SKU10005,2025-06-07,7,31.43
STORE_001,SKU10005,2025-06-08,4,17.96
STORE_001,SKU10005,2025-06-09,5,22.45
STORE_001,SKU10005,2025-06-10,7,31.43
STORE_001,SKU10005,2025-06-11,10,44.9
STORE_001,SKU10005,2025-06-12,8,35.92
STORE_001,SKU10005,2025-06-13,3,13.47
STORE_001,SKU10005,2025-06-14,5,22.45
STORE_001,SKU10006,2025-04-20,8,47.92
STORE_001,SKU10006,2025-04-21,6,35.94
STORE_001,SKU10006,2025-04-22,9,53.91
STORE_001,SKU10006,2025-04-23,4,23.96
STORE_001,SKU10006,2025-04-24,4,23.96
STORE_001,SKU10006,2025-04-25,5,29.95
STORE_001,SKU10006,2025-04-26,5,29.95
STORE_001,SKU10006,2025-04-27,7,41.93
STORE_001,SKU10006,2025-04-29,4,23.96
STORE_001,SKU10006,2025-04-30,7,41.93
STORE_001,SKU10006,2025-05-01,4,23.96
STORE_001,SKU10006,2025-05-02,7,41.93
STORE_001,SKU10006,2025-05-03,7,41.93
STORE_001,SKU10006,2025-05-04,3,17.97
STORE_001,SKU10006,2025-05-05,6,35.94
STORE_001,SKU10006,2025-05-06,5,29.95
STORE_001,SKU10006,2025-05-07,6,35.94
STORE_001,SKU10006,2025-05-08,5,29.95
STORE_001,SKU10006,2025-05-09,9,53.91
STORE_001,SKU10006,2025-05-11,6,35.94
STORE_001,SKU10006,2025-05-12,6,35.94
STORE_001,SKU10006,2025-05-13,4,23.96
STORE_001,SKU10006,2025-05-14,6,35.94
STORE_001,SKU10006,2025-05-15,7,41.93
STORE_001,SKU10006,2025-05-16,4,23.96
STORE_001,SKU10006,2025-05-17,4,23.96
STORE_001,SKU10006,2025-05-18,6,35.94
STORE_001,SKU10006,2025-05-19,5,29.95
STORE_001,SKU10006,2025-05-20,7,41.93
STORE_001,SKU10006,2025-05-21,5,29.95
STORE_001,SKU10006,2025-05-22,4,23.96
STORE_001,SKU10006,2025-05-24,7,41.93
STORE_001,SKU10006,2025-05-25,2,11.98
STORE_001,SKU10006,2025-05-26,7,41.93
STORE_001,SKU10006,2025-05-27,4,23.96
STORE_001,SKU10006,2025-05-28,3,17.97
STORE_001,SKU10006,2025-05-29,5,29.95
STORE_001,SKU10006,2025-05-30,6,35.94
STORE_001,SKU10006,2025-05-31,6,35.94
STORE_001,SKU10006,2025-06-01,4,23.96
STORE_001,SKU10006,2025-06-02,6,35.94
STORE_001,SKU10006,2025-06-03,4,23.96
STORE_001,SKU10006,2025-06-04,5,29.95
STORE_001,SKU10006,2025-06-05,4,23.96
STORE_001,SKU10006,2025-06-06,5,29.95
STORE_001,SKU10006,2025-06-07,6,35.94
STORE_001,SKU10006,2025-06-08,6,35.94
STORE_001,SKU10006,2025-06-10,4,23.96
STORE_001,SKU10006,2025-06-11,5,29.95
STORE_001,SKU10006,2025-06-12,1,5.99
STORE_001,SKU10006,2025-06-13,7,41.93
STORE_001,SKU10006,2025-06-14,5,29.95
STORE_001,SKU10007,2025-04-20,13,55.77
STORE_001,SKU10007,2025-04-21,9,38.61
STORE_001,SKU10007,2025-04-22,10,42.9
STORE_001,SKU10007,2025-04-23,14,60.06
STORE_001,SKU10007,2025-04-25,15,64.35
STORE_001,SKU10007,2025-04-26,14,60.06
STORE_001,SKU10007,2025-04-27,14,60.06
STORE_001,SKU10007,2025-04-28,11,47.19
STORE_001,SKU10007,2025-04-29,12,51.48
STORE_001,SKU10007,2025-04-30,13,55.77
STORE_001,SKU10007,2025-05-01,13,55.77
STORE_001,SKU10007,2025-05-02,10,42.9
STORE_001,SKU10007,2025-05-03,12,51.48
STORE_001,SKU10007,2025-05-05,13,55.77
STORE_001,SKU10007,2025-05-06,9,38.61
STORE_001,SKU10007,2025-05-07,11,47.19
STORE_001,SKU10007,2025-05-08,15,64.35
STORE_001,SKU10007,2025-05-09,8,34.32
STORE_001,SKU10007,2025-05-10,16,68.64
STORE_001,SKU10007,2025-05-11,9,38.61
STORE_001,SKU10007,2025-05-12,16,68.64
STORE_001,SKU10007,2025-05-13,11,47.19
STORE_001,SKU10007,2025-05-14,13,55.77
STORE_001,SKU10007,2025-05-15,12,51.48
STORE_001,SKU10007,2025-05-16,12,51.48
STORE_001,SKU10007,2025-05-18,19,81.51
STORE_001,SKU10007,2025-05-19,14,60.06
STORE_001,SKU10007,2025-05-20,9,38.61
STORE_001,SKU10007,2025-05-21,12,51.48
STORE_001,SKU10007,2025-05-23,13,55.77
STORE_001,SKU10007,2025-05-24,12,51.48
STORE_001,SKU10007,2025-05-25,17,72.93
STORE_001,SKU10007,2025-05-26,13,55.77
STORE_001,SKU10007,2025-05-28,16,68.64
STORE_001,SKU10007,2025-05-29,16,68.64
STORE_001,SKU10007,2025-05-30,12,51.48
STORE_001,SKU10007,2025-05-31,16,68.64
STORE_001,SKU10007,2025-06-01,13,55.77
STORE_001,SKU10007,2025-06-02,13,55.77
STORE_001,SKU10007,2025-06-03,8,34.32
STORE_001,SKU10007,2025-06-04,10,42.9
STORE_001,SKU10007,2025-06-05,14,60.06
STORE_001,SKU10007,2025-06-06,8,34.32
STORE_001,SKU10007,2025-06-07,14,60.06
STORE_001,SKU10007,2025-06-08,14,60.06
STORE_001,SKU10007,2025-06-10,11,47.19
STORE_001,SKU10007,2025-06-11,12,51.48
STORE_001,SKU10007,2025-06-12,15,64.35
STORE_001,SKU10007,2025-06-13,10,42.9
STORE_001,SKU10007,2025-06-14,14,60.06
STORE_001,SKU10008,2025-04-20,22,65.78
STORE_001,SKU10008,2025-04-21,17,50.83
STORE_001,SKU10008,2025-04-22,13,38.87
STORE_001,SKU10008,2025-04-23,17,50.83
STORE_001,SKU10008,2025-04-24,11,32.89
STORE_001,SKU10008,2025-04-25,15,44.85
STORE_001,SKU10008,2025-04-26,19,56.81
STORE_001,SKU10008,2025-04-27,18,53.82
STORE_001,SKU10008,2025-04-28,17,50.83
STORE_001,SKU10008,2025-04-29,17,50.83
STORE_001,SKU10008,2025-04-30,16,47.84
STORE_001,SKU10008,2025-05-01,16,47.84
STORE_001,SKU10008,2025-05-02,15,44.85
STORE_001,SKU10008,2025-05-03,14,41.86
STORE_001,SKU10008,2025-05-04,20,59.8
STORE_001,SKU10008,2025-05-05,15,44.85
STORE_001,SKU10008,2025-05-06,17,50.83
STORE_001,SKU10008,2025-05-07,17,50.83
STORE_001,SKU10008,2025-05-09,14,41.86
STORE_001,SKU10008,2025-05-10,14,41.86
STORE_001,SKU10008,2025-05-11,21,62.79
STORE_001,SKU10008,2025-05-12,16,47.84
STORE_001,SKU10008,2025-05-13,10,29.9
STORE_001,SKU10008,2025-05-14,17,50.83
STORE_001,SKU10008,2025-05-15,16,47.84
STORE_001,SKU10008,2025-05-16,17,50.83
STORE_001,SKU10008,2025-05-17,17,50.83
STORE_001,SKU10008,2025-05-18,21,62.79
STORE_001,SKU10008,2025-05-19,13,38.87
STORE_001,SKU10008,2025-05-20,17,50.83
STORE_001,SKU10008,2025-05-21,16,47.84
STORE_001,SKU10008,2025-05-22,10,29.9
STORE_001,SKU10008,2025-05-23,10,29.9
STORE_001,SKU10008,2025-05-24,16,47.84
STORE_001,SKU10008,2025-05-25,15,44.85
STORE_001,SKU10008,2025-05-26,10,29.9
STORE_001,SKU10008,2025-05-27,12,35.88
STORE_001,SKU10008,2025-05-28,14,41.86
STORE_001,SKU10008,2025-05-29,13,38.87
STORE_001,SKU10008,2025-05-30,21,62.79
STORE_001,SKU10008,2025-05-31,15,44.85
STORE_001,SKU10008,2025-06-01,20,59.8
STORE_001,SKU10008,2025-06-02,19,56.81
STORE_001,SKU10008,2025-06-03,14,41.86
STORE_001,SKU10008,2025-06-04,13,38.87
STORE_001,SKU10008,2025-06-05,14,41.86
STORE_001,SKU10008,2025-06-06,14,41.86
STORE_001,SKU10008,2025-06-07,16,47.84
STORE_001,SKU10008,2025-06-08,14,41.86
STORE_001,SKU10008,2025-06-09,16,47.84
STORE_001,SKU10008,2025-06-10,14,41.86
STORE_001,SKU10008,2025-06-11,21,62.79
STORE_001,SKU10008,2025-06-12,17,50.83
STORE_001,SKU10008,2025-06-13,14,41.86
STORE_001,SKU10008,2025-06-14,19,56.81
STORE_001,SKU10009,2025-04-20,14,48.86
STORE_001,SKU10009,2025-04-21,13,45.37
STORE_001,SKU10009,2025-04-22,7,24.43
STORE_001,SKU10009,2025-04-23,8,27.92
STORE_001,SKU10009,2025-04-24,9,31.41
STORE_001,SKU10009,2025-04-25,11,38.39
STORE_001,SKU10009,2025-04-26,4,13.96
STORE_001,SKU10009,2025-04-27,10,34.9
STORE_001,SKU10009,2025-04-28,14,48.86
STORE_001,SKU10009,2025-04-29,8,27.92
STORE_001,SKU10009,2025-04-30,11,38.39
STORE_001,SKU10009,2025-05-01,11,38.39
STORE_001,SKU10009,2025-05-02,12,41.88
STORE_001,SKU10009,2025-05-03,14,48.86
STORE_001,SKU10009,2025-05-04,15,52.35
STORE_001,SKU10009,2025-05-05,14,48.86
STORE_001,SKU10009,2025-05-06,10,34.9
STORE_001,SKU10009,2025-05-07,9,31.41
STORE_001,SKU10009,2025-05-08,12,41.88
STORE_001,SKU10009,2025-05-09,12,41.88
STORE_001,SKU10009,2025-05-11,13,45.37
STORE_001,SKU10009,2025-05-12,11,38.39
STORE_001,SKU10009,2025-05-13,12,41.88
STORE_001,SKU10009,2025-05-14,16,55.84
STORE_001,SKU10009,2025-05-15,11,38.39
STORE_001,SKU10009,2025-05-16,14,48.86
STORE_001,SKU10009,2025-05-17,14,48.86
STORE_001,SKU10009,2025-05-18,13,45.37
STORE_001,SKU10009,2025-05-19,10,34.9
STORE_001,SKU10009,2025-05-20,11,38.39
STORE_001,SKU10009,2025-05-21,11,38.39
STORE_001,SKU10009,2025-05-22,9,31.41
STORE_001,SKU10009,2025-05-23,9,31.41
STORE_001,SKU10009,2025-05-24,13,45.37
STORE_001,SKU10009,2025-05-27,14,48.86
STORE_001,SKU10009,2025-05-28,11,38.39
STORE_001,SKU10009,2025-05-29,7,24.43
STORE_001,SKU10009,2025-05-30,6,20.94
STORE_001,SKU10009,2025-05-31,10,34.9
STORE_001,SKU10009,2025-06-01,14,48.86
STORE_001,SKU10009,2025-06-02,8,27.92
STORE_001,SKU10009,2025-06-03,13,45.37
STORE_001,SKU10009,2025-06-04,12,41.88
STORE_001,SKU10009,2025-06-05,10,34.9
STORE_001,SKU10009,2025-06-06,7,24.43
STORE_001,SKU10009,2025-06-07,11,38.39
STORE_001,SKU10009,2025-06-08,12,41.88
STORE_001,SKU10009,2025-06-09,12,41.88
STORE_001,SKU10009,2025-06-11,13,45.37
STORE_001,SKU10009,2025-06-12,10,34.9
STORE_001,SKU10009,2025-06-13,11,38.39
STORE_001,SKU10009,2025-06-14,12,41.88
STORE_001,SKU20000,2025-04-20,15,56.85
STORE_001,SKU20000,2025-04-21,13,49.27
STORE_001,SKU20000,2025-04-22,15,56.85
STORE_001,SKU20000,2025-04-23,13,49.27
STORE_001,SKU20000,2025-04-24,13,49.27
STORE_001,SKU20000,2025-04-25,11,41.69
STORE_001,SKU20000,2025-04-26,13,49.27
STORE_001,SKU20000,2025-04-27,14,53.06
STORE_001,SKU20000,2025-04-28,11,41.69
STORE_001,SKU20000,2025-04-29,14,53.06
STORE_001,SKU20000,2025-05-01,11,41.69
STORE_001,SKU20000,2025-05-02,7,26.53
STORE_001,SKU20000,2025-05-03,16,60.64
STORE_001,SKU20000,2025-05-04,15,56.85
STORE_001,SKU20000,2025-05-05,10,37.9
STORE_001,SKU20000,2025-05-06,12,45.48
STORE_001,SKU20000,2025-05-07,12,45.48
STORE_001,SKU20000,2025-05-08,10,37.9
STORE_001,SKU20000,2025-05-09,12,45.48
STORE_001,SKU20000,2025-05-10,14,53.06
STORE_001,SKU20000,2025-05-11,13,49.27
STORE_001,SKU20000,2025-05-12,11,41.69
STORE_001,SKU20000,2025-05-13,10,37.9
STORE_001,SKU20000,2025-05-14,12,45.48
STORE_001,SKU20000,2025-05-15,11,41.69
STORE_001,SKU20000,2025-05-16,13,49.27
STORE_001,SKU20000,2025-05-17,17,64.43
STORE_001,SKU20000,2025-05-18,16,60.64
STORE_001,SKU20000,2025-05-19,12,45.48
STORE_001,SKU20000,2025-05-20,11,41.69
STORE_001,SKU20000,2025-05-21,14,53.06
STORE_001,SKU20000,2025-05-22,13,49.27
STORE_001,SKU20000,2025-05-23,15,56.85
STORE_001,SKU20000,2025-05-24,14,53.06
STORE_001,SKU20000,2025-05-25,17,64.43
STORE_001,SKU20000,2025-05-26,12,45.48
STORE_001,SKU20000,2025-05-27,11,41.69
STORE_001,SKU20000,2025-05-28,11,41.69
STORE_001,SKU20000,2025-05-29,13,49.27
STORE_001,SKU20000,2025-05-30,11,41.69
STORE_001,SKU20000,2025-05-31,17,64.43
STORE_001,SKU20000,2025-06-01,15,56.85
STORE_001,SKU20000,2025-06-02,12,45.48
STORE_001,SKU20000,2025-06-03,12,45.48
STORE_001,SKU20000,2025-06-04,12,45.48
STORE_001,SKU20000,2025-06-05,9,34.11
STORE_001,SKU20000,2025-06-06,11,41.69
STORE_001,SKU20000,2025-06-07,17,64.43
STORE_001,SKU20000,2025-06-08,14,53.06
STORE_001,SKU20000,2025-06-09,14,53.06
STORE_001,SKU20000,2025-06-10,14,53.06
STORE_001,SKU20000,2025-06-11,12,45.48
STORE_001,SKU20000,2025-06-12,13,49.27
STORE_001,SKU20000,2025-06-13,9,34.11
STORE_001,SKU20000,2025-06-14,17,64.43
STORE_001,SKU20001,2025-04-20,23,87.17
STORE_001,SKU20001,2025-04-21,18,68.22
STORE_001,SKU20001,2025-04-22,17,64.43
STORE_001,SKU20001,2025-04-23,16,60.64
STORE_001,SKU20001,2025-04-24,20,75.8
STORE_001,SKU20001,2025-04-25,19,72.01
STORE_001,SKU20001,2025-04-26,11,41.69
STORE_001,SKU20001,2025-04-27,18,68.22
STORE_001,SKU20001,2025-04-28,13,49.27
STORE_001,SKU20001,2025-04-29,13,49.27
STORE_001,SKU20001,2025-04-30,20,75.8
STORE_001,SKU20001,2025-05-01,16,60.64
STORE_001,SKU20001,2025-05-02,18,68.22
STORE_001,SKU20001,2025-05-03,19,72.01
STORE_001,SKU20001,2025-05-04,15,56.85
STORE_001,SKU20001,2025-05-05,12,45.48
STORE_001,SKU20001,2025-05-06,15,56.85
STORE_001,SKU20001,2025-05-07,15,56.85
STORE_001,SKU20001,2025-05-08,15,56.85
STORE_001,SKU20001,2025-05-09,15,56.85
STORE_001,SKU20001,2025-05-10,25,94.75
STORE_001,SKU20001,2025-05-11,22,83.38
STORE_001,SKU20001,2025-05-12,17,64.43
STORE_001,SKU20001,2025-05-13,16,60.64
STORE_001,SKU20001,2025-05-14,16,60.64
STORE_001,SKU20001,2025-05-15,18,68.22
STORE_001,SKU20001,2025-05-16,16,60.64
STORE_001,SKU20001,2025-05-17,21,79.59
STORE_001,SKU20001,2025-05-18,20,75.8
STORE_001,SKU20001,2025-05-19,22,83.38
STORE_001,SKU20001,2025-05-20,16,60.64
STORE_001,SKU20001,2025-05-21,20,75.8
STORE_001,SKU20001,2025-05-22,13,49.27
STORE_001,SKU20001,2025-05-23,14,53.06
STORE_001,SKU20001,2025-05-24,24,90.96
STORE_001,SKU20001,2025-05-25,21,79.59
STORE_001,SKU20001,2025-05-26,18,68.22
STORE_001,SKU20001,2025-05-27,23,87.17
STORE_001,SKU20001,2025-05-28,16,60.64
STORE_001,SKU20001,2025-05-29,20,75.8
STORE_001,SKU20001,2025-05-30,20,75.8
STORE_001,SKU20001,2025-05-31,24,90.96
STORE_001,SKU20001,2025-06-01,15,56.85
STORE_001,SKU20001,2025-06-02,16,60.64
STORE_001,SKU20001,2025-06-03,17,64.43
STORE_001,SKU20001,2025-06-04,21,79.59
STORE_001,SKU20001,2025-06-05,18,68.22
STORE_001,SKU20001,2025-06-06,20,75.8
STORE_001,SKU20001,2025-06-07,15,56.85
STORE_001,SKU20001,2025-06-08,18,68.22
STORE_001,SKU20001,2025-06-09,20,75.8
STORE_001,SKU20001,2025-06-10,16,60.64
STORE_001,SKU20001,2025-06-11,16,60.64
STORE_001,SKU20001,2025-06-12,21,79.59
STORE_001,SKU20001,2025-06-13,14,53.06
STORE_001,SKU20001,2025-06-14,17,64.43
STORE_001,SKU20002,2025-04-20,7,41.93
STORE_001,SKU20002,2025-04-22,10,59.9
STORE_001,SKU20002,2025-04-23,11,65.89
STORE_001,SKU20002,2025-04-24,8,47.92
STORE_001,SKU20002,2025-04-25,10,59.9
STORE_001,SKU20002,2025-04-27,7,41.93
STORE_001,SKU20002,2025-04-28,5,29.95
STORE_001,SKU20002,2025-04-29,11,65.89
STORE_001,SKU20002,2025-04-30,9,53.91
STORE_001,SKU20002,2025-05-01,9,53.91
STORE_001,SKU20002,2025-05-02,8,47.92
STORE_001,SKU20002,2025-05-03,8,47.92
STORE_001,SKU20002,2025-05-04,9,53.91
STORE_001,SKU20002,2025-05-05,6,35.94
STORE_001,SKU20002,2025-05-06,6,35.94
STORE_001,SKU20002,2025-05-07,10,59.9
STORE_001,SKU20002,2025-05-08,5,29.95
STORE_001,SKU20002,2025-05-09,6,35.94
STORE_001,SKU20002,2025-05-10,9,53.91
STORE_001,SKU20002,2025-05-11,9,53.91
STORE_001,SKU20002,2025-05-12,5,29.95
STORE_001,SKU20002,2025-05-13,5,29.95
STORE_001,SKU20002,2025-05-14,9,53.91
STORE_001,SKU20002,2025-05-15,8,47.92
STORE_001,SKU20002,2025-05-17,12,71.88
STORE_001,SKU20002,2025-05-18,11,65.89
STORE_001,SKU20002,2025-05-19,9,53.91
STORE_001,SKU20002,2025-05-20,9,53.91
STORE_001,SKU20002,2025-05-21,5,29.95
STORE_001,SKU20002,2025-05-22,7,41.93
STORE_001,SKU20002,2025-05-23,9,53.91
STORE_001,SKU20002,2025-05-24,11,65.89
STORE_001,SKU20002,2025-05-25,8,47.92
STORE_001,SKU20002,2025-05-26,8,47.92
STORE_001,SKU20002,2025-05-27,6,35.94
STORE_001,SKU20002,2025-05-28,9,53.91
STORE_001,SKU20002,2025-05-29,7,41.93
STORE_001,SKU20002,2025-05-30,10,59.9
STORE_001,SKU20002,2025-05-31,12,71.88
STORE_001,SKU20002,2025-06-01,12,71.88
STORE_001,SKU20002,2025-06-02,5,29.95
STORE_001,SKU20002,2025-06-03,9,53.91
STORE_001,SKU20002,2025-06-04,6,35.94
STORE_001,SKU20002,2025-06-05,10,59.9
STORE_001,SKU20002,2025-06-06,10,59.9
STORE_001,SKU20002,2025-06-07,10,59.9
STORE_001,SKU20002,2025-06-08,8,47.92
STORE_001,SKU20002,2025-06-09,6,35.94
STORE_001,SKU20002,2025-06-10,7,41.93
STORE_001,SKU20002,2025-06-12,8,47.92
STORE_001,SKU20002,2025-06-13,5,29.95
STORE_001,SKU20002,2025-06-14,5,29.95
STORE_001,SKU20003,2025-04-20,6,29.94
STORE_001,SKU20003,2025-04-21,7,34.93
STORE_001,SKU20003,2025-04-22,6,29.94
STORE_001,SKU20003,2025-04-24,4,19.96
STORE_001,SKU20003,2025-04-25,6,29.94
STORE_001,SKU20003,2025-04-27,5,24.95
STORE_001,SKU20003,2025-04-28,7,34.93
STORE_001,SKU20003,2025-04-29,4,19.96
STORE_001,SKU20003,2025-04-30,5,24.95
STORE_001,SKU20003,2025-05-01,7,34.93
STORE_001,SKU20003,2025-05-02,5,24.95
STORE_001,SKU20003,2025-05-03,6,29.94
STORE_001,SKU20003,2025-05-04,6,29.94
STORE_001,SKU20003,2025-05-05,6,29.94
STORE_001,SKU20003,2025-05-07,6,29.94
STORE_001,SKU20003,2025-05-08,4,19.96
STORE_001,SKU20003,2025-05-09,5,24.95
STORE_001,SKU20003,2025-05-10,5,24.95
STORE_001,SKU20003,2025-05-11,4,19.96
STORE_001,SKU20003,2025-05-12,6,29.94
STORE_001,SKU20003,2025-05-13,5,24.95
STORE_001,SKU20003,2025-05-14,5,24.95
STORE_001,SKU20003,2025-05-15,6,29.94
STORE_001,SKU20003,2025-05-17,7,34.93
STORE_001,SKU20003,2025-05-18,6,29.94
STORE_001,SKU20003,2025-05-19,4,19.96
STORE_001,SKU20003,2025-05-21,6,29.94
STORE_001,SKU20003,2025-05-22,4,19.96
STORE_001,SKU20003,2025-05-23,7,34.93
STORE_001,SKU20003,2025-05-24,6,29.94
STORE_001,SKU20003,2025-05-25,6,29.94
STORE_001,SKU20003,2025-05-26,9,44.91
STORE_001,SKU20003,2025-05-27,5,24.95
STORE_001,SKU20003,2025-05-28,2,9.98
STORE_001,SKU20003,2025-05-29,5,24.95
STORE_001,SKU20003,2025-05-30,6,29.94
STORE_001,SKU20003,2025-05-31,6,29.94
STORE_001,SKU20003,2025-06-01,2,9.98
STORE_001,SKU20003,2025-06-03,6,29.94
STORE_001,SKU20003,2025-06-04,7,34.93
STORE_001,SKU20003,2025-06-05,7,34.93
STORE_001,SKU20003,2025-06-07,5,24.95
STORE_001,SKU20003,2025-06-08,6,29.94
STORE_001,SKU20003,2025-06-10,4,19.96
STORE_001,SKU20003,2025-06-11,5,24.95
STORE_001,SKU20003,2025-06-13,3,14.97
STORE_001,SKU20003,2025-06-14,7,34.93
STORE_001,SKU20004,2025-04-20,9,38.61
STORE_001,SKU20004,2025-04-21,9,38.61
STORE_001,SKU20004,2025-04-22,8,34.32
STORE_001,SKU20004,2025-04-23,7,30.03
STORE_001,SKU20004,2025-04-24,11,47.19
STORE_001,SKU20004,2025-04-26,12,51.48
STORE_001,SKU20004,2025-04-27,10,42.9
STORE_001,SKU20004,2025-04-28,10,42.9
STORE_001,SKU20004,2025-04-29,9,38.61
STORE_001,SKU20004,2025-04-30,10,42.9
STORE_001,SKU20004,2025-05-01,12,51.48
STORE_001,SKU20004,2025-05-02,9,38.61
STORE_001,SKU20004,2025-05-03,10,42.9
STORE_001,SKU20004,2025-05-04,9,38.61
STORE_001,SKU20004,2025-05-05,7,30.03
STORE_001,SKU20004,2025-05-06,6,25.74
STORE_001,SKU20004,2025-05-07,8,34.32
STORE_001,SKU20004,2025-05-08,11,47.19
STORE_001,SKU20004,2025-05-09,11,47.19
STORE_001,SKU20004,2025-05-11,10,42.9
STORE_001,SKU20004,2025-05-12,12,51.48
STORE_001,SKU20004,2025-05-13,12,51.48
STORE_001,SKU20004,2025-05-14,8,34.32
STORE_001,SKU20004,2025-05-15,10,42.9
STORE_001,SKU20004,2025-05-16,9,38.61
STORE_001,SKU20004,2025-05-17,14,60.06
STORE_001,SKU20004,2025-05-19,9,38.61
STORE_001,SKU20004,2025-05-20,10,42.9
STORE_001,SKU20004,2025-05-22,8,34.32
STORE_001,SKU20004,2025-05-23,12,51.48
STORE_001,SKU20004,2025-05-24,12,51.48
STORE_001,SKU20004,2025-05-25,13,55.77
STORE_001,SKU20004,2025-05-26,10,42.9
STORE_001,SKU20004,2025-05-27,8,34.32
STORE_001,SKU20004,2025-05-28,11,47.19
STORE_001,SKU20004,2025-05-29,12,51.48
STORE_001,SKU20004,2025-05-30,10,42.9
STORE_001,SKU20004,2025-05-31,9,38.61
STORE_001,SKU20004,2025-06-01,10,42.9
STORE_001,SKU20004,2025-06-02,9,38.61
STORE_001,SKU20004,2025-06-03,12,51.48
STORE_001,SKU20004,2025-06-04,13,55.77
STORE_001,SKU20004,2025-06-05,8,34.32
STORE_001,SKU20004,2025-06-06,10,42.9
STORE_001,SKU20004,2025-06-07,10,42.9
STORE_001,SKU20004,2025-06-08,8,34.32
STORE_001,SKU20004,2025-06-09,10,42.9
STORE_001,SKU20004,2025-06-10,10,42.9
STORE_001,SKU20004,2025-06-11,10,42.9
STORE_001,SKU20004,2025-06-12,9,38.61
STORE_001,SKU20004,2025-06-13,10,42.9
STORE_001,SKU20004,2025-06-14,11,47.19
STORE_001,SKU20005,2025-04-20,26,103.74
STORE_001,SKU20005,2025-04-21,18,71.82
STORE_001,SKU20005,2025-04-22,23,91.77
STORE_001,SKU20005,2025-04-23,23,91.77
STORE_001,SKU20005,2025-04-24,22,87.78
STORE_001,SKU20005,2025-04-25,21,83.79
STORE_001,SKU20005,2025-04-26,23,91.77
STORE_001,SKU20005,2025-04-27,23,91.77
STORE_001,SKU20005,2025-04-28,21,83.79
STORE_001,SKU20005,2025-04-29,16,63.84
STORE_001,SKU20005,2025-04-30,28,111.72
STORE_001,SKU20005,2025-05-01,24,95.76
STORE_001,SKU20005,2025-05-02,26,103.74
STORE_001,SKU20005,2025-05-03,26,103.74
STORE_001,SKU20005,2025-05-04,22,87.78
STORE_001,SKU20005,2025-05-05,22,87.78
STORE_001,SKU20005,2025-05-07,20,79.8
STORE_001,SKU20005,2025-05-08,18,71.82
STORE_001,SKU20005,2025-05-09,26,103.74
STORE_001,SKU20005,2025-05-10,25,99.75
STORE_001,SKU20005,2025-05-11,27,107.73
STORE_001,SKU20005,2025-05-12,19,75.81
STORE_001,SKU20005,2025-05-14,16,63.84
STORE_001,SKU20005,2025-05-15,17,67.83
STORE_001,SKU20005,2025-05-16,18,71.82
STORE_001,SKU20005,2025-05-17,17,67.83
STORE_001,SKU20005,2025-05-18,18,71.82
STORE_001,SKU20005,2025-05-19,25,99.75
STORE_001,SKU20005,2025-05-20,24,95.76
STORE_001,SKU20005,2025-05-21,19,75.81
STORE_001,SKU20005,2025-05-22,28,111.72
STORE_001,SKU20005,2025-05-23,20,79.8
STORE_001,SKU20005,2025-05-24,30,119.7
STORE_001,SKU20005,2025-05-25,30,119.7
STORE_001,SKU20005,2025-05-26,19,75.81
STORE_001,SKU20005,2025-05-27,23,91.77
STORE_001,SKU20005,2025-05-28,24,95.76
STORE_001,SKU20005,2025-05-29,18,71.82
STORE_001,SKU20005,2025-05-30,12,47.88
STORE_001,SKU20005,2025-05-31,26,103.74
STORE_001,SKU20005,2025-06-01,21,83.79
STORE_001,SKU20005,2025-06-02,20,79.8
STORE_001,SKU20005,2025-06-03,21,83.79
STORE_001,SKU20005,2025-06-04,22,87.78
STORE_001,SKU20005,2025-06-05,19,75.81
STORE_001,SKU20005,2025-06-06,21,83.79
STORE_001,SKU20005,2025-06-07,27,107.73
STORE_001,SKU20005,2025-06-08,17,67.83
STORE_001,SKU20005,2025-06-09,16,63.84
STORE_001,SKU20005,2025-06-10,17,67.83
STORE_001,SKU20005,2025-06-11,19,75.81
STORE_001,SKU20005,2025-06-12,23,91.77
STORE_001,SKU20005,2025-06-13,24,95.76
STORE_001,SKU20005,2025-06-14,23,91.77
STORE_001,SKU20006,2025-04-20,7,20.93
STORE_001,SKU20006,2025-04-21,9,26.91
STORE_001,SKU20006,2025-04-22,7,20.93
STORE_001,SKU20006,2025-04-23,6,17.94
STORE_001,SKU20006,2025-04-24,8,23.92
STORE_001,SKU20006,2025-04-25,8,23.92
STORE_001,SKU20006,2025-04-26,8,23.92
STORE_001,SKU20006,2025-04-27,7,20.93
STORE_001,SKU20006,2025-04-28,5,14.95
STORE_001,SKU20006,2025-04-29,5,14.95
STORE_001,SKU20006,2025-04-30,5,14.95
STORE_001,SKU20006,2025-05-01,5,14.95
STORE_001,SKU20006,2025-05-02,6,17.94
STORE_001,SKU20006,2025-05-04,8,23.92
STORE_001,SKU20006,2025-05-05,2,5.98
STORE_001,SKU20006,2025-05-06,8,23.92
STORE_001,SKU20006,2025-05-07,7,20.93
STORE_001,SKU20006,2025-05-08,7,20.93
STORE_001,SKU20006,2025-05-10,9,26.91
STORE_001,SKU20006,2025-05-11,6,17.94
STORE_001,SKU20006,2025-05-12,5,14.95
STORE_001,SKU20006,2025-05-13,7,20.93
STORE_001,SKU20006,2025-05-14,7,20.93
STORE_001,SKU20006,2025-05-15,7,20.93
STORE_001,SKU20006,2025-05-16,6,17.94
STORE_001,SKU20006,2025-05-17,7,20.93
STORE_001,SKU20006,2025-05-18,9,26.91
STORE_001,SKU20006,2025-05-19,11,32.89
STORE_001,SKU20006,2025-05-20,6,17.94
STORE_001,SKU20006,2025-05-21,7,20.93
STORE_001,SKU20006,2025-05-22,6,17.94
STORE_001,SKU20006,2025-05-23,5,14.95
STORE_001,SKU20006,2025-05-24,7,20.93
STORE_001,SKU20006,2025-05-25,11,32.89
STORE_001,SKU20006,2025-05-26,5,14.95
STORE_001,SKU20006,2025-05-27,7,20.93
STORE_001,SKU20006,2025-05-28,5,14.95
STORE_001,SKU20006,2025-05-29,6,17.94
STORE_001,SKU20006,2025-05-30,5,14.95
STORE_001,SKU20006,2025-05-31,7,20.93
STORE_001,SKU20006,2025-06-01,5,14.95
STORE_001,SKU20006,2025-06-02,7,20.93
STORE_001,SKU20006,2025-06-03,6,17.94
STORE_001,SKU20006,2025-06-04,7,20.93
STORE_001,SKU20006,2025-06-05,6,17.94
STORE_001,SKU20006,2025-06-06,5,14.95
STORE_001,SKU20006,2025-06-07,6,17.94
STORE_001,SKU20006,2025-06-08,8,23.92
STORE_001,SKU20006,2025-06-09,9,26.91
STORE_001,SKU20006,2025-06-10,6,17.94
STORE_001,SKU20006,2025-06-11,3,8.97
STORE_001,SKU20006,2025-06-12,7,20.93
STORE_001,SKU20006,2025-06-13,9,26.91
STORE_001,SKU20006,2025-06-14,8,23.92
STORE_001,SKU20007,2025-04-20,7,24.43
STORE_001,SKU20007,2025-04-21,8,27.92
STORE_001,SKU20007,2025-04-22,9,31.41
STORE_001,SKU20007,2025-04-23,7,24.43
STORE_001,SKU20007,2025-04-24,7,24.43
STORE_001,SKU20007,2025-04-25,7,24.43
STORE_001,SKU20007,2025-04-26,9,31.41
STORE_001,SKU20007,2025-04-27,7,24.43
STORE_001,SKU20007,2025-04-29,8,27.92
STORE_001,SKU20007,2025-04-30,10,34.9
STORE_001,SKU20007,2025-05-01,6,20.94
STORE_001,SKU20007,2025-05-02,9,31.41
STORE_001,SKU20007,2025-05-03,11,38.39
STORE_001,SKU20007,2025-05-04,14,48.86
STORE_001,SKU20007,2025-05-05,8,27.92
STORE_001,SKU20007,2025-05-06,7,24.43
STORE_001,SKU20007,2025-05-07,8,27.92
STORE_001,SKU20007,2025-05-08,10,34.9
STORE_001,SKU20007,2025-05-09,10,34.9
STORE_001,SKU20007,2025-05-10,9,31.41
STORE_001,SKU20007,2025-05-11,11,38.39
STORE_001,SKU20007,2025-05-12,8,27.92
STORE_001,SKU20007,2025-05-13,9,31.41
STORE_001,SKU20007,2025-05-14,9,31.41
STORE_001,SKU20007,2025-05-15,7,24.43
STORE_001,SKU20007,2025-05-16,6,20.94
STORE_001,SKU20007,2025-05-17,11,38.39
STORE_001,SKU20007,2025-05-18,12,41.88
STORE_001,SKU20007,2025-05-19,9,31.41
STORE_001,SKU20007,2025-05-20,8,27.92
STORE_001,SKU20007,2025-05-21,6,20.94
STORE_001,SKU20007,2025-05-22,10,34.9
STORE_001,SKU20007,2025-05-24,8,27.92
STORE_001,SKU20007,2025-05-25,10,34.9
STORE_001,SKU20007,2025-05-26,10,34.9
STORE_001,SKU20007,2025-05-27,10,34.9
STORE_001,SKU20007,2025-05-28,10,34.9
STORE_001,SKU20007,2025-05-29,6,20.94
STORE_001,SKU20007,2025-05-30,9,31.41
STORE_001,SKU20007,2025-05-31,10,34.9
STORE_001,SKU20007,2025-06-01,10,34.9
STORE_001,SKU20007,2025-06-02,9,31.41
STORE_001,SKU20007,2025-06-03,5,17.45
STORE_001,SKU20007,2025-06-04,4,13.96
STORE_001,SKU20007,2025-06-05,8,27.92
STORE_001,SKU20007,2025-06-06,8,27.92
STORE_001,SKU20007,2025-06-07,9,31.41
STORE_001,SKU20007,2025-06-08,10,34.9
STORE_001,SKU20007,2025-06-09,8,27.92
STORE_001,SKU20007,2025-06-10,8,27.92
STORE_001,SKU20007,2025-06-12,6,20.94
STORE_001,SKU20007,2025-06-13,10,34.9
STORE_001,SKU20007,2025-06-14,10,34.9
STORE_001,SKU30000,2025-04-23,3,38.97
STORE_001,SKU30000,2025-04-26,1,12.99
STORE_001,SKU30000,2025-04-28,2,25.98
STORE_001,SKU30000,2025-04-29,2,25.98
STORE_001,SKU30000,2025-04-30,2,25.98
STORE_001,SKU30000,2025-05-02,1,12.99
STORE_001,SKU30000,2025-05-03,1,12.99
STORE_001,SKU30000,2025-05-05,2,25.98
STORE_001,SKU30000,2025-05-06,1,12.99
STORE_001,SKU30000,2025-05-07,2,25.98
STORE_001,SKU30000,2025-05-08,2,25.98
STORE_001,SKU30000,2025-05-09,3,38.97
STORE_001,SKU30000,2025-05-11,2,25.98
STORE_001,SKU30000,2025-05-12,2,25.98
STORE_001,SKU30000,2025-05-13,2,25.98
STORE_001,SKU30000,2025-05-14,2,25.98
STORE_001,SKU30000,2025-05-15,1,12.99
STORE_001,SKU30000,2025-05-18,2,25.98
STORE_001,SKU30000,2025-05-19,1,12.99
STORE_001,SKU30000,2025-05-20,3,38.97
STORE_001,SKU30000,2025-05-23,1,12.99
STORE_001,SKU30000,2025-05-24,1,12.99
STORE_001,SKU30000,2025-05-29,1,12.99
STORE_001,SKU30000,2025-05-30,1,12.99
STORE_001,SKU30000,2025-06-01,2,25.98
STORE_001,SKU30000,2025-06-02,1,12.99
STORE_001,SKU30000,2025-06-05,1,12.99
STORE_001,SKU30000,2025-06-06,3,38.97
STORE_001,SKU30000,2025-06-07,1,12.99
STORE_001,SKU30000,2025-06-13,2,25.98
STORE_001,SKU30000,2025-06-14,1,12.99
STORE_001,SKU30001,2025-04-20,5,44.95
STORE_001,SKU30001,2025-04-22,3,26.97
STORE_001,SKU30001,2025-04-23,5,44.95
STORE_001,SKU30001,2025-04-24,3,26.97
STORE_001,SKU30001,2025-04-25,4,35.96
STORE_001,SKU30001,2025-04-26,6,53.94
STORE_001,SKU30001,2025-04-27,5,44.95
STORE_001,SKU30001,2025-04-28,6,53.94
STORE_001,SKU30001,2025-04-30,2,17.98
STORE_001,SKU30001,2025-05-01,6,53.94
STORE_001,SKU30001,2025-05-02,5,44.95
STORE_001,SKU30001,2025-05-04,5,44.95
STORE_001,SKU30001,2025-05-07,3,26.97
STORE_001,SKU30001,2025-05-08,8,71.92
STORE_001,SKU30001,2025-05-11,4,35.96
STORE_001,SKU30001,2025-05-12,6,53.94
STORE_001,SKU30001,2025-05-13,6,53.94
STORE_001,SKU30001,2025-05-14,7,62.93
STORE_001,SKU30001,2025-05-15,3,26.97
STORE_001,SKU30001,2025-05-16,4,35.96
STORE_001,SKU30001,2025-05-17,7,62.93
STORE_001,SKU30001,2025-05-18,2,17.98
STORE_001,SKU30001,2025-05-19,3,26.97
STORE_001,SKU30001,2025-05-20,7,62.93
STORE_001,SKU30001,2025-05-21,6,53.94
STORE_001,SKU30001,2025-05-22,4,35.96
STORE_001,SKU30001,2025-05-24,3,26.97
STORE_001,SKU30001,2025-05-25,7,62.93
STORE_001,SKU30001,2025-05-26,6,53.94
STORE_001,SKU30001,2025-05-28,6,53.94
STORE_001,SKU30001,2025-05-29,3,26.97
STORE_001,SKU30001,2025-05-30,7,62.93
STORE_001,SKU30001,2025-06-01,4,35.96
STORE_001,SKU30001,2025-06-03,4,35.96
STORE_001,SKU30001,2025-06-06,5,44.95
STORE_001,SKU30001,2025-06-07,2,17.98
STORE_001,SKU30001,2025-06-08,5,44.95
STORE_001,SKU30001,2025-06-10,5,44.95
STORE_001,SKU30001,2025-06-11,4,35.96
STORE_001,SKU30001,2025-06-12,4,35.96
STORE_001,SKU30001,2025-06-13,5,44.95
STORE_001,SKU30001,2025-06-14,3,26.97
STORE_001,SKU30002,2025-04-20,5,39.95
STORE_001,SKU30002,2025-04-21,5,39.95
STORE_001,SKU30002,2025-04-22,5,39.95
STORE_001,SKU30002,2025-04-23,3,23.97
STORE_001,SKU30002,2025-04-25,3,23.97
STORE_001,SKU30002,2025-04-26,5,39.95
STORE_001,SKU30002,2025-04-27,5,39.95
STORE_001,SKU30002,2025-04-28,4,31.96
STORE_001,SKU30002,2025-04-29,2,15.98
STORE_001,SKU30002,2025-04-30,4,31.96
STORE_001,SKU30002,2025-05-01,5,39.95
STORE_001,SKU30002,2025-05-02,3,23.97
STORE_001,SKU30002,2025-05-04,3,23.97
STORE_001,SKU30002,2025-05-05,4,31.96
STORE_001,SKU30002,2025-05-06,5,39.95
STORE_001,SKU30002,2025-05-07,4,31.96
STORE_001,SKU30002,2025-05-09,3,23.97
STORE_001,SKU30002,2025-05-10,4,31.96
STORE_001,SKU30002,2025-05-11,3,23.97
STORE_001,SKU30002,2025-05-12,4,31.96
STORE_001,SKU30002,2025-05-13,5,39.95
STORE_001,SKU30002,2025-05-14,5,39.95
STORE_001,SKU30002,2025-05-15,3,23.97
STORE_001,SKU30002,2025-05-16,8,63.92
STORE_001,SKU30002,2025-05-17,4,31.96
STORE_001,SKU30002,2025-05-18,6,47.94
STORE_001,SKU30002,2025-05-19,4,31.96
STORE_001,SKU30002,2025-05-20,6,47.94
STORE_001,SKU30002,2025-05-21,4,31.96
STORE_001,SKU30002,2025-05-23,5,39.95
STORE_001,SKU30002,2025-05-24,1,7.99
STORE_001,SKU30002,2025-05-25,5,39.95
STORE_001,SKU30002,2025-05-26,3,23.97
STORE_001,SKU30002,2025-05-27,3,23.97
STORE_001,SKU30002,2025-05-28,5,39.95
STORE_001,SKU30002,2025-05-29,3,23.97
STORE_001,SKU30002,2025-05-30,5,39.95
STORE_001,SKU30002,2025-05-31,6,47.94
STORE_001,SKU30002,2025-06-01,5,39.95
STORE_001,SKU30002,2025-06-03,5,39.95
STORE_001,SKU30002,2025-06-05,5,39.95
STORE_001,SKU30002,2025-06-06,6,47.94
STORE_001,SKU30002,2025-06-07,6,47.94
STORE_001,SKU30002,2025-06-08,5,39.95
STORE_001,SKU30002,2025-06-10,3,23.97
STORE_001,SKU30002,2025-06-11,4,31.96
STORE_001,SKU30002,2025-06-13,3,23.97
STORE_001,SKU30002,2025-06-14,2,15.98
STORE_001,SKU30003,2025-04-21,2,18.98
STORE_001,SKU30003,2025-04-22,2,18.98
STORE_001,SKU30003,2025-04-24,2,18.98
STORE_001,SKU30003,2025-04-25,1,9.49
STORE_001,SKU30003,2025-04-26,1,9.49
STORE_001,SKU30003,2025-04-27,3,28.47
STORE_001,SKU30003,2025-04-28,2,18.98
STORE_001,SKU30003,2025-04-29,3,28.47
STORE_001,SKU30003,2025-04-30,1,9.49
STORE_001,SKU30003,2025-05-01,3,28.47
STORE_001,SKU30003,2025-05-03,1,9.49
STORE_001,SKU30003,2025-05-04,5,47.45
STORE_001,SKU30003,2025-05-05,1,9.49
STORE_001,SKU30003,2025-05-07,3,28.47
STORE_001,SKU30003,2025-05-08,1,9.49
STORE_001,SKU30003,2025-05-09,3,28.47
STORE_001,SKU30003,2025-05-11,5,47.45
STORE_001,SKU30003,2025-05-13,1,9.49
STORE_001,SKU30003,2025-05-14,2,18.98
STORE_001,SKU30003,2025-05-16,1,9.49
STORE_001,SKU30003,2025-05-18,2,18.98
STORE_001,SKU30003,2025-05-20,1,9.49
STORE_001,SKU30003,2025-05-22,3,28.47
STORE_001,SKU30003,2025-05-24,3,28.47
STORE_001,SKU30003,2025-05-25,2,18.98
STORE_001,SKU30003,2025-05-26,2,18.98
STORE_001,SKU30003,2025-05-27,3,28.47
STORE_001,SKU30003,2025-05-30,2,18.98
STORE_001,SKU30003,2025-05-31,3,28.47
STORE_001,SKU30003,2025-06-01,4,37.96
STORE_001,SKU30003,2025-06-02,2,18.98
STORE_001,SKU30003,2025-06-03,2,18.98
STORE_001,SKU30003,2025-06-05,2,18.98
STORE_001,SKU30003,2025-06-06,2,18.98
STORE_001,SKU30003,2025-06-08,2,18.98
STORE_001,SKU30003,2025-06-10,2,18.98
STORE_001,SKU30003,2025-06-11,2,18.98
STORE_001,SKU30003,2025-06-12,2,18.98
STORE_001,SKU30003,2025-06-14,3,28.47
STORE_001,SKU30004,2025-04-20,3,20.97
STORE_001,SKU30004,2025-04-21,3,20.97
STORE_001,SKU30004,2025-04-22,2,13.98
STORE_001,SKU30004,2025-04-23,2,13.98
STORE_001,SKU30004,2025-04-24,4,27.96
STORE_001,SKU30004,2025-04-25,1,6.99
STORE_001,SKU30004,2025-04-26,4,27.96
STORE_001,SKU30004,2025-04-27,3,20.97
STORE_001,SKU30004,2025-04-28,1,6.99
STORE_001,SKU30004,2025-04-29,3,20.97
STORE_001,SKU30004,2025-05-01,3,20.97
STORE_001,SKU30004,2025-05-02,2,13.98
STORE_001,SKU30004,2025-05-03,6,41.94
STORE_001,SKU30004,2025-05-05,4,27.96
STORE_001,SKU30004,2025-05-06,5,34.95
STORE_001,SKU30004,2025-05-07,3,20.97
STORE_001,SKU30004,2025-05-08,3,20.97
STORE_001,SKU30004,2025-05-09,5,34.95
STORE_001,SKU30004,2025-05-12,3,20.97
STORE_001,SKU30004,2025-05-13,3,20.97
STORE_001,SKU30004,2025-05-15,3,20.97
STORE_001,SKU30004,2025-05-16,5,34.95
STORE_001,SKU30004,2025-05-17,4,27.96
STORE_001,SKU30004,2025-05-18,4,27.96
STORE_001,SKU30004,2025-05-20,4,27.96
STORE_001,SKU30004,2025-05-21,4,27.96
STORE_001,SKU30004,2025-05-22,3,20.97
STORE_001,SKU30004,2025-05-23,3,20.97
STORE_001,SKU30004,2025-05-24,6,41.94
STORE_001,SKU30004,2025-05-25,3,20.97
STORE_001,SKU30004,2025-05-27,3,20.97
STORE_001,SKU30004,2025-05-28,3,20.97
STORE_001,SKU30004,2025-05-30,2,13.98
STORE_001,SKU30004,2025-06-01,3,20.97
STORE_001,SKU30004,2025-06-02,2,13.98
STORE_001,SKU30004,2025-06-03,3,20.97
STORE_001,SKU30004,2025-06-04,5,34.95
STORE_001,SKU30004,2025-06-05,2,13.98
STORE_001,SKU30004,2025-06-06,3,20.97
STORE_001,SKU30004,2025-06-07,4,27.96
STORE_001,SKU30004,2025-06-08,3,20.97
STORE_001,SKU30004,2025-06-11,3,20.97
STORE_001,SKU30004,2025-06-12,1,6.99
STORE_001,SKU30004,2025-06-13,3,20.97
STORE_001,SKU30004,2025-06-14,3,20.97
STORE_001,SKU40000,2025-04-20,6,17.94
STORE_001,SKU40000,2025-04-21,2,5.98
STORE_001,SKU40000,2025-04-23,8,23.92
STORE_001,SKU40000,2025-04-24,7,20.93
STORE_001,SKU40000,2025-04-25,6,17.94
STORE_001,SKU40000,2025-04-26,7,20.93
STORE_001,SKU40000,2025-04-27,7,20.93
STORE_001,SKU40000,2025-04-28,5,14.95
STORE_001,SKU40000,2025-04-29,6,17.94
STORE_001,SKU40000,2025-04-30,7,20.93
STORE_001,SKU40000,2025-05-01,5,14.95
STORE_001,SKU40000,2025-05-02,6,17.94
STORE_001,SKU40000,2025-05-03,8,23.92
STORE_001,SKU40000,2025-05-04,7,20.93
STORE_001,SKU40000,2025-05-05,4,11.96
STORE_001,SKU40000,2025-05-06,8,23.92
STORE_001,SKU40000,2025-05-07,8,23.92
STORE_001,SKU40000,2025-05-08,6,17.94
STORE_001,SKU40000,2025-05-11,9,26.91
STORE_001,SKU40000,2025-05-12,7,20.93
STORE_001,SKU40000,2025-05-13,4,11.96
STORE_001,SKU40000,2025-05-14,7,20.93
STORE_001,SKU40000,2025-05-16,7,20.93
STORE_001,SKU40000,2025-05-18,5,14.95
STORE_001,SKU40000,2025-05-19,6,17.94
STORE_001,SKU40000,2025-05-20,4,11.96
STORE_001,SKU40000,2025-05-21,3,8.97
STORE_001,SKU40000,2025-05-22,6,17.94
STORE_001,SKU40000,2025-05-23,7,20.93
STORE_001,SKU40000,2025-05-24,7,20.93
STORE_001,SKU40000,2025-05-25,4,11.96
STORE_001,SKU40000,2025-05-26,5,14.95
STORE_001,SKU40000,2025-05-27,5,14.95
STORE_001,SKU40000,2025-05-29,5,14.95
STORE_001,SKU40000,2025-05-30,7,20.93
STORE_001,SKU40000,2025-05-31,10,29.9
STORE_001,SKU40000,2025-06-01,4,11.96
STORE_001,SKU40000,2025-06-02,4,11.96
STORE_001,SKU40000,2025-06-03,4,11.96
STORE_001,SKU40000,2025-06-04,5,14.95
STORE_001,SKU40000,2025-06-05,7,20.93
STORE_001,SKU40000,2025-06-06,3,8.97
STORE_001,SKU40000,2025-06-07,7,20.93
STORE_001,SKU40000,2025-06-08,8,23.92
STORE_001,SKU40000,2025-06-09,5,14.95
STORE_001,SKU40000,2025-06-12,2,5.98
STORE_001,SKU40000,2025-06-13,6,17.94
STORE_001,SKU40000,2025-06-14,9,26.91
STORE_001,SKU40001,2025-04-20,10,59.9
STORE_001,SKU40001,2025-04-21,6,35.94
STORE_001,SKU40001,2025-04-22,11,65.89
STORE_001,SKU40001,2025-04-24,12,71.88
STORE_001,SKU40001,2025-04-26,6,35.94
STORE_001,SKU40001,2025-04-27,10,59.9
STORE_001,SKU40001,2025-04-28,8,47.92
STORE_001,SKU40001,2025-04-30,14,83.86
STORE_001,SKU40001,2025-05-01,13,77.87
STORE_001,SKU40001,2025-05-02,8,47.92
STORE_001,SKU40001,2025-05-03,10,59.9
STORE_001,SKU40001,2025-05-04,11,65.89
STORE_001,SKU40001,2025-05-05,8,47.92
STORE_001,SKU40001,2025-05-06,14,83.86
STORE_001,SKU40001,2025-05-07,7,41.93
STORE_001,SKU40001,2025-05-08,15,89.85
STORE_001,SKU40001,2025-05-09,12,71.88
STORE_001,SKU40001,2025-05-10,14,83.86
STORE_001,SKU40001,2025-05-12,11,65.89
STORE_001,SKU40001,2025-05-13,13,77.87
STORE_001,SKU40001,2025-05-14,8,47.92
STORE_001,SKU40001,2025-05-15,15,89.85
STORE_001,SKU40001,2025-05-16,18,107.82
STORE_001,SKU40001,2025-05-17,14,83.86
STORE_001,SKU40001,2025-05-18,15,89.85
STORE_001,SKU40001,2025-05-19,11,65.89
STORE_001,SKU40001,2025-05-20,12,71.88
STORE_001,SKU40001,2025-05-21,13,77.87
STORE_001,SKU40001,2025-05-22,9,53.91
STORE_001,SKU40001,2025-05-23,12,71.88
STORE_001,SKU40001,2025-05-24,14,83.86
STORE_001,SKU40001,2025-05-25,12,71.88
STORE_001,SKU40001,2025-05-26,12,71.88
STORE_001,SKU40001,2025-05-27,12,71.88
STORE_001,SKU40001,2025-05-28,13,77.87
STORE_001,SKU40001,2025-05-30,11,65.89
STORE_001,SKU40001,2025-05-31,13,77.87
STORE_001,SKU40001,2025-06-01,13,77.87
STORE_001,SKU40001,2025-06-02,14,83.86
STORE_001,SKU40001,2025-06-04,12,71.88
STORE_001,SKU40001,2025-06-05,12,71.88
STORE_001,SKU40001,2025-06-06,6,35.94
STORE_001,SKU40001,2025-06-07,15,89.85
STORE_001,SKU40001,2025-06-08,11,65.89
STORE_001,SKU40001,2025-06-09,9,53.91
STORE_001,SKU40001,2025-06-10,13,77.87
STORE_001,SKU40001,2025-06-11,12,71.88
STORE_001,SKU40001,2025-06-12,14,83.86
STORE_001,SKU40001,2025-06-13,11,65.89
STORE_001,SKU40002,2025-04-20,10,69.9
STORE_001,SKU40002,2025-04-21,7,48.93
STORE_001,SKU40002,2025-04-22,11,76.89
STORE_001,SKU40002,2025-04-23,5,34.95
STORE_001,SKU40002,2025-04-24,7,48.93
STORE_001,SKU40002,2025-04-25,8,55.92
STORE_001,SKU40002,2025-04-26,14,97.86
STORE_001,SKU40002,2025-04-27,9,62.91
STORE_001,SKU40002,2025-04-29,9,62.91
STORE_001,SKU40002,2025-04-30,10,69.9
STORE_001,SKU40002,2025-05-01,8,55.92
STORE_001,SKU40002,2025-05-02,6,41.94
STORE_001,SKU40002,2025-05-03,8,55.92
STORE_001,SKU40002,2025-05-04,8,55.92
STORE_001,SKU40002,2025-05-05,9,62.91
STORE_001,SKU40002,2025-05-06,7,48.93
STORE_001,SKU40002,2025-05-07,8,55.92
STORE_001,SKU40002,2025-05-08,7,48.93
STORE_001,SKU40002,2025-05-09,5,34.95
STORE_001,SKU40002,2025-05-10,8,55.92
STORE_001,SKU40002,2025-05-11,10,69.9
STORE_001,SKU40002,2025-05-12,6,41.94
STORE_001,SKU40002,2025-05-13,9,62.91
STORE_001,SKU40002,2025-05-14,9,62.91
STORE_001,SKU40002,2025-05-17,9,62.91
STORE_001,SKU40002,2025-05-18,9,62.91
STORE_001,SKU40002,2025-05-19,6,41.94
STORE_001,SKU40002,2025-05-21,10,69.9
STORE_001,SKU40002,2025-05-22,11,76.89
STORE_001,SKU40002,2025-05-23,11,76.89
STORE_001,SKU40002,2025-05-24,11,76.89
STORE_001,SKU40002,2025-05-25,7,48.93
STORE_001,SKU40002,2025-05-26,8,55.92
STORE_001,SKU40002,2025-05-27,9,62.91
STORE_001,SKU40002,2025-05-28,7,48.93
STORE_001,SKU40002,2025-05-30,12,83.88
STORE_001,SKU40002,2025-05-31,11,76.89
STORE_001,SKU40002,2025-06-01,10,69.9
STORE_001,SKU40002,2025-06-02,10,69.9
STORE_001,SKU40002,2025-06-03,6,41.94
STORE_001,SKU40002,2025-06-04,9,62.91
STORE_001,SKU40002,2025-06-05,8,55.92
STORE_001,SKU40002,2025-06-06,8,55.92
STORE_001,SKU40002,2025-06-07,12,83.88
STORE_001,SKU40002,2025-06-08,14,97.86
STORE_001,SKU40002,2025-06-09,12,83.88
STORE_001,SKU40002,2025-06-10,8,55.92
STORE_001,SKU40002,2025-06-11,9,62.91
STORE_001,SKU40002,2025-06-12,7,48.93
STORE_001,SKU40002,2025-06-13,7,48.93
STORE_001,SKU40002,2025-06-14,10,69.9
STORE_001,SKU40003,2025-04-20,7,52.43
STORE_001,SKU40003,2025-04-21,6,44.94
STORE_001,SKU40003,2025-04-22,8,59.92
STORE_001,SKU40003,2025-04-23,8,59.92
STORE_001,SKU40003,2025-04-24,8,59.92
STORE_001,SKU40003,2025-04-25,8,59.92
STORE_001,SKU40003,2025-04-26,6,44.94
STORE_001,SKU40003,2025-04-27,7,52.43
STORE_001,SKU40003,2025-04-28,7,52.43
STORE_001,SKU40003,2025-04-29,9,67.41
STORE_001,SKU40003,2025-04-30,12,89.88
STORE_001,SKU40003,2025-05-01,8,59.92
STORE_001,SKU40003,2025-05-02,9,67.41
STORE_001,SKU40003,2025-05-03,6,44.94
STORE_001,SKU40003,2025-05-04,10,74.9
STORE_001,SKU40003,2025-05-05,11,82.39
STORE_001,SKU40003,2025-05-06,6,44.94
STORE_001,SKU40003,2025-05-08,6,44.94
STORE_001,SKU40003,2025-05-10,5,37.45
STORE_001,SKU40003,2025-05-11,8,59.92
STORE_001,SKU40003,2025-05-12,6,44.94
STORE_001,SKU40003,2025-05-13,6,44.94
STORE_001,SKU40003,2025-05-14,10,74.9
STORE_001,SKU40003,2025-05-15,7,52.43
STORE_001,SKU40003,2025-05-17,8,59.92
STORE_001,SKU40003,2025-05-18,9,67.41
STORE_001,SKU40003,2025-05-19,8,59.92
STORE_001,SKU40003,2025-05-20,5,37.45
STORE_001,SKU40003,2025-05-21,5,37.45
STORE_001,SKU40003,2025-05-22,3,22.47
STORE_001,SKU40003,2025-05-23,8,59.92
STORE_001,SKU40003,2025-05-24,7,52.43
STORE_001,SKU40003,2025-05-25,10,74.9
STORE_001,SKU40003,2025-05-26,5,37.45
STORE_001,SKU40003,2025-05-27,5,37.45
STORE_001,SKU40003,2025-05-28,9,67.41
STORE_001,SKU40003,2025-05-29,3,22.47
STORE_001,SKU40003,2025-05-30,8,59.92
STORE_001,SKU40003,2025-05-31,10,74.9
STORE_001,SKU40003,2025-06-01,8,59.92
STORE_001,SKU40003,2025-06-02,10,74.9
STORE_001,SKU40003,2025-06-03,5,37.45
STORE_001,SKU40003,2025-06-04,8,59.92
STORE_001,SKU40003,2025-06-05,7,52.43
STORE_001,SKU40003,2025-06-06,11,82.39
STORE_001,SKU40003,2025-06-09,7,52.43
STORE_001,SKU40003,2025-06-10,8,59.92
STORE_001,SKU40003,2025-06-11,7,52.43
STORE_001,SKU40003,2025-06-12,4,29.96
STORE_001,SKU40003,2025-06-13,7,52.43
STORE_001,SKU40003,2025-06-14,7,52.43
STORE_002,SKU10000,2025-04-20,14,27.86
STORE_002,SKU10000,2025-04-21,14,27.86
STORE_002,SKU10000,2025-04-22,17,33.83
STORE_002,SKU10000,2025-04-23,4,7.96
STORE_002,SKU10000,2025-04-24,12,23.88
STORE_002,SKU10000,2025-04-25,8,15.92
STORE_002,SKU10000,2025-04-26,16,31.84
STORE_002,SKU10000,2025-04-27,22,43.78
STORE_002,SKU10000,2025-04-28,11,21.89
STORE_002,SKU10000,2025-04-29,9,17.91
STORE_002,SKU10000,2025-04-30,10,19.9
STORE_002,SKU10000,2025-05-01,8,15.92
STORE_002,SKU10000,2025-05-02,3,5.97
STORE_002,SKU10000,2025-05-04,15,29.85
STORE_002,SKU10000,2025-05-05,21,41.79
STORE_002,SKU10000,2025-05-06,8,15.92
STORE_002,SKU10000,2025-05-07,13,25.87
STORE_002,SKU10000,2025-05-08,18,35.82
STORE_002,SKU10000,2025-05-09,12,23.88
STORE_002,SKU10000,2025-05-10,18,35.82
STORE_002,SKU10000,2025-05-11,9,17.91
STORE_002,SKU10000,2025-05-12,11,21.89
STORE_002,SKU10000,2025-05-13,9,17.91
STORE_002,SKU10000,2025-05-14,12,23.88
STORE_002,SKU10000,2025-05-15,12,23.88
STORE_002,SKU10000,2025-05-16,12,23.88
STORE_002,SKU10000,2025-05-17,17,33.83
STORE_002,SKU10000,2025-05-18,6,11.94
STORE_002,SKU10000,2025-05-19,10,19.9
STORE_002,SKU10000,2025-05-20,13,25.87
STORE_002,SKU10000,2025-05-21,6,11.94
STORE_002,SKU10000,2025-05-22,14,27.86
STORE_002,SKU10000,2025-05-23,10,19.9
STORE_002,SKU10000,2025-05-24,13,25.87
STORE_002,SKU10000,2025-05-25,17,33.83
STORE_002,SKU10000,2025-05-26,17,33.83
STORE_002,SKU10000,2025-05-28,11,21.89
STORE_002,SKU10000,2025-05-30,19,37.81
STORE_002,SKU10000,2025-05-31,11,21.89
STORE_002,SKU10000,2025-06-01,14,27.86
STORE_002,SKU10000,2025-06-02,15,29.85
STORE_002,SKU10000,2025-06-03,15,29.85
STORE_002,SKU10000,2025-06-04,14,27.86
STORE_002,SKU10000,2025-06-05,9,17.91
STORE_002,SKU10000,2025-06-06,11,21.89
STORE_002,SKU10000,2025-06-07,12,23.88
STORE_002,SKU10000,2025-06-08,15,29.85
STORE_002,SKU10000,2025-06-09,13,25.87
STORE_002,SKU10000,2025-06-10,13,25.87
STORE_002,SKU10000,2025-06-11,15,29.85
STORE_002,SKU10000,2025-06-12,18,35.82
STORE_002,SKU10000,2025-06-13,11,21.89
STORE_002,SKU10000,2025-06-14,10,19.9
STORE_002,SKU10001,2025-04-20,6,29.94
STORE_002,SKU10001,2025-04-21,7,34.93
STORE_002,SKU10001,2025-04-22,9,44.91
STORE_002,SKU10001,2025-04-23,5,24.95
STORE_002,SKU10001,2025-04-24,10,49.9
STORE_002,SKU10001,2025-04-25,5,24.95
STORE_002,SKU10001,2025-04-26,10,49.9
STORE_002,SKU10001,2025-04-27,8,39.92
STORE_002,SKU10001,2025-04-28,8,39.92
STORE_002,SKU10001,2025-04-29,8,39.92
STORE_002,SKU10001,2025-04-30,5,24.95
STORE_002,SKU10001,2025-05-01,9,44.91
STORE_002,SKU10001,2025-05-02,4,19.96
STORE_002,SKU10001,2025-05-03,6,29.94
STORE_002,SKU10001,2025-05-04,9,44.91
STORE_002,SKU10001,2025-05-05,4,19.96
STORE_002,SKU10001,2025-05-07,2,9.98
STORE_002,SKU10001,2025-05-09,7,34.93
STORE_002,SKU10001,2025-05-11,4,19.96
STORE_002,SKU10001,2025-05-12,8,39.92
STORE_002,SKU10001,2025-05-13,6,29.94
STORE_002,SKU10001,2025-05-14,6,29.94
STORE_002,SKU10001,2025-05-15,8,39.92
STORE_002,SKU10001,2025-05-16,9,44.91
STORE_002,SKU10001,2025-05-17,6,29.94
STORE_002,SKU10001,2025-05-18,8,39.92
STORE_002,SKU10001,2025-05-19,6,29.94
STORE_002,SKU10001,2025-05-21,7,34.93
STORE_002,SKU10001,2025-05-22,10,49.9
STORE_002,SKU10001,2025-05-23,8,39.92
STORE_002,SKU10001,2025-05-24,11,54.89
STORE_002,SKU10001,2025-05-26,9,44.91
STORE_002,SKU10001,2025-05-27,11,54.89
STORE_002,SKU10001,2025-05-28,10,49.9
STORE_002,SKU10001,2025-05-29,11,54.89
STORE_002,SKU10001,2025-05-30,11,54.89
STORE_002,SKU10001,2025-05-31,7,34.93
STORE_002,SKU10001,2025-06-01,9,44.91
STORE_002,SKU10001,2025-06-02,7,34.93
STORE_002,SKU10001,2025-06-03,3,14.97
STORE_002,SKU10001,2025-06-04,7,34.93
STORE_002,SKU10001,2025-06-05,9,44.91
STORE_002,SKU10001,2025-06-06,8,39.92
STORE_002,SKU10001,2025-06-07,8,39.92
STORE_002,SKU10001,2025-06-08,6,29.94
STORE_002,SKU10001,2025-06-09,8,39.92
STORE_002,SKU10001,2025-06-10,6,29.94
STORE_002,SKU10001,2025-06-11,9,44.91
STORE_002,SKU10001,2025-06-12,9,44.91
STORE_002,SKU10001,2025-06-13,8,39.92
STORE_002,SKU10001,2025-06-14,6,29.94
STORE_002,SKU10002,2025-04-20,5,12.45
STORE_002,SKU10002,2025-04-21,9,22.41
STORE_002,SKU10002,2025-04-22,6,14.94
STORE_002,SKU10002,2025-04-23,8,19.92
STORE_002,SKU10002,2025-04-24,3,7.47
STORE_002,SKU10002,2025-04-25,11,27.39
STORE_002,SKU10002,2025-04-26,2,4.98
STORE_002,SKU10002,2025-04-27,7,17.43
STORE_002,SKU10002,2025-04-28,1,2.49
STORE_002,SKU10002,2025-05-01,7,17.43
STORE_002,SKU10002,2025-05-02,7,17.43
STORE_002,SKU10002,2025-05-03,6,14.94
STORE_002,SKU10002,2025-05-04,7,17.43
STORE_002,SKU10002,2025-05-05,4,9.96
STORE_002,SKU10002,2025-05-06,3,7.47
STORE_002,SKU10002,2025-05-07,7,17.43
STORE_002,SKU10002,2025-05-08,5,12.45
STORE_002,SKU10002,2025-05-09,5,12.45
STORE_002,SKU10002,2025-05-10,5,12.45
STORE_002,SKU10002,2025-05-12,4,9.96
STORE_002,SKU10002,2025-05-13,4,9.96
STORE_002,SKU10002,2025-05-15,3,7.47
STORE_002,SKU10002,2025-05-16,1,2.49
STORE_002,SKU10002,2025-05-17,5,12.45
STORE_002,SKU10002,2025-05-18,2,4.98
STORE_002,SKU10002,2025-05-19,4,9.96
STORE_002,SKU10002,2025-05-20,3,7.47
STORE_002,SKU10002,2025-05-21,3,7.47
STORE_002,SKU10002,2025-05-22,8,19.92
STORE_002,SKU10002,2025-05-24,3,7.47
STORE_002,SKU10002,2025-05-25,5,12.45
STORE_002,SKU10002,2025-05-26,3,7.47
STORE_002,SKU10002,2025-05-27,5,12.45
STORE_002,SKU10002,2025-05-28,3,7.47
STORE_002,SKU10002,2025-05-29,4,9.96
STORE_002,SKU10002,2025-05-30,6,14.94
STORE_002,SKU10002,2025-05-31,6,14.94
STORE_002,SKU10002,2025-06-01,4,9.96
STORE_002,SKU10002,2025-06-02,5,12.45
STORE_002,SKU10002,2025-06-03,3,7.47
STORE_002,SKU10002,2025-06-04,5,12.45
STORE_002,SKU10002,2025-06-05,4,9.96
STORE_002,SKU10002,2025-06-06,9,22.41
STORE_002,SKU10002,2025-06-07,7,17.43
STORE_002,SKU10002,2025-06-08,6,14.94
STORE_002,SKU10002,2025-06-09,1,2.49
STORE_002,SKU10002,2025-06-10,4,9.96
STORE_002,SKU10002,2025-06-11,7,17.43
STORE_002,SKU10002,2025-06-12,5,12.45
STORE_002,SKU10002,2025-06-13,8,19.92
STORE_002,SKU10002,2025-06-14,8,19.92
STORE_002,SKU10003,2025-04-20,9,29.61
STORE_002,SKU10003,2025-04-21,13,42.77
STORE_002,SKU10003,2025-04-22,8,26.32
STORE_002,SKU10003,2025-04-23,14,46.06
STORE_002,SKU10003,2025-04-24,13,42.77
STORE_002,SKU10003,2025-04-25,9,29.61
STORE_002,SKU10003,2025-04-26,6,19.74
STORE_002,SKU10003,2025-04-27,10,32.9
STORE_002,SKU10003,2025-04-28,5,16.45
STORE_002,SKU10003,2025-04-29,7,23.03
STORE_002,SKU10003,2025-04-30,7,23.03
STORE_002,SKU10003,2025-05-01,5,16.45
STORE_002,SKU10003,2025-05-02,9,29.61
STORE_002,SKU10003,2025-05-03,8,26.32
STORE_002,SKU10003,2025-05-04,9,29.61
STORE_002,SKU10003,2025-05-05,7,23.03
STORE_002,SKU10003,2025-05-06,10,32.9
STORE_002,SKU10003,2025-05-07,10,32.9
STORE_002,SKU10003,2025-05-08,8,26.32
STORE_002,SKU10003,2025-05-09,10,32.9
STORE_002,SKU10003,2025-05-10,13,42.77
STORE_002,SKU10003,2025-05-11,4,13.16
STORE_002,SKU10003,2025-05-12,7,23.03
STORE_002,SKU10003,2025-05-13,6,19.74
STORE_002,SKU10003,2025-05-14,7,23.03
STORE_002,SKU10003,2025-05-15,2,6.58
STORE_002,SKU10003,2025-05-16,3,9.87
STORE_002,SKU10003,2025-05-17,2,6.58
STORE_002,SKU10003,2025-05-18,8,26.32
STORE_002,SKU10003,2025-05-19,7,23.03
STORE_002,SKU10003,2025-05-20,12,39.48
STORE_002,SKU10003,2025-05-21,9,29.61
STORE_002,SKU10003,2025-05-22,3,9.87
STORE_002,SKU10003,2025-05-23,10,32.9
STORE_002,SKU10003,2025-05-24,21,69.09
STORE_002,SKU10003,2025-05-26,12,39.48
STORE_002,SKU10003,2025-05-27,8,26.32
STORE_002,SKU10003,2025-05-29,7,23.03
STORE_002,SKU10003,2025-05-30,9,29.61
STORE_002,SKU10003,2025-05-31,9,29.61
STORE_002,SKU10003,2025-06-01,7,23.03
STORE_002,SKU10003,2025-06-02,7,23.03
STORE_002,SKU10003,2025-06-03,10,32.9
STORE_002,SKU10003,2025-06-04,10,32.9
STORE_002,SKU10003,2025-06-05,14,46.06
STORE_002,SKU10003,2025-06-06,9,29.61
STORE_002,SKU10003,2025-06-07,13,42.77
STORE_002,SKU10003,2025-06-08,9,29.61
STORE_002,SKU10003,2025-06-09,8,26.32
STORE_002,SKU10003,2025-06-10,8,26.32
STORE_002,SKU10003,2025-06-11,9,29.61
STORE_002,SKU10003,2025-06-12,11,36.19
STORE_002,SKU10003,2025-06-13,7,23.03
STORE_002,SKU10003,2025-06-14,7,23.03
STORE_002,SKU10004,2025-04-20,9,35.91
STORE_002,SKU10004,2025-04-21,8,31.92
STORE_002,SKU10004,2025-04-22,9,35.91
STORE_002,SKU10004,2025-04-23,5,19.95
STORE_002,SKU10004,2025-04-24,5,19.95
STORE_002,SKU10004,2025-04-25,8,31.92
STORE_002,SKU10004,2025-04-26,6,23.94
STORE_002,SKU10004,2025-04-27,8,31.92
STORE_002,SKU10004,2025-04-29,5,19.95
STORE_002,SKU10004,2025-04-30,3,11.97
STORE_002,SKU10004,2025-05-01,6,23.94
STORE_002,SKU10004,2025-05-02,2,7.98
STORE_002,SKU10004,2025-05-03,7,27.93
STORE_002,SKU10004,2025-05-04,8,31.92
STORE_002,SKU10004,2025-05-05,8,31.92
STORE_002,SKU10004,2025-05-06,7,27.93
STORE_002,SKU10004,2025-05-09,7,27.93
STORE_002,SKU10004,2025-05-10,3,11.97
STORE_002,SKU10004,2025-05-11,3,11.97
STORE_002,SKU10004,2025-05-12,5,19.95
STORE_002,SKU10004,2025-05-13,7,27.93
STORE_002,SKU10004,2025-05-14,5,19.95
STORE_002,SKU10004,2025-05-15,5,19.95
STORE_002,SKU10004,2025-05-16,6,23.94
STORE_002,SKU10004,2025-05-17,10,39.9
STORE_002,SKU10004,2025-05-18,8,31.92
STORE_002,SKU10004,2025-05-19,2,7.98
STORE_002,SKU10004,2025-05-20,6,23.94
STORE_002,SKU10004,2025-05-21,4,15.96
STORE_002,SKU10004,2025-05-22,8,31.92
STORE_002,SKU10004,2025-05-23,8,31.92
STORE_002,SKU10004,2025-05-24,11,43.89
STORE_002,SKU10004,2025-05-25,8,31.92
STORE_002,SKU10004,2025-05-26,7,27.93
STORE_002,SKU10004,2025-05-27,7,27.93
STORE_002,SKU10004,2025-05-28,4,15.96
STORE_002,SKU10004,2025-05-29,6,23.94
STORE_002,SKU10004,2025-05-30,6,23.94
STORE_002,SKU10004,2025-05-31,5,19.95
STORE_002,SKU10004,2025-06-02,4,15.96
STORE_002,SKU10004,2025-06-03,6,23.94
STORE_002,SKU10004,2025-06-04,7,27.93
STORE_002,SKU10004,2025-06-05,5,19.95
STORE_002,SKU10004,2025-06-06,2,7.98
STORE_002,SKU10004,2025-06-09,4,15.96
STORE_002,SKU10004,2025-06-10,7,27.93
STORE_002,SKU10004,2025-06-11,3,11.97
STORE_002,SKU10004,2025-06-12,8,31.92
STORE_002,SKU10004,2025-06-13,5,19.95
STORE_002,SKU10004,2025-06-14,4,15.96
STORE_002,SKU10005,2025-04-20,2,8.98
STORE_002,SKU10005,2025-04-21,1,4.49
STORE_002,SKU10005,2025-04-23,6,26.94
STORE_002,SKU10005,2025-04-24,3,13.47
STORE_002,SKU10005,2025-04-25,1,4.49
STORE_002,SKU10005,2025-04-26,4,17.96
STORE_002,SKU10005,2025-04-27,5,22.45
STORE_002,SKU10005,2025-04-28,5,22.45
STORE_002,SKU10005,2025-04-30,2,8.98
STORE_002,SKU10005,2025-05-01,3,13.47
STORE_002,SKU10005,2025-05-02,7,31.43
STORE_002,SKU10005,2025-05-04,6,26.94
STORE_002,SKU10005,2025-05-05,5,22.45
STORE_002,SKU10005,2025-05-06,4,17.96
STORE_002,SKU10005,2025-05-09,6,26.94
STORE_002,SKU10005,2025-05-10,2,8.98
STORE_002,SKU10005,2025-05-11,7,31.43
STORE_002,SKU10005,2025-05-12,2,8.98
STORE_002,SKU10005,2025-05-13,1,4.49
STORE_002,SKU10005,2025-05-14,4,17.96
STORE_002,SKU10005,2025-05-15,3,13.47
STORE_002,SKU10005,2025-05-16,2,8.98
STORE_002,SKU10005,2025-05-17,4,17.96
STORE_002,SKU10005,2025-05-18,5,22.45
STORE_002,SKU10005,2025-05-19,1,4.49
STORE_002,SKU10005,2025-05-20,5,22.45
STORE_002,SKU10005,2025-05-21,4,17.96
STORE_002,SKU10005,2025-05-22,6,26.94
STORE_002,SKU10005,2025-05-23,7,31.43
STORE_002,SKU10005,2025-05-24,8,35.92
STORE_002,SKU10005,2025-05-25,5,22.45
STORE_002,SKU10005,2025-05-26,3,13.47
STORE_002,SKU10005,2025-05-27,4,17.96
STORE_002,SKU10005,2025-05-28,4,17.96
STORE_002,SKU10005,2025-05-29,6,26.94
STORE_002,SKU10005,2025-05-30,5,22.45
STORE_002,SKU10005,2025-05-31,4,17.96
STORE_002,SKU10005,2025-06-01,6,26.94
STORE_002,SKU10005,2025-06-02,1,4.49
STORE_002,SKU10005,2025-06-04,4,17.96
STORE_002,SKU10005,2025-06-05,5,22.45
STORE_002,SKU10005,2025-06-06,6,26.94
STORE_002,SKU10005,2025-06-07,6,26.94
STORE_002,SKU10005,2025-06-08,3,13.47
STORE_002,SKU10005,2025-06-09,6,26.94
STORE_002,SKU10005,2025-06-11,6,26.94
STORE_002,SKU10005,2025-06-12,6,26.94
STORE_002,SKU10005,2025-06-13,5,22.45
STORE_002,SKU10005,2025-06-14,3,13.47
STORE_002,SKU10006,2025-04-21,5,29.95
STORE_002,SKU10006,2025-04-22,5,29.95
STORE_002,SKU10006,2025-04-23,2,11.98
STORE_002,SKU10006,2025-04-25,5,29.95
STORE_002,SKU10006,2025-04-26,6,35.94
STORE_002,SKU10006,2025-04-27,4,23.96
STORE_002,SKU10006,2025-04-28,3,17.97
STORE_002,SKU10006,2025-05-01,5,29.95
STORE_002,SKU10006,2025-05-03,4,23.96
STORE_002,SKU10006,2025-05-04,4,23.96
STORE_002,SKU10006,2025-05-05,3,17.97
STORE_002,SKU10006,2025-05-06,4,23.96
STORE_002,SKU10006,2025-05-07,4,23.96
STORE_002,SKU10006,2025-05-08,3,17.97
STORE_002,SKU10006,2025-05-09,3,17.97
STORE_002,SKU10006,2025-05-10,3,17.97
STORE_002,SKU10006,2025-05-11,3,17.97
STORE_002,SKU10006,2025-05-12,2,11.98
STORE_002,SKU10006,2025-05-13,3,17.97
STORE_002,SKU10006,2025-05-14,2,11.98
STORE_002,SKU10006,2025-05-16,3,17.97
STORE_002,SKU10006,2025-05-17,2,11.98
STORE_002,SKU10006,2025-05-18,4,23.96
STORE_002,SKU10006,2025-05-19,2,11.98
STORE_002,SKU10006,2025-05-20,4,23.96
STORE_002,SKU10006,2025-05-21,1,5.99
STORE_002,SKU10006,2025-05-25,2,11.98
STORE_002,SKU10006,2025-05-26,4,23.96
STORE_002,SKU10006,2025-05-27,2,11.98
STORE_002,SKU10006,2025-05-28,2,11.98
STORE_002,SKU10006,2025-05-29,5,29.95
STORE_002,SKU10006,2025-05-30,4,23.96
STORE_002,SKU10006,2025-05-31,2,11.98
STORE_002,SKU10006,2025-06-01,3,17.97
STORE_002,SKU10006,2025-06-02,1,5.99
STORE_002,SKU10006,2025-06-04,4,23.96
STORE_002,SKU10006,2025-06-05,4,23.96
STORE_002,SKU10006,2025-06-06,5,29.95
STORE_002,SKU10006,2025-06-07,3,17.97
STORE_002,SKU10006,2025-06-08,1,5.99
STORE_002,SKU10006,2025-06-10,2,11.98
STORE_002,SKU10006,2025-06-11,4,23.96
STORE_002,SKU10006,2025-06-12,4,23.96
STORE_002,SKU10006,2025-06-13,4,23.96
STORE_002,SKU10006,2025-06-14,3,17.97
STORE_002,SKU10007,2025-04-20,8,34.32
STORE_002,SKU10007,2025-04-21,10,42.9
STORE_002,SKU10007,2025-04-22,12,51.48
STORE_002,SKU10007,2025-04-23,10,42.9
STORE_002,SKU10007,2025-04-24,10,42.9
STORE_002,SKU10007,2025-04-25,6,25.74
STORE_002,SKU10007,2025-04-26,10,42.9
STORE_002,SKU10007,2025-04-27,6,25.74
STORE_002,SKU10007,2025-04-28,10,42.9
STORE_002,SKU10007,2025-04-30,8,34.32
STORE_002,SKU10007,2025-05-01,10,42.9
STORE_002,SKU10007,2025-05-02,8,34.32
STORE_002,SKU10007,2025-05-03,6,25.74
STORE_002,SKU10007,2025-05-04,14,60.06
STORE_002,SKU10007,2025-05-05,10,42.9
STORE_002,SKU10007,2025-05-06,4,17.16
STORE_002,SKU10007,2025-05-08,12,51.48
STORE_002,SKU10007,2025-05-09,12,51.48
STORE_002,SKU10007,2025-05-10,9,38.61
STORE_002,SKU10007,2025-05-11,7,30.03
STORE_002,SKU10007,2025-05-12,5,21.45
STORE_002,SKU10007,2025-05-13,7,30.03
STORE_002,SKU10007,2025-05-14,12,51.48
STORE_002,SKU10007,2025-05-15,8,34.32
STORE_002,SKU10007,2025-05-16,11,47.19
STORE_002,SKU10007,2025-05-17,12,51.48
STORE_002,SKU10007,2025-05-18,10,42.9
STORE_002,SKU10007,2025-05-19,5,21.45
STORE_002,SKU10007,2025-05-20,11,47.19
STORE_002,SKU10007,2025-05-21,4,17.16
STORE_002,SKU10007,2025-05-22,6,25.74
STORE_002,SKU10007,2025-05-23,8,34.32
STORE_002,SKU10007,2025-05-24,8,34.32
STORE_002,SKU10007,2025-05-26,8,34.32
STORE_002,SKU10007,2025-05-27,11,47.19
STORE_002,SKU10007,2025-05-28,8,34.32
STORE_002,SKU10007,2025-05-29,5,21.45
STORE_002,SKU10007,2025-05-30,8,34.32
STORE_002,SKU10007,2025-05-31,5,21.45
STORE_002,SKU10007,2025-06-01,13,55.77
STORE_002,SKU10007,2025-06-02,6,25.74
STORE_002,SKU10007,2025-06-03,7,30.03
STORE_002,SKU10007,2025-06-04,11,47.19
STORE_002,SKU10007,2025-06-05,1,4.29
STORE_002,SKU10007,2025-06-06,11,47.19
STORE_002,SKU10007,2025-06-07,10,42.9
STORE_002,SKU10007,2025-06-08,13,55.77
STORE_002,SKU10007,2025-06-09,5,21.45
STORE_002,SKU10007,2025-06-10,8,34.32
STORE_002,SKU10007,2025-06-11,5,21.45
STORE_002,SKU10007,2025-06-12,10,42.9
STORE_002,SKU10007,2025-06-13,10,42.9
STORE_002,SKU10007,2025-06-14,13,55.77
STORE_002,SKU10008,2025-04-20,11,32.89
STORE_002,SKU10008,2025-04-21,15,44.85
STORE_002,SKU10008,2025-04-22,7,20.93
STORE_002,SKU10008,2025-04-23,9,26.91
STORE_002,SKU10008,2025-04-24,7,20.93
STORE_002,SKU10008,2025-04-25,10,29.9
STORE_002,SKU10008,2025-04-26,8,23.92
STORE_002,SKU10008,2025-04-27,14,41.86
STORE_002,SKU10008,2025-04-28,11,32.89
STORE_002,SKU10008,2025-04-29,6,17.94
STORE_002,SKU10008,2025-04-30,12,35.88
STORE_002,SKU10008,2025-05-01,14,41.86
STORE_002,SKU10008,2025-05-02,11,32.89
STORE_002,SKU10008,2025-05-03,7,20.93
STORE_002,SKU10008,2025-05-04,10,29.9
STORE_002,SKU10008,2025-05-05,11,32.89
STORE_002,SKU10008,2025-05-07,9,26.91
STORE_002,SKU10008,2025-05-08,11,32.89
STORE_002,SKU10008,2025-05-09,12,35.88
STORE_002,SKU10008,2025-05-10,15,44.85
STORE_002,SKU10008,2025-05-11,9,26.91
STORE_002,SKU10008,2025-05-12,10,29.9
STORE_002,SKU10008,2025-05-13,7,20.93
STORE_002,SKU10008,2025-05-14,9,26.91
STORE_002,SKU10008,2025-05-15,8,23.92
STORE_002,SKU10008,2025-05-16,4,11.96
STORE_002,SKU10008,2025-05-17,9,26.91
STORE_002,SKU10008,2025-05-18,10,29.9
STORE_002,SKU10008,2025-05-19,12,35.88
STORE_002,SKU10008,2025-05-20,15,44.85
STORE_002,SKU10008,2025-05-21,7,20.93
STORE_002,SKU10008,2025-05-22,10,29.9
STORE_002,SKU10008,2025-05-23,11,32.89
STORE_002,SKU10008,2025-05-24,17,50.83
STORE_002,SKU10008,2025-05-25,9,26.91
STORE_002,SKU10008,2025-05-26,7,20.93
STORE_002,SKU10008,2025-05-27,8,23.92
STORE_002,SKU10008,2025-05-28,7,20.93
STORE_002,SKU10008,2025-05-29,11,32.89
STORE_002,SKU10008,2025-05-30,12,35.88
STORE_002,SKU10008,2025-05-31,12,35.88
STORE_002,SKU10008,2025-06-01,11,32.89
STORE_002,SKU10008,2025-06-02,13,38.87
STORE_002,SKU10008,2025-06-03,9,26.91
STORE_002,SKU10008,2025-06-04,12,35.88
STORE_002,SKU10008,2025-06-05,9,26.91
STORE_002,SKU10008,2025-06-06,6,17.94
STORE_002,SKU10008,2025-06-07,14,41.86
STORE_002,SKU10008,2025-06-08,12,35.88
STORE_002,SKU10008,2025-06-09,12,35.88
STORE_002,SKU10008,2025-06-10,11,32.89
STORE_002,SKU10008,2025-06-11,11,32.89
STORE_002,SKU10008,2025-06-12,7,20.93
STORE_002,SKU10008,2025-06-13,17,50.83
STORE_002,SKU10008,2025-06-14,12,35.88
STORE_002,SKU10009,2025-04-20,11,38.39
STORE_002,SKU10009,2025-04-21,7,24.43
STORE_002,SKU10009,2025-04-23,5,17.45
STORE_002,SKU10009,2025-04-24,6,20.94
STORE_002,SKU10009,2025-04-25,5,17.45
STORE_002,SKU10009,2025-04-26,7,24.43
STORE_002,SKU10009,2025-04-27,5,17.45
STORE_002,SKU10009,2025-04-28,5,17.45
STORE_002,SKU10009,2025-04-30,7,24.43
STORE_002,SKU10009,2025-05-01,9,31.41
STORE_002,SKU10009,2025-05-02,10,34.9
STORE_002,SKU10009,2025-05-03,8,27.92
STORE_002,SKU10009,2025-05-04,4,13.96
STORE_002,SKU10009,2025-05-05,11,38.39
STORE_002,SKU10009,2025-05-06,4,13.96
STORE_002,SKU10009,2025-05-07,8,27.92
STORE_002,SKU10009,2025-05-08,10,34.9
STORE_002,SKU10009,2025-05-09,8,27.92
STORE_002,SKU10009,2025-05-10,6,20.94
STORE_002,SKU10009,2025-05-11,8,27.92
STORE_002,SKU10009,2025-05-12,6,20.94
STORE_002,SKU10009,2025-05-13,5,17.45
STORE_002,SKU10009,2025-05-16,11,38.39
STORE_002,SKU10009,2025-05-17,8,27.92
STORE_002,SKU10009,2025-05-18,5,17.45
STORE_002,SKU10009,2025-05-19,11,38.39
STORE_002,SKU10009,2025-05-20,11,38.39
STORE_002,SKU10009,2025-05-21,7,24.43
STORE_002,SKU10009,2025-05-22,4,13.96
STORE_002,SKU10009,2025-05-24,7,24.43
STORE_002,SKU10009,2025-05-25,10,34.9
STORE_002,SKU10009,2025-05-26,3,10.47
STORE_002,SKU10009,2025-05-27,7,24.43
STORE_002,SKU10009,2025-05-28,7,24.43
STORE_002,SKU10009,2025-05-29,7,24.43
STORE_002,SKU10009,2025-05-30,5,17.45
STORE_002,SKU10009,2025-06-01,8,27.92
STORE_002,SKU10009,2025-06-02,6,20.94
STORE_002,SKU10009,2025-06-03,1,3.49
STORE_002,SKU10009,2025-06-05,7,24.43
STORE_002,SKU10009,2025-06-06,8,27.92
STORE_002,SKU10009,2025-06-07,5,17.45
STORE_002,SKU10009,2025-06-08,6,20.94
STORE_002,SKU10009,2025-06-09,8,27.92
STORE_002,SKU10009,2025-06-10,9,31.41
STORE_002,SKU10009,2025-06-11,5,17.45
STORE_002,SKU10009,2025-06-12,4,13.96
STORE_002,SKU10009,2025-06-13,8,27.92
STORE_002,SKU10009,2025-06-14,7,24.43
STORE_002,SKU20000,2025-04-20,6,22.74
STORE_002,SKU20000,2025-04-21,4,15.16
STORE_002,SKU20000,2025-04-22,6,22.74
STORE_002,SKU20000,2025-04-23,10,37.9
STORE_002,SKU20000,2025-04-24,10,37.9
STORE_002,SKU20000,2025-04-25,8,30.32
STORE_002,SKU20000,2025-04-26,9,34.11
STORE_002,SKU20000,2025-04-27,8,30.32
STORE_002,SKU20000,2025-04-28,3,11.37
STORE_002,SKU20000,2025-04-29,10,37.9
STORE_002,SKU20000,2025-04-30,8,30.32
STORE_002,SKU20000,2025-05-01,6,22.74
STORE_002,SKU20000,2025-05-02,10,37.9
STORE_002,SKU20000,2025-05-03,6,22.74
STORE_002,SKU20000,2025-05-04,11,41.69
STORE_002,SKU20000,2025-05-05,4,15.16
STORE_002,SKU20000,2025-05-06,13,49.27
STORE_002,SKU20000,2025-05-07,5,18.95
STORE_002,SKU20000,2025-05-08,10,37.9
STORE_002,SKU20000,2025-05-09,6,22.74
STORE_002,SKU20000,2025-05-10,10,37.9
STORE_002,SKU20000,2025-05-11,12,45.48
STORE_002,SKU20000,2025-05-12,7,26.53
STORE_002,SKU20000,2025-05-13,12,45.48
STORE_002,SKU20000,2025-05-14,11,41.69
STORE_002,SKU20000,2025-05-15,5,18.95
STORE_002,SKU20000,2025-05-16,8,30.32
STORE_002,SKU20000,2025-05-17,8,30.32
STORE_002,SKU20000,2025-05-18,9,34.11
STORE_002,SKU20000,2025-05-19,7,26.53
STORE_002,SKU20000,2025-05-20,6,22.74
STORE_002,SKU20000,2025-05-21,7,26.53
STORE_002,SKU20000,2025-05-22,9,34.11
STORE_002,SKU20000,2025-05-23,3,11.37
STORE_002,SKU20000,2025-05-24,11,41.69
STORE_002,SKU20000,2025-05-25,9,34.11
STORE_002,SKU20000,2025-05-26,11,41.69
STORE_002,SKU20000,2025-05-27,7,26.53
STORE_002,SKU20000,2025-05-28,6,22.74
STORE_002,SKU20000,2025-05-29,6,22.74
STORE_002,SKU20000,2025-05-30,9,34.11
STORE_002,SKU20000,2025-05-31,5,18.95
STORE_002,SKU20000,2025-06-01,7,26.53
STORE_002,SKU20000,2025-06-02,8,30.32
STORE_002,SKU20000,2025-06-03,5,18.95
STORE_002,SKU20000,2025-06-04,8,30.32
STORE_002,SKU20000,2025-06-05,10,37.9
STORE_002,SKU20000,2025-06-06,10,37.9
STORE_002,SKU20000,2025-06-07,9,34.11
STORE_002,SKU20000,2025-06-08,11,41.69
STORE_002,SKU20000,2025-06-09,9,34.11
STORE_002,SKU20000,2025-06-10,8,30.32
STORE_002,SKU20000,2025-06-11,9,34.11
STORE_002,SKU20000,2025-06-12,7,26.53
STORE_002,SKU20000,2025-06-13,7,26.53
STORE_002,SKU20000,2025-06-14,10,37.9
STORE_002,SKU20001,2025-04-20,12,45.48
STORE_002,SKU20001,2025-04-21,14,53.06
STORE_002,SKU20001,2025-04-22,13,49.27
STORE_002,SKU20001,2025-04-23,13,49.27
STORE_002,SKU20001,2025-04-24,12,45.48
STORE_002,SKU20001,2025-04-25,11,41.69
STORE_002,SKU20001,2025-04-26,14,53.06
STORE_002,SKU20001,2025-04-27,15,56.85
STORE_002,SKU20001,2025-04-28,11,41.69
STORE_002,SKU20001,2025-04-29,8,30.32
STORE_002,SKU20001,2025-04-30,10,37.9
STORE_002,SKU20001,2025-05-01,6,22.74
STORE_002,SKU20001,2025-05-02,14,53.06
STORE_002,SKU20001,2025-05-03,14,53.06
STORE_002,SKU20001,2025-05-04,10,37.9
STORE_002,SKU20001,2025-05-05,8,30.32
STORE_002,SKU20001,2025-05-06,14,53.06
STORE_002,SKU20001,2025-05-07,8,30.32
STORE_002,SKU20001,2025-05-08,6,22.74
STORE_002,SKU20001,2025-05-09,7,26.53
STORE_002,SKU20001,2025-05-10,11,41.69
STORE_002,SKU20001,2025-05-11,11,41.69
STORE_002,SKU20001,2025-05-12,9,34.11
STORE_002,SKU20001,2025-05-13,12,45.48
STORE_002,SKU20001,2025-05-14,9,34.11
STORE_002,SKU20001,2025-05-15,12,45.48
STORE_002,SKU20001,2025-05-16,7,26.53
STORE_002,SKU20001,2025-05-17,15,56.85
STORE_002,SKU20001,2025-05-18,9,34.11
STORE_002,SKU20001,2025-05-19,10,37.9
STORE_002,SKU20001,2025-05-20,10,37.9
STORE_002,SKU20001,2025-05-21,11,41.69
STORE_002,SKU20001,2025-05-22,13,49.27
STORE_002,SKU20001,2025-05-23,9,34.11
STORE_002,SKU20001,2025-05-24,14,53.06
STORE_002,SKU20001,2025-05-25,15,56.85
STORE_002,SKU20001,2025-05-26,10,37.9
STORE_002,SKU20001,2025-05-27,16,60.64
STORE_002,SKU20001,2025-05-28,11,41.69
STORE_002,SKU20001,2025-05-29,9,34.11
STORE_002,SKU20001,2025-05-30,11,41.69
STORE_002,SKU20001,2025-05-31,17,64.43
STORE_002,SKU20001,2025-06-01,13,49.27
STORE_002,SKU20001,2025-06-02,11,41.69
STORE_002,SKU20001,2025-06-03,12,45.48
STORE_002,SKU20001,2025-06-04,13,49.27
STORE_002,SKU20001,2025-06-05,11,41.69
STORE_002,SKU20001,2025-06-06,12,45.48
STORE_002,SKU20001,2025-06-07,12,45.48
STORE_002,SKU20001,2025-06-08,12,45.48
STORE_002,SKU20001,2025-06-09,13,49.27
STORE_002,SKU20001,2025-06-10,8,30.32
STORE_002,SKU20001,2025-06-11,10,37.9
STORE_002,SKU20001,2025-06-12,10,37.9
STORE_002,SKU20001,2025-06-13,6,22.74
STORE_002,SKU20001,2025-06-14,8,30.32
STORE_002,SKU20002,2025-04-20,6,35.94
STORE_002,SKU20002,2025-04-21,7,41.93
STORE_002,SKU20002,2025-04-22,5,29.95
STORE_002,SKU20002,2025-04-23,4,23.96
STORE_002,SKU20002,2025-04-24,8,47.92
STORE_002,SKU20002,2025-04-25,4,23.96
STORE_002,SKU20002,2025-04-26,4,23.96
STORE_002,SKU20002,2025-04-27,9,53.91
STORE_002,SKU20002,2025-04-28,5,29.95
STORE_002,SKU20002,2025-04-29,8,47.92
STORE_002,SKU20002,2025-04-30,5,29.95
STORE_002,SKU20002,2025-05-01,5,29.95
STORE_002,SKU20002,2025-05-02,2,11.98
STORE_002,SKU20002,2025-05-04,5,29.95
STORE_002,SKU20002,2025-05-05,4,23.96
STORE_002,SKU20002,2025-05-06,6,35.94
STORE_002,SKU20002,2025-05-08,5,29.95
STORE_002,SKU20002,2025-05-09,6,35.94
STORE_002,SKU20002,2025-05-10,3,17.97
STORE_002,SKU20002,2025-05-11,3,17.97
STORE_002,SKU20002,2025-05-12,5,29.95
STORE_002,SKU20002,2025-05-13,4,23.96
STORE_002,SKU20002,2025-05-14,9,53.91
STORE_002,SKU20002,2025-05-15,4,23.96
STORE_002,SKU20002,2025-05-16,4,23.96
STORE_002,SKU20002,2025-05-17,9,53.91
STORE_002,SKU20002,2025-05-18,6,35.94
STORE_002,SKU20002,2025-05-19,2,11.98
STORE_002,SKU20002,2025-05-20,5,29.95
STORE_002,SKU20002,2025-05-21,4,23.96
STORE_002,SKU20002,2025-05-23,6,35.94
STORE_002,SKU20002,2025-05-24,5,29.95
STORE_002,SKU20002,2025-05-25,4,23.96
STORE_002,SKU20002,2025-05-27,3,17.97
STORE_002,SKU20002,2025-05-28,4,23.96
STORE_002,SKU20002,2025-05-29,2,11.98
STORE_002,SKU20002,2025-05-30,5,29.95
STORE_002,SKU20002,2025-05-31,7,41.93
STORE_002,SKU20002,2025-06-01,4,23.96
STORE_002,SKU20002,2025-06-02,3,17.97
STORE_002,SKU20002,2025-06-03,4,23.96
STORE_002,SKU20002,2025-06-04,5,29.95
STORE_002,SKU20002,2025-06-05,6,35.94
STORE_002,SKU20002,2025-06-06,4,23.96
STORE_002,SKU20002,2025-06-08,7,41.93
STORE_002,SKU20002,2025-06-09,4,23.96
STORE_002,SKU20002,2025-06-10,5,29.95
STORE_002,SKU20002,2025-06-11,4,23.96
STORE_002,SKU20002,2025-06-12,5,29.95
STORE_002,SKU20002,2025-06-13,5,29.95
STORE_002,SKU20002,2025-06-14,3,17.97
STORE_002,SKU20003,2025-04-20,1,4.99
STORE_002,SKU20003,2025-04-21,2,9.98
STORE_002,SKU20003,2025-04-22,4,19.96
STORE_002,SKU20003,2025-04-23,4,19.96
STORE_002,SKU20003,2025-04-24,4,19.96
STORE_002,SKU20003,2025-04-25,2,9.98
STORE_002,SKU20003,2025-04-26,4,19.96
STORE_002,SKU20003,2025-04-27,3,14.97
STORE_002,SKU20003,2025-04-28,3,14.97
STORE_002,SKU20003,2025-04-29,3,14.97
STORE_002,SKU20003,2025-04-30,3,14.97
STORE_002,SKU20003,2025-05-01,2,9.98
STORE_002,SKU20003,2025-05-02,5,24.95
STORE_002,SKU20003,2025-05-03,5,24.95
STORE_002,SKU20003,2025-05-05,4,19.96
STORE_002,SKU20003,2025-05-06,1,4.99
STORE_002,SKU20003,2025-05-07,5,24.95
STORE_002,SKU20003,2025-05-08,2,9.98
STORE_002,SKU20003,2025-05-09,5,24.95
STORE_002,SKU20003,2025-05-10,3,14.97
STORE_002,SKU20003,2025-05-11,2,9.98
STORE_002,SKU20003,2025-05-12,2,9.98
STORE_002,SKU20003,2025-05-13,5,24.95
STORE_002,SKU20003,2025-05-14,5,24.95
STORE_002,SKU20003,2025-05-15,3,14.97
STORE_002,SKU20003,2025-05-17,5,24.95
STORE_002,SKU20003,2025-05-19,2,9.98
STORE_002,SKU20003,2025-05-20,3,14.97
STORE_002,SKU20003,2025-05-21,2,9.98
STORE_002,SKU20003,2025-05-22,2,9.98
STORE_002,SKU20003,2025-05-23,3,14.97
STORE_002,SKU20003,2025-05-25,3,14.97
STORE_002,SKU20003,2025-05-26,2,9.98
STORE_002,SKU20003,2025-05-27,4,19.96
STORE_002,SKU20003,2025-05-28,5,24.95
STORE_002,SKU20003,2025-05-29,1,4.99
STORE_002,SKU20003,2025-05-30,3,14.97
STORE_002,SKU20003,2025-05-31,2,9.98
STORE_002,SKU20003,2025-06-01,2,9.98
STORE_002,SKU20003,2025-06-02,4,19.96
STORE_002,SKU20003,2025-06-04,3,14.97
STORE_002,SKU20003,2025-06-05,4,19.96
STORE_002,SKU20003,2025-06-06,2,9.98
STORE_002,SKU20003,2025-06-07,4,19.96
STORE_002,SKU20003,2025-06-08,3,14.97
STORE_002,SKU20003,2025-06-09,4,19.96
STORE_002,SKU20003,2025-06-10,3,14.97
STORE_002,SKU20003,2025-06-11,2,9.98
STORE_002,SKU20003,2025-06-12,5,24.95
STORE_002,SKU20003,2025-06-13,5,24.95
STORE_002,SKU20003,2025-06-14,3,14.97
STORE_002,SKU20004,2025-04-20,8,34.32
STORE_002,SKU20004,2025-04-21,7,30.03
STORE_002,SKU20004,2025-04-22,6,25.74
STORE_002,SKU20004,2025-04-23,5,21.45
STORE_002,SKU20004,2025-04-24,4,17.16
STORE_002,SKU20004,2025-04-25,8,34.32
STORE_002,SKU20004,2025-04-26,7,30.03
STORE_002,SKU20004,2025-04-27,10,42.9
STORE_002,SKU20004,2025-04-28,6,25.74
STORE_002,SKU20004,2025-04-29,9,38.61
STORE_002,SKU20004,2025-04-30,4,17.16
STORE_002,SKU20004,2025-05-01,1,4.29
STORE_002,SKU20004,2025-05-02,4,17.16
STORE_002,SKU20004,2025-05-03,8,34.32
STORE_002,SKU20004,2025-05-04,8,34.32
STORE_002,SKU20004,2025-05-05,3,12.87
STORE_002,SKU20004,2025-05-06,7,30.03
STORE_002,SKU20004,2025-05-07,4,17.16
STORE_002,SKU20004,2025-05-08,2,8.58
STORE_002,SKU20004,2025-05-09,8,34.32
STORE_002,SKU20004,2025-05-11,6,25.74
STORE_002,SKU20004,2025-05-12,4,17.16
STORE_002,SKU20004,2025-05-13,5,21.45
STORE_002,SKU20004,2025-05-14,1,4.29
STORE_002,SKU20004,2025-05-15,7,30.03
STORE_002,SKU20004,2025-05-16,7,30.03
STORE_002,SKU20004,2025-05-17,8,34.32
STORE_002,SKU20004,2025-05-18,5,21.45
STORE_002,SKU20004,2025-05-19,5,21.45
STORE_002,SKU20004,2025-05-21,5,21.45
STORE_002,SKU20004,2025-05-22,7,30.03
STORE_002,SKU20004,2025-05-23,8,34.32
STORE_002,SKU20004,2025-05-24,7,30.03
STORE_002,SKU20004,2025-05-25,7,30.03
STORE_002,SKU20004,2025-05-26,5,21.45
STORE_002,SKU20004,2025-05-27,4,17.16
STORE_002,SKU20004,2025-05-28,3,12.87
STORE_002,SKU20004,2025-05-29,6,25.74
STORE_002,SKU20004,2025-05-30,6,25.74
STORE_002,SKU20004,2025-05-31,7,30.03
STORE_002,SKU20004,2025-06-01,9,38.61
STORE_002,SKU20004,2025-06-02,9,38.61
STORE_002,SKU20004,2025-06-03,2,8.58
STORE_002,SKU20004,2025-06-04,7,30.03
STORE_002,SKU20004,2025-06-05,5,21.45
STORE_002,SKU20004,2025-06-06,7,30.03
STORE_002,SKU20004,2025-06-07,5,21.45
STORE_002,SKU20004,2025-06-08,11,47.19
STORE_002,SKU20004,2025-06-09,7,30.03
STORE_002,SKU20004,2025-06-10,5,21.45
STORE_002,SKU20004,2025-06-11,8,34.32
STORE_002,SKU20004,2025-06-13,4,17.16
STORE_002,SKU20004,2025-06-14,10,42.9
STORE_002,SKU20005,2025-04-20,16,63.84
STORE_002,SKU20005,2025-04-21,13,51.87
STORE_002,SKU20005,2025-04-22,15,59.85
STORE_002,SKU20005,2025-04-23,4,15.96
STORE_002,SKU20005,2025-04-24,11,43.89
STORE_002,SKU20005,2025-04-25,11,43.89
STORE_002,SKU20005,2025-04-26,17,67.83
STORE_002,SKU20005,2025-04-27,12,47.88
STORE_002,SKU20005,2025-04-28,14,55.86
STORE_002,SKU20005,2025-04-29,13,51.87
STORE_002,SKU20005,2025-04-30,11,43.89
STORE_002,SKU20005,2025-05-01,11,43.89
STORE_002,SKU20005,2025-05-02,13,51.87
STORE_002,SKU20005,2025-05-03,9,35.91
STORE_002,SKU20005,2025-05-04,18,71.82
STORE_002,SKU20005,2025-05-05,11,43.89
STORE_002,SKU20005,2025-05-06,12,47.88
STORE_002,SKU20005,2025-05-07,18,71.82
STORE_002,SKU20005,2025-05-08,16,63.84
STORE_002,SKU20005,2025-05-09,9,35.91
STORE_002,SKU20005,2025-05-10,6,23.94
STORE_002,SKU20005,2025-05-11,17,67.83
STORE_002,SKU20005,2025-05-12,12,47.88
STORE_002,SKU20005,2025-05-13,14,55.86
STORE_002,SKU20005,2025-05-14,15,59.85
STORE_002,SKU20005,2025-05-15,16,63.84
STORE_002,SKU20005,2025-05-16,12,47.88
STORE_002,SKU20005,2025-05-17,15,59.85
STORE_002,SKU20005,2025-05-18,16,63.84
STORE_002,SKU20005,2025-05-19,14,55.86
STORE_002,SKU20005,2025-05-20,14,55.86
STORE_002,SKU20005,2025-05-21,18,71.82
STORE_002,SKU20005,2025-05-22,14,55.86
STORE_002,SKU20005,2025-05-23,15,59.85
STORE_002,SKU20005,2025-05-24,16,63.84
STORE_002,SKU20005,2025-05-25,12,47.88
STORE_002,SKU20005,2025-05-26,11,43.89
STORE_002,SKU20005,2025-05-27,9,35.91
STORE_002,SKU20005,2025-05-28,16,63.84
STORE_002,SKU20005,2025-05-29,8,31.92
STORE_002,SKU20005,2025-05-30,13,51.87
STORE_002,SKU20005,2025-05-31,14,55.86
STORE_002,SKU20005,2025-06-01,9,35.91
STORE_002,SKU20005,2025-06-02,12,47.88
STORE_002,SKU20005,2025-06-03,12,47.88
STORE_002,SKU20005,2025-06-04,18,71.82
STORE_002,SKU20005,2025-06-05,7,27.93
STORE_002,SKU20005,2025-06-06,17,67.83
STORE_002,SKU20005,2025-06-07,14,55.86
STORE_002,SKU20005,2025-06-08,18,71.82
STORE_002,SKU20005,2025-06-09,13,51.87
STORE_002,SKU20005,2025-06-10,9,35.91
STORE_002,SKU20005,2025-06-11,18,71.82
STORE_002,SKU20005,2025-06-12,17,67.83
STORE_002,SKU20005,2025-06-13,10,39.9
STORE_002,SKU20005,2025-06-14,17,67.83
STORE_002,SKU20006,2025-04-20,4,11.96
STORE_002,SKU20006,2025-04-22,2,5.98
STORE_002,SKU20006,2025-04-23,2,5.98
STORE_002,SKU20006,2025-04-24,6,17.94
STORE_002,SKU20006,2025-04-25,3,8.97
STORE_002,SKU20006,2025-04-26,4,11.96
STORE_002,SKU20006,2025-04-27,3,8.97
STORE_002,SKU20006,2025-04-28,2,5.98
STORE_002,SKU20006,2025-04-29,8,23.92
STORE_002,SKU20006,2025-04-30,4,11.96
STORE_002,SKU20006,2025-05-01,3,8.97
STORE_002,SKU20006,2025-05-02,2,5.98
STORE_002,SKU20006,2025-05-04,2,5.98
STORE_002,SKU20006,2025-05-05,5,14.95
STORE_002,SKU20006,2025-05-06,2,5.98
STORE_002,SKU20006,2025-05-07,3,8.97
STORE_002,SKU20006,2025-05-08,7,20.93
STORE_002,SKU20006,2025-05-10,4,11.96
STORE_002,SKU20006,2025-05-11,5,14.95
STORE_002,SKU20006,2025-05-12,4,11.96
STORE_002,SKU20006,2025-05-14,6,17.94
STORE_002,SKU20006,2025-05-15,5,14.95
STORE_002,SKU20006,2025-05-17,4,11.96
STORE_002,SKU20006,2025-05-18,3,8.97
STORE_002,SKU20006,2025-05-19,4,11.96
STORE_002,SKU20006,2025-05-20,4,11.96
STORE_002,SKU20006,2025-05-21,5,14.95
STORE_002,SKU20006,2025-05-22,1,2.99
STORE_002,SKU20006,2025-05-23,4,11.96
STORE_002,SKU20006,2025-05-24,3,8.97
STORE_002,SKU20006,2025-05-25,4,11.96
STORE_002,SKU20006,2025-05-26,4,11.96
STORE_002,SKU20006,2025-05-27,7,20.93
STORE_002,SKU20006,2025-05-28,5,14.95
STORE_002,SKU20006,2025-05-29,4,11.96
STORE_002,SKU20006,2025-05-30,2,5.98
STORE_002,SKU20006,2025-05-31,5,14.95
STORE_002,SKU20006,2025-06-01,3,8.97
STORE_002,SKU20006,2025-06-02,6,17.94
STORE_002,SKU20006,2025-06-05,4,11.96
STORE_002,SKU20006,2025-06-06,2,5.98
STORE_002,SKU20006,2025-06-07,4,11.96
STORE_002,SKU20006,2025-06-08,6,17.94
STORE_002,SKU20006,2025-06-09,6,17.94
STORE_002,SKU20006,2025-06-10,4,11.96
STORE_002,SKU20006,2025-06-11,5,14.95
STORE_002,SKU20006,2025-06-12,4,11.96
STORE_002,SKU20006,2025-06-13,1,2.99
STORE_002,SKU20006,2025-06-14,4,11.96
STORE_002,SKU20007,2025-04-20,3,10.47
STORE_002,SKU20007,2025-04-21,6,20.94
STORE_002,SKU20007,2025-04-22,3,10.47
STORE_002,SKU20007,2025-04-23,5,17.45
STORE_002,SKU20007,2025-04-24,2,6.98
STORE_002,SKU20007,2025-04-25,5,17.45
STORE_002,SKU20007,2025-04-27,7,24.43
STORE_002,SKU20007,2025-04-28,2,6.98
STORE_002,SKU20007,2025-04-30,4,13.96
STORE_002,SKU20007,2025-05-01,5,17.45
STORE_002,SKU20007,2025-05-02,7,24.43
STORE_002,SKU20007,2025-05-03,7,24.43
STORE_002,SKU20007,2025-05-04,9,31.41
STORE_002,SKU20007,2025-05-05,9,31.41
STORE_002,SKU20007,2025-05-06,9,31.41
STORE_002,SKU20007,2025-05-07,5,17.45
STORE_002,SKU20007,2025-05-08,5,17.45
STORE_002,SKU20007,2025-05-09,8,27.92
STORE_002,SKU20007,2025-05-10,8,27.92
STORE_002,SKU20007,2025-05-11,5,17.45
STORE_002,SKU20007,2025-05-12,3,10.47
STORE_002,SKU20007,2025-05-13,1,3.49
STORE_002,SKU20007,2025-05-14,6,20.94
STORE_002,SKU20007,2025-05-15,7,24.43
STORE_002,SKU20007,2025-05-16,4,13.96
STORE_002,SKU20007,2025-05-17,4,13.96
STORE_002,SKU20007,2025-05-19,6,20.94
STORE_002,SKU20007,2025-05-20,7,24.43
STORE_002,SKU20007,2025-05-21,5,17.45
STORE_002,SKU20007,2025-05-22,4,13.96
STORE_002,SKU20007,2025-05-23,4,13.96
STORE_002,SKU20007,2025-05-24,5,17.45
STORE_002,SKU20007,2025-05-25,7,24.43
STORE_002,SKU20007,2025-05-26,4,13.96
STORE_002,SKU20007,2025-05-27,3,10.47
STORE_002,SKU20007,2025-05-28,2,6.98
STORE_002,SKU20007,2025-05-29,4,13.96
STORE_002,SKU20007,2025-05-30,7,24.43
STORE_002,SKU20007,2025-06-02,3,10.47
STORE_002,SKU20007,2025-06-03,5,17.45
STORE_002,SKU20007,2025-06-04,1,3.49
STORE_002,SKU20007,2025-06-05,3,10.47
STORE_002,SKU20007,2025-06-06,1,3.49
STORE_002,SKU20007,2025-06-07,7,24.43
STORE_002,SKU20007,2025-06-08,4,13.96
STORE_002,SKU20007,2025-06-09,5,17.45
STORE_002,SKU20007,2025-06-11,4,13.96
STORE_002,SKU20007,2025-06-12,6,20.94
STORE_002,SKU20007,2025-06-14,5,17.45
STORE_002,SKU30000,2025-04-29,1,12.99
STORE_002,SKU30000,2025-05-04,1,12.99
STORE_002,SKU30000,2025-05-05,1,12.99
STORE_002,SKU30000,2025-05-09,2,25.98
STORE_002,SKU30000,2025-05-14,1,12.99
STORE_002,SKU30000,2025-05-15,2,25.98
STORE_002,SKU30000,2025-05-18,1,12.99
STORE_002,SKU30000,2025-05-20,1,12.99
STORE_002,SKU30000,2025-05-21,1,12.99
STORE_002,SKU30000,2025-05-24,1,12.99
STORE_002,SKU30000,2025-05-27,1,12.99
STORE_002,SKU30000,2025-05-29,1,12.99
STORE_002,SKU30000,2025-05-31,1,12.99
STORE_002,SKU30000,2025-06-01,2,25.98
STORE_002,SKU30000,2025-06-02,1,12.99
STORE_002,SKU30000,2025-06-03,1,12.99
STORE_002,SKU30000,2025-06-07,1,12.99
STORE_002,SKU30000,2025-06-14,2,25.98
STORE_002,SKU30001,2025-04-20,4,35.96
STORE_002,SKU30001,2025-04-24,4,35.96
STORE_002,SKU30001,2025-04-26,4,35.96
STORE_002,SKU30001,2025-04-27,3,26.97
STORE_002,SKU30001,2025-04-28,2,17.98
STORE_002,SKU30001,2025-04-29,3,26.97
STORE_002,SKU30001,2025-04-30,1,8.99
STORE_002,SKU30001,2025-05-01,4,35.96
STORE_002,SKU30001,2025-05-02,3,26.97
STORE_002,SKU30001,2025-05-04,3,26.97
STORE_002,SKU30001,2025-05-05,3,26.97
STORE_002,SKU30001,2025-05-06,4,35.96
STORE_002,SKU30001,2025-05-08,2,17.98
STORE_002,SKU30001,2025-05-09,3,26.97
STORE_002,SKU30001,2025-05-10,3,26.97
STORE_002,SKU30001,2025-05-12,5,44.95
STORE_002,SKU30001,2025-05-13,3,26.97
STORE_002,SKU30001,2025-05-14,4,35.96
STORE_002,SKU30001,2025-05-15,2,17.98
STORE_002,SKU30001,2025-05-17,5,44.95
STORE_002,SKU30001,2025-05-18,5,44.95
STORE_002,SKU30001,2025-05-19,3,26.97
STORE_002,SKU30001,2025-05-21,1,8.99
STORE_002,SKU30001,2025-05-22,2,17.98
STORE_002,SKU30001,2025-05-23,4,35.96
STORE_002,SKU30001,2025-05-25,2,17.98
STORE_002,SKU30001,2025-05-26,4,35.96
STORE_002,SKU30001,2025-05-27,2,17.98
STORE_002,SKU30001,2025-05-28,3,26.97
STORE_002,SKU30001,2025-05-29,3,26.97
STORE_002,SKU30001,2025-05-31,4,35.96
STORE_002,SKU30001,2025-06-01,4,35.96
STORE_002,SKU30001,2025-06-04,2,17.98
STORE_002,SKU30001,2025-06-05,2,17.98
STORE_002,SKU30001,2025-06-07,3,26.97
STORE_002,SKU30001,2025-06-08,2,17.98
STORE_002,SKU30001,2025-06-09,4,35.96
STORE_002,SKU30001,2025-06-12,4,35.96
STORE_002,SKU30001,2025-06-13,5,44.95
STORE_002,SKU30001,2025-06-14,2,17.98
STORE_002,SKU30002,2025-04-22,1,7.99
STORE_002,SKU30002,2025-04-23,3,23.97
STORE_002,SKU30002,2025-04-24,3,23.97
STORE_002,SKU30002,2025-04-26,5,39.95
STORE_002,SKU30002,2025-04-27,5,39.95
STORE_002,SKU30002,2025-04-28,3,23.97
STORE_002,SKU30002,2025-04-29,3,23.97
STORE_002,SKU30002,2025-04-30,3,23.97
STORE_002,SKU30002,2025-05-02,2,15.98
STORE_002,SKU30002,2025-05-04,2,15.98
STORE_002,SKU30002,2025-05-05,1,7.99
STORE_002,SKU30002,2025-05-06,2,15.98
STORE_002,SKU30002,2025-05-07,2,15.98
STORE_002,SKU30002,2025-05-08,1,7.99
STORE_002,SKU30002,2025-05-10,4,31.96
STORE_002,SKU30002,2025-05-11,2,15.98
STORE_002,SKU30002,2025-05-12,4,31.96
STORE_002,SKU30002,2025-05-13,1,7.99
STORE_002,SKU30002,2025-05-15,2,15.98
STORE_002,SKU30002,2025-05-16,3,23.97
STORE_002,SKU30002,2025-05-18,3,23.97
STORE_002,SKU30002,2025-05-19,3,23.97
STORE_002,SKU30002,2025-05-20,1,7.99
STORE_002,SKU30002,2025-05-21,2,15.98
STORE_002,SKU30002,2025-05-25,2,15.98
STORE_002,SKU30002,2025-05-27,3,23.97
STORE_002,SKU30002,2025-05-28,4,31.96
STORE_002,SKU30002,2025-05-29,1,7.99
STORE_002,SKU30002,2025-05-30,4,31.96
STORE_002,SKU30002,2025-05-31,5,39.95
STORE_002,SKU30002,2025-06-02,3,23.97
STORE_002,SKU30002,2025-06-03,4,31.96
STORE_002,SKU30002,2025-06-04,3,23.97
STORE_002,SKU30002,2025-06-05,1,7.99
STORE_002,SKU30002,2025-06-06,3,23.97
STORE_002,SKU30002,2025-06-08,2,15.98
STORE_002,SKU30002,2025-06-09,5,39.95
STORE_002,SKU30002,2025-06-11,4,31.96
STORE_002,SKU30002,2025-06-12,1,7.99
STORE_002,SKU30002,2025-06-13,3,23.97
STORE_002,SKU30002,2025-06-14,3,23.97
STORE_002,SKU30003,2025-04-23,3,28.47
STORE_002,SKU30003,2025-04-25,2,18.98
STORE_002,SKU30003,2025-04-28,1,9.49
STORE_002,SKU30003,2025-04-30,3,28.47
STORE_002,SKU30003,2025-05-05,2,18.98
STORE_002,SKU30003,2025-05-07,3,28.47
STORE_002,SKU30003,2025-05-09,1,9.49
STORE_002,SKU30003,2025-05-10,1,9.49
STORE_002,SKU30003,2025-05-14,1,9.49
STORE_002,SKU30003,2025-05-17,1,9.49
STORE_002,SKU30003,2025-05-18,1,9.49
STORE_002,SKU30003,2025-05-21,1,9.49
STORE_002,SKU30003,2025-05-22,2,18.98
STORE_002,SKU30003,2025-05-23,1,9.49
STORE_002,SKU30003,2025-05-24,1,9.49
STORE_002,SKU30003,2025-05-25,2,18.98
STORE_002,SKU30003,2025-05-26,1,9.49
STORE_002,SKU30003,2025-05-27,1,9.49
STORE_002,SKU30003,2025-05-28,2,18.98
STORE_002,SKU30003,2025-05-29,1,9.49
STORE_002,SKU30003,2025-05-30,2,18.98
STORE_002,SKU30003,2025-05-31,2,18.98
STORE_002,SKU30003,2025-06-05,3,28.47
STORE_002,SKU30003,2025-06-08,1,9.49
STORE_002,SKU30003,2025-06-11,1,9.49
STORE_002,SKU30003,2025-06-12,2,18.98
STORE_002,SKU30004,2025-04-21,3,20.97
STORE_002,SKU30004,2025-04-24,4,27.96
STORE_002,SKU30004,2025-04-25,1,6.99
STORE_002,SKU30004,2025-04-27,3,20.97
STORE_002,SKU30004,2025-04-28,1,6.99
STORE_002,SKU30004,2025-04-29,3,20.97
STORE_002,SKU30004,2025-04-30,1,6.99
STORE_002,SKU30004,2025-05-01,4,27.96
STORE_002,SKU30004,2025-05-03,4,27.96
STORE_002,SKU30004,2025-05-04,5,34.95
STORE_002,SKU30004,2025-05-05,1,6.99
STORE_002,SKU30004,2025-05-06,4,27.96
STORE_002,SKU30004,2025-05-07,1,6.99
STORE_002,SKU30004,2025-05-08,2,13.98
STORE_002,SKU30004,2025-05-10,3,20.97
STORE_002,SKU30004,2025-05-11,2,13.98
STORE_002,SKU30004,2025-05-13,2,13.98
STORE_002,SKU30004,2025-05-15,4,27.96
STORE_002,SKU30004,2025-05-16,1,6.99
STORE_002,SKU30004,2025-05-18,2,13.98
STORE_002,SKU30004,2025-05-19,2,13.98
STORE_002,SKU30004,2025-05-21,3,20.97
STORE_002,SKU30004,2025-05-23,2,13.98
STORE_002,SKU30004,2025-05-24,1,6.99
STORE_002,SKU30004,2025-05-25,3,20.97
STORE_002,SKU30004,2025-05-26,3,20.97
STORE_002,SKU30004,2025-05-27,1,6.99
STORE_002,SKU30004,2025-05-28,1,6.99
STORE_002,SKU30004,2025-05-29,4,27.96
STORE_002,SKU30004,2025-05-30,1,6.99
STORE_002,SKU30004,2025-05-31,1,6.99
STORE_002,SKU30004,2025-06-01,1,6.99
STORE_002,SKU30004,2025-06-02,2,13.98
STORE_002,SKU30004,2025-06-03,2,13.98
STORE_002,SKU30004,2025-06-05,1,6.99
STORE_002,SKU30004,2025-06-07,2,13.98
STORE_002,SKU30004,2025-06-08,2,13.98
STORE_002,SKU30004,2025-06-09,1,6.99
STORE_002,SKU30004,2025-06-10,3,20.97
STORE_002,SKU30004,2025-06-11,2,13.98
STORE_002,SKU30004,2025-06-12,3,20.97
STORE_002,SKU30004,2025-06-13,1,6.99
STORE_002,SKU30004,2025-06-14,1,6.99
STORE_002,SKU40000,2025-04-20,5,14.95
STORE_002,SKU40000,2025-04-21,4,11.96
STORE_002,SKU40000,2025-04-23,3,8.97
STORE_002,SKU40000,2025-04-24,7,20.93
STORE_002,SKU40000,2025-04-26,6,17.94
STORE_002,SKU40000,2025-04-28,4,11.96
STORE_002,SKU40000,2025-04-29,3,8.97
STORE_002,SKU40000,2025-05-01,7,20.93
STORE_002,SKU40000,2025-05-03,7,20.93
STORE_002,SKU40000,2025-05-04,4,11.96
STORE_002,SKU40000,2025-05-05,2,5.98
STORE_002,SKU40000,2025-05-06,4,11.96
STORE_002,SKU40000,2025-05-07,2,5.98
STORE_002,SKU40000,2025-05-08,4,11.96
STORE_002,SKU40000,2025-05-09,4,11.96
STORE_002,SKU40000,2025-05-10,5,14.95
STORE_002,SKU40000,2025-05-11,7,20.93
STORE_002,SKU40000,2025-05-12,3,8.97
STORE_002,SKU40000,2025-05-13,2,5.98
STORE_002,SKU40000,2025-05-14,4,11.96
STORE_002,SKU40000,2025-05-15,3,8.97
STORE_002,SKU40000,2025-05-16,3,8.97
STORE_002,SKU40000,2025-05-17,3,8.97
STORE_002,SKU40000,2025-05-18,5,14.95
STORE_002,SKU40000,2025-05-19,2,5.98
STORE_002,SKU40000,2025-05-20,5,14.95
STORE_002,SKU40000,2025-05-21,5,14.95
STORE_002,SKU40000,2025-05-22,4,11.96
STORE_002,SKU40000,2025-05-23,2,5.98
STORE_002,SKU40000,2025-05-24,5,14.95
STORE_002,SKU40000,2025-05-25,6,17.94
STORE_002,SKU40000,2025-05-27,5,14.95
STORE_002,SKU40000,2025-05-28,4,11.96
STORE_002,SKU40000,2025-05-29,5,14.95
STORE_002,SKU40000,2025-05-30,5,14.95
STORE_002,SKU40000,2025-05-31,4,11.96
STORE_002,SKU40000,2025-06-01,6,17.94
STORE_002,SKU40000,2025-06-02,3,8.97
STORE_002,SKU40000,2025-06-03,3,8.97
STORE_002,SKU40000,2025-06-05,3,8.97
STORE_002,SKU40000,2025-06-06,6,17.94
STORE_002,SKU40000,2025-06-08,4,11.96
STORE_002,SKU40000,2025-06-09,4,11.96
STORE_002,SKU40000,2025-06-10,4,11.96
STORE_002,SKU40000,2025-06-12,4,11.96
STORE_002,SKU40000,2025-06-13,3,8.97
STORE_002,SKU40000,2025-06-14,4,11.96
STORE_002,SKU40001,2025-04-20,4,23.96
STORE_002,SKU40001,2025-04-21,10,59.9
STORE_002,SKU40001,2025-04-22,6,35.94
STORE_002,SKU40001,2025-04-23,8,47.92
STORE_002,SKU40001,2025-04-25,5,29.95
STORE_002,SKU40001,2025-04-26,7,41.93
STORE_002,SKU40001,2025-04-27,10,59.9
STORE_002,SKU40001,2025-04-28,7,41.93
STORE_002,SKU40001,2025-04-29,4,23.96
STORE_002,SKU40001,2025-04-30,8,47.92
STORE_002,SKU40001,2025-05-01,6,35.94
STORE_002,SKU40001,2025-05-02,9,53.91
STORE_002,SKU40001,2025-05-03,11,65.89
STORE_002,SKU40001,2025-05-04,7,41.93
STORE_002,SKU40001,2025-05-05,7,41.93
STORE_002,SKU40001,2025-05-07,8,47.92
STORE_002,SKU40001,2025-05-08,8,47.92
STORE_002,SKU40001,2025-05-09,6,35.94
STORE_002,SKU40001,2025-05-10,6,35.94
STORE_002,SKU40001,2025-05-11,6,35.94
STORE_002,SKU40001,2025-05-13,7,41.93
STORE_002,SKU40001,2025-05-14,7,41.93
STORE_002,SKU40001,2025-05-15,8,47.92
STORE_002,SKU40001,2025-05-16,5,29.95
STORE_002,SKU40001,2025-05-17,7,41.93
STORE_002,SKU40001,2025-05-18,8,47.92
STORE_002,SKU40001,2025-05-19,4,23.96
STORE_002,SKU40001,2025-05-20,7,41.93
STORE_002,SKU40001,2025-05-21,8,47.92
STORE_002,SKU40001,2025-05-23,9,53.91
STORE_002,SKU40001,2025-05-24,10,59.9
STORE_002,SKU40001,2025-05-25,7,41.93
STORE_002,SKU40001,2025-05-26,5,29.95
STORE_002,SKU40001,2025-05-27,7,41.93
STORE_002,SKU40001,2025-05-28,3,17.97
STORE_002,SKU40001,2025-05-29,7,41.93
STORE_002,SKU40001,2025-05-31,7,41.93
STORE_002,SKU40001,2025-06-01,14,83.86
STORE_002,SKU40001,2025-06-02,9,53.91
STORE_002,SKU40001,2025-06-03,9,53.91
STORE_002,SKU40001,2025-06-04,3,17.97
STORE_002,SKU40001,2025-06-05,8,47.92
STORE_002,SKU40001,2025-06-06,8,47.92
STORE_002,SKU40001,2025-06-07,9,53.91
STORE_002,SKU40001,2025-06-08,6,35.94
STORE_002,SKU40001,2025-06-09,7,41.93
STORE_002,SKU40001,2025-06-10,8,47.92
STORE_002,SKU40001,2025-06-11,6,35.94
STORE_002,SKU40001,2025-06-12,8,47.92
STORE_002,SKU40001,2025-06-13,8,47.92
STORE_002,SKU40001,2025-06-14,7,41.93
STORE_002,SKU40002,2025-04-20,4,27.96
STORE_002,SKU40002,2025-04-22,2,13.98
STORE_002,SKU40002,2025-04-23,2,13.98
STORE_002,SKU40002,2025-04-24,3,20.97
STORE_002,SKU40002,2025-04-25,5,34.95
STORE_002,SKU40002,2025-04-26,4,27.96
STORE_002,SKU40002,2025-04-27,8,55.92
STORE_002,SKU40002,2025-04-28,7,48.93
STORE_002,SKU40002,2025-04-29,6,41.94
STORE_002,SKU40002,2025-04-30,4,27.96
STORE_002,SKU40002,2025-05-01,4,27.96
STORE_002,SKU40002,2025-05-02,8,55.92
STORE_002,SKU40002,2025-05-03,4,27.96
STORE_002,SKU40002,2025-05-04,7,48.93
STORE_002,SKU40002,2025-05-05,8,55.92
STORE_002,SKU40002,2025-05-06,8,55.92
STORE_002,SKU40002,2025-05-07,9,62.91
STORE_002,SKU40002,2025-05-08,6,41.94
STORE_002,SKU40002,2025-05-09,6,41.94
STORE_002,SKU40002,2025-05-10,5,34.95
STORE_002,SKU40002,2025-05-11,4,27.96
STORE_002,SKU40002,2025-05-12,5,34.95
STORE_002,SKU40002,2025-05-14,10,69.9
STORE_002,SKU40002,2025-05-15,7,48.93
STORE_002,SKU40002,2025-05-16,5,34.95
STORE_002,SKU40002,2025-05-17,6,41.94
STORE_002,SKU40002,2025-05-18,7,48.93
STORE_002,SKU40002,2025-05-19,5,34.95
STORE_002,SKU40002,2025-05-20,2,13.98
STORE_002,SKU40002,2025-05-21,8,55.92
STORE_002,SKU40002,2025-05-23,9,62.91
STORE_002,SKU40002,2025-05-24,8,55.92
STORE_002,SKU40002,2025-05-25,5,34.95
STORE_002,SKU40002,2025-05-26,6,41.94
STORE_002,SKU40002,2025-05-27,7,48.93
STORE_002,SKU40002,2025-05-28,7,48.93
STORE_002,SKU40002,2025-05-29,5,34.95
STORE_002,SKU40002,2025-05-30,8,55.92
STORE_002,SKU40002,2025-05-31,6,41.94
STORE_002,SKU40002,2025-06-01,4,27.96
STORE_002,SKU40002,2025-06-02,4,27.96
STORE_002,SKU40002,2025-06-03,5,34.95
STORE_002,SKU40002,2025-06-04,5,34.95
STORE_002,SKU40002,2025-06-05,8,55.92
STORE_002,SKU40002,2025-06-06,3,20.97
STORE_002,SKU40002,2025-06-07,2,13.98
STORE_002,SKU40002,2025-06-08,9,62.91
STORE_002,SKU40002,2025-06-09,6,41.94
STORE_002,SKU40002,2025-06-10,3,20.97
STORE_002,SKU40002,2025-06-11,7,48.93
STORE_002,SKU40002,2025-06-12,7,48.93
STORE_002,SKU40002,2025-06-13,9,62.91
STORE_002,SKU40003,2025-04-20,11,82.39
STORE_002,SKU40003,2025-04-21,6,44.94
STORE_002,SKU40003,2025-04-23,4,29.96
STORE_002,SKU40003,2025-04-24,6,44.94
STORE_002,SKU40003,2025-04-27,7,52.43
STORE_002,SKU40003,2025-04-28,10,74.9
STORE_002,SKU40003,2025-04-29,4,29.96
STORE_002,SKU40003,2025-04-30,4,29.96
STORE_002,SKU40003,2025-05-01,6,44.94
STORE_002,SKU40003,2025-05-02,2,14.98
STORE_002,SKU40003,2025-05-03,4,29.96
STORE_002,SKU40003,2025-05-04,5,37.45
STORE_002,SKU40003,2025-05-05,7,52.43
STORE_002,SKU40003,2025-05-07,6,44.94
STORE_002,SKU40003,2025-05-10,9,67.41
STORE_002,SKU40003,2025-05-11,5,37.45
STORE_002,SKU40003,2025-05-12,3,22.47
STORE_002,SKU40003,2025-05-13,9,67.41
STORE_002,SKU40003,2025-05-14,2,14.98
STORE_002,SKU40003,2025-05-15,7,52.43
STORE_002,SKU40003,2025-05-16,4,29.96
STORE_002,SKU40003,2025-05-17,7,52.43
STORE_002,SKU40003,2025-05-18,6,44.94
STORE_002,SKU40003,2025-05-19,6,44.94
STORE_002,SKU40003,2025-05-21,9,67.41
STORE_002,SKU40003,2025-05-22,6,44.94
STORE_002,SKU40003,2025-05-23,8,59.92
STORE_002,SKU40003,2025-05-24,4,29.96
STORE_002,SKU40003,2025-05-25,5,37.45
STORE_002,SKU40003,2025-05-26,4,29.96
STORE_002,SKU40003,2025-05-27,1,7.49
STORE_002,SKU40003,2025-05-28,5,37.45
STORE_002,SKU40003,2025-05-29,6,44.94
STORE_002,SKU40003,2025-05-30,4,29.96
STORE_002,SKU40003,2025-05-31,7,52.43
STORE_002,SKU40003,2025-06-01,7,52.43
STORE_002,SKU40003,2025-06-02,4,29.96
STORE_002,SKU40003,2025-06-03,1,7.49
STORE_002,SKU40003,2025-06-04,2,14.98
STORE_002,SKU40003,2025-06-05,5,37.45
STORE_002,SKU40003,2025-06-06,4,29.96
STORE_002,SKU40003,2025-06-08,3,22.47
STORE_002,SKU40003,2025-06-09,4,29.96
STORE_002,SKU40003,2025-06-10,6,44.94
STORE_002,SKU40003,2025-06-11,1,7.49
STORE_002,SKU40003,2025-06-12,5,37.45
STORE_002,SKU40003,2025-06-13,6,44.94
STORE_002,SKU40003,2025-06-14,3,22.47
STORE_003,SKU10000,2025-04-20,6,11.94
STORE_003,SKU10000,2025-04-21,8,15.92
STORE_003,SKU10000,2025-04-22,13,25.87
STORE_003,SKU10000,2025-04-23,5,9.95
STORE_003,SKU10000,2025-04-24,3,5.97
STORE_003,SKU10000,2025-04-26,3,5.97
STORE_003,SKU10000,2025-04-27,1,1.99
STORE_003,SKU10000,2025-04-28,11,21.89
STORE_003,SKU10000,2025-04-29,8,15.92
STORE_003,SKU10000,2025-04-30,1,1.99
STORE_003,SKU10000,2025-05-01,2,3.98
STORE_003,SKU10000,2025-05-02,5,9.95
STORE_003,SKU10000,2025-05-03,10,19.9
STORE_003,SKU10000,2025-05-04,8,15.92
STORE_003,SKU10000,2025-05-05,7,13.93
STORE_003,SKU10000,2025-05-06,6,11.94
STORE_003,SKU10000,2025-05-07,1,1.99
STORE_003,SKU10000,2025-05-08,5,9.95
STORE_003,SKU10000,2025-05-09,5,9.95
STORE_003,SKU10000,2025-05-10,1,1.99
STORE_003,SKU10000,2025-05-11,12,23.88
STORE_003,SKU10000,2025-05-12,3,5.97
STORE_003,SKU10000,2025-05-14,4,7.96
STORE_003,SKU10000,2025-05-15,4,7.96
STORE_003,SKU10000,2025-05-16,5,9.95
STORE_003,SKU10000,2025-05-17,5,9.95
STORE_003,SKU10000,2025-05-18,6,11.94
STORE_003,SKU10000,2025-05-19,6,11.94
STORE_003,SKU10000,2025-05-20,5,9.95
STORE_003,SKU10000,2025-05-21,6,11.94
STORE_003,SKU10000,2025-05-22,7,13.93
STORE_003,SKU10000,2025-05-23,7,13.93
STORE_003,SKU10000,2025-05-24,8,15.92
STORE_003,SKU10000,2025-05-25,4,7.96
STORE_003,SKU10000,2025-05-26,3,5.97
STORE_003,SKU10000,2025-05-27,9,17.91
STORE_003,SKU10000,2025-05-28,4,7.96
STORE_003,SKU10000,2025-05-29,5,9.95
STORE_003,SKU10000,2025-05-30,4,7.96
STORE_003,SKU10000,2025-05-31,14,27.86
STORE_003,SKU10000,2025-06-01,3,5.97
STORE_003,SKU10000,2025-06-02,2,3.98
STORE_003,SKU10000,2025-06-03,5,9.95
STORE_003,SKU10000,2025-06-04,4,7.96
STORE_003,SKU10000,2025-06-05,1,1.99
STORE_003,SKU10000,2025-06-06,5,9.95
STORE_003,SKU10000,2025-06-07,6,11.94
STORE_003,SKU10000,2025-06-08,4,7.96
STORE_003,SKU10000,2025-06-09,5,9.95
STORE_003,SKU10000,2025-06-10,2,3.98
STORE_003,SKU10000,2025-06-11,1,1.99
STORE_003,SKU10000,2025-06-12,4,7.96
STORE_003,SKU10000,2025-06-13,2,3.98
STORE_003,SKU10000,2025-06-14,1,1.99
STORE_003,SKU10001,2025-04-22,4,19.96
STORE_003,SKU10001,2025-04-23,3,14.97
STORE_003,SKU10001,2025-04-24,5,24.95
STORE_003,SKU10001,2025-04-25,3,14.97
STORE_003,SKU10001,2025-04-26,4,19.96
STORE_003,SKU10001,2025-04-27,2,9.98
STORE_003,SKU10001,2025-04-28,2,9.98
STORE_003,SKU10001,2025-04-29,6,29.94
STORE_003,SKU10001,2025-04-30,4,19.96
STORE_003,SKU10001,2025-05-01,4,19.96
STORE_003,SKU10001,2025-05-02,3,14.97
STORE_003,SKU10001,2025-05-03,3,14.97
STORE_003,SKU10001,2025-05-05,5,24.95
STORE_003,SKU10001,2025-05-06,4,19.96
STORE_003,SKU10001,2025-05-07,3,14.97
STORE_003,SKU10001,2025-05-08,1,4.99
STORE_003,SKU10001,2025-05-10,5,24.95
STORE_003,SKU10001,2025-05-11,2,9.98
STORE_003,SKU10001,2025-05-13,2,9.98
STORE_003,SKU10001,2025-05-14,1,4.99
STORE_003,SKU10001,2025-05-15,2,9.98
STORE_003,SKU10001,2025-05-16,4,19.96
STORE_003,SKU10001,2025-05-17,7,34.93
STORE_003,SKU10001,2025-05-18,4,19.96
STORE_003,SKU10001,2025-05-19,3,14.97
STORE_003,SKU10001,2025-05-20,7,34.93
STORE_003,SKU10001,2025-05-21,3,14.97
STORE_003,SKU10001,2025-05-22,5,24.95
STORE_003,SKU10001,2025-05-23,4,19.96
STORE_003,SKU10001,2025-05-24,5,24.95
STORE_003,SKU10001,2025-05-25,2,9.98
STORE_003,SKU10001,2025-05-27,5,24.95
STORE_003,SKU10001,2025-05-28,4,19.96
STORE_003,SKU10001,2025-05-29,1,4.99
STORE_003,SKU10001,2025-05-30,2,9.98
STORE_003,SKU10001,2025-05-31,1,4.99
STORE_003,SKU10001,2025-06-01,1,4.99
STORE_003,SKU10001,2025-06-03,7,34.93
STORE_003,SKU10001,2025-06-04,3,14.97
STORE_003,SKU10001,2025-06-05,4,19.96
STORE_003,SKU10001,2025-06-06,5,24.95
STORE_003,SKU10001,2025-06-07,2,9.98
STORE_003,SKU10001,2025-06-09,4,19.96
STORE_003,SKU10001,2025-06-11,4,19.96
STORE_003,SKU10001,2025-06-14,2,9.98
STORE_003,SKU10002,2025-04-20,4,9.96
STORE_003,SKU10002,2025-04-21,5,12.45
STORE_003,SKU10002,2025-04-22,3,7.47
STORE_003,SKU10002,2025-04-23,1,2.49
STORE_003,SKU10002,2025-04-24,4,9.96
STORE_003,SKU10002,2025-04-27,2,4.98
STORE_003,SKU10002,2025-04-28,3,7.47
STORE_003,SKU10002,2025-04-29,1,2.49
STORE_003,SKU10002,2025-04-30,1,2.49
STORE_003,SKU10002,2025-05-01,1,2.49
STORE_003,SKU10002,2025-05-02,4,9.96
STORE_003,SKU10002,2025-05-03,1,2.49
STORE_003,SKU10002,2025-05-06,6,14.94
STORE_003,SKU10002,2025-05-08,2,4.98
STORE_003,SKU10002,2025-05-09,5,12.45
STORE_003,SKU10002,2025-05-11,1,2.49
STORE_003,SKU10002,2025-05-12,2,4.98
STORE_003,SKU10002,2025-05-15,1,2.49
STORE_003,SKU10002,2025-05-16,4,9.96
STORE_003,SKU10002,2025-05-17,2,4.98
STORE_003,SKU10002,2025-05-20,4,9.96
STORE_003,SKU10002,2025-05-21,1,2.49
STORE_003,SKU10002,2025-05-22,3,7.47
STORE_003,SKU10002,2025-05-23,1,2.49
STORE_003,SKU10002,2025-05-24,3,7.47
STORE_003,SKU10002,2025-05-25,4,9.96
STORE_003,SKU10002,2025-05-26,4,9.96
STORE_003,SKU10002,2025-05-28,2,4.98
STORE_003,SKU10002,2025-05-29,1,2.49
STORE_003,SKU10002,2025-05-30,4,9.96
STORE_003,SKU10002,2025-06-01,3,7.47
STORE_003,SKU10002,2025-06-02,3,7.47
STORE_003,SKU10002,2025-06-05,1,2.49
STORE_003,SKU10002,2025-06-06,1,2.49
STORE_003,SKU10002,2025-06-08,2,4.98
STORE_003,SKU10002,2025-06-10,1,2.49
STORE_003,SKU10002,2025-06-11,5,12.45
STORE_003,SKU10002,2025-06-13,2,4.98
STORE_003,SKU10002,2025-06-14,3,7.47
STORE_003,SKU10003,2025-04-20,6,19.74
STORE_003,SKU10003,2025-04-21,5,16.45
STORE_003,SKU10003,2025-04-22,2,6.58
STORE_003,SKU10003,2025-04-23,1,3.29
STORE_003,SKU10003,2025-04-24,8,26.32
STORE_003,SKU10003,2025-04-25,6,19.74
STORE_003,SKU10003,2025-04-26,4,13.16
STORE_003,SKU10003,2025-04-27,8,26.32
STORE_003,SKU10003,2025-05-01,4,13.16
STORE_003,SKU10003,2025-05-03,5,16.45
STORE_003,SKU10003,2025-05-04,5,16.45
STORE_003,SKU10003,2025-05-05,3,9.87
STORE_003,SKU10003,2025-05-06,4,13.16
STORE_003,SKU10003,2025-05-07,1,3.29
STORE_003,SKU10003,2025-05-08,4,13.16
STORE_003,SKU10003,2025-05-10,5,16.45
STORE_003,SKU10003,2025-05-11,2,6.58
STORE_003,SKU10003,2025-05-13,3,9.87
STORE_003,SKU10003,2025-05-14,6,19.74
STORE_003,SKU10003,2025-05-15,1,3.29
STORE_003,SKU10003,2025-05-16,5,16.45
STORE_003,SKU10003,2025-05-17,4,13.16
STORE_003,SKU10003,2025-05-18,1,3.29
STORE_003,SKU10003,2025-05-19,2,6.58
STORE_003,SKU10003,2025-05-20,3,9.87
STORE_003,SKU10003,2025-05-23,2,6.58
STORE_003,SKU10003,2025-05-25,6,19.74
STORE_003,SKU10003,2025-05-26,2,6.58
STORE_003,SKU10003,2025-05-27,4,13.16
STORE_003,SKU10003,2025-05-28,3,9.87
STORE_003,SKU10003,2025-05-29,1,3.29
STORE_003,SKU10003,2025-05-30,2,6.58
STORE_003,SKU10003,2025-06-01,9,29.61
STORE_003,SKU10003,2025-06-03,9,29.61
STORE_003,SKU10003,2025-06-05,7,23.03
STORE_003,SKU10003,2025-06-06,6,19.74
STORE_003,SKU10003,2025-06-07,8,26.32
STORE_003,SKU10003,2025-06-08,1,3.29
STORE_003,SKU10003,2025-06-09,3,9.87
STORE_003,SKU10003,2025-06-10,7,23.03
STORE_003,SKU10003,2025-06-11,1,3.29
STORE_003,SKU10003,2025-06-12,4,13.16
STORE_003,SKU10003,2025-06-13,4,13.16
STORE_003,SKU10004,2025-04-20,2,7.98
STORE_003,SKU10004,2025-04-21,3,11.97
STORE_003,SKU10004,2025-04-25,6,23.94
STORE_003,SKU10004,2025-04-26,4,15.96
STORE_003,SKU10004,2025-04-28,4,15.96
STORE_003,SKU10004,2025-04-29,1,3.99
STORE_003,SKU10004,2025-04-30,1,3.99
STORE_003,SKU10004,2025-05-01,2,7.98
STORE_003,SKU10004,2025-05-02,7,27.93
STORE_003,SKU10004,2025-05-03,2,7.98
STORE_003,SKU10004,2025-05-04,1,3.99
STORE_003,SKU10004,2025-05-05,4,15.96
STORE_003,SKU10004,2025-05-06,3,11.97
STORE_003,SKU10004,2025-05-08,4,15.96
STORE_003,SKU10004,2025-05-09,2,7.98
STORE_003,SKU10004,2025-05-10,1,3.99
STORE_003,SKU10004,2025-05-12,1,3.99
STORE_003,SKU10004,2025-05-13,1,3.99
STORE_003,SKU10004,2025-05-14,6,23.94
STORE_003,SKU10004,2025-05-15,4,15.96
STORE_003,SKU10004,2025-05-16,1,3.99
STORE_003,SKU10004,2025-05-17,3,11.97
STORE_003,SKU10004,2025-05-18,1,3.99
STORE_003,SKU10004,2025-05-19,5,19.95
STORE_003,SKU10004,2025-05-20,1,3.99
STORE_003,SKU10004,2025-05-21,1,3.99
STORE_003,SKU10004,2025-05-22,2,7.98
STORE_003,SKU10004,2025-05-24,2,7.98
STORE_003,SKU10004,2025-05-25,1,3.99
STORE_003,SKU10004,2025-05-26,3,11.97
STORE_003,SKU10004,2025-05-27,5,19.95
STORE_003,SKU10004,2025-05-30,2,7.98
STORE_003,SKU10004,2025-05-31,6,23.94
STORE_003,SKU10004,2025-06-01,6,23.94
STORE_003,SKU10004,2025-06-02,2,7.98
STORE_003,SKU10004,2025-06-04,1,3.99
STORE_003,SKU10004,2025-06-05,5,19.95
STORE_003,SKU10004,2025-06-06,2,7.98
STORE_003,SKU10004,2025-06-07,4,15.96
STORE_003,SKU10004,2025-06-09,5,19.95
STORE_003,SKU10004,2025-06-10,2,7.98
STORE_003,SKU10004,2025-06-13,3,11.97
STORE_003,SKU10004,2025-06-14,2,7.98
STORE_003,SKU10005,2025-04-20,5,22.45
STORE_003,SKU10005,2025-04-21,2,8.98
STORE_003,SKU10005,2025-04-22,1,4.49
STORE_003,SKU10005,2025-04-23,2,8.98
STORE_003,SKU10005,2025-04-24,1,4.49
STORE_003,SKU10005,2025-04-26,2,8.98
STORE_003,SKU10005,2025-04-28,3,13.47
STORE_003,SKU10005,2025-04-29,5,22.45
STORE_003,SKU10005,2025-04-30,1,4.49
STORE_003,SKU10005,2025-05-01,4,17.96
STORE_003,SKU10005,2025-05-05,3,13.47
STORE_003,SKU10005,2025-05-06,1,4.49
STORE_003,SKU10005,2025-05-11,3,13.47
STORE_003,SKU10005,2025-05-12,4,17.96
STORE_003,SKU10005,2025-05-14,2,8.98
STORE_003,SKU10005,2025-05-16,2,8.98
STORE_003,SKU10005,2025-05-17,1,4.49
STORE_003,SKU10005,2025-05-18,2,8.98
STORE_003,SKU10005,2025-05-21,1,4.49
STORE_003,SKU10005,2025-05-22,1,4.49
STORE_003,SKU10005,2025-05-23,2,8.98
STORE_003,SKU10005,2025-05-24,2,8.98
STORE_003,SKU10005,2025-05-26,4,17.96
STORE_003,SKU10005,2025-05-27,4,17.96
STORE_003,SKU10005,2025-05-28,2,8.98
STORE_003,SKU10005,2025-05-29,1,4.49
STORE_003,SKU10005,2025-05-30,3,13.47
STORE_003,SKU10005,2025-05-31,3,13.47
STORE_003,SKU10005,2025-06-01,4,17.96
STORE_003,SKU10005,2025-06-02,3,13.47
STORE_003,SKU10005,2025-06-03,1,4.49
STORE_003,SKU10005,2025-06-04,2,8.98
STORE_003,SKU10005,2025-06-06,1,4.49
STORE_003,SKU10005,2025-06-07,5,22.45
STORE_003,SKU10005,2025-06-10,1,4.49
STORE_003,SKU10005,2025-06-11,1,4.49
STORE_003,SKU10005,2025-06-12,3,13.47
STORE_003,SKU10005,2025-06-14,2,8.98
STORE_003,SKU10006,2025-04-21,2,11.98
STORE_003,SKU10006,2025-04-22,2,11.98
STORE_003,SKU10006,2025-04-24,3,17.97
STORE_003,SKU10006,2025-04-26,6,35.94
STORE_003,SKU10006,2025-04-27,2,11.98
STORE_003,SKU10006,2025-04-28,3,17.97
STORE_003,SKU10006,2025-04-30,1,5.99
STORE_003,SKU10006,2025-05-04,1,5.99
STORE_003,SKU10006,2025-05-05,3,17.97
STORE_003,SKU10006,2025-05-07,1,5.99
STORE_003,SKU10006,2025-05-08,2,11.98
STORE_003,SKU10006,2025-05-09,1,5.99
STORE_003,SKU10006,2025-05-10,1,5.99
STORE_003,SKU10006,2025-05-11,1,5.99
STORE_003,SKU10006,2025-05-12,1,5.99
STORE_003,SKU10006,2025-05-13,1,5.99
STORE_003,SKU10006,2025-05-15,1,5.99
STORE_003,SKU10006,2025-05-18,4,23.96
STORE_003,SKU10006,2025-05-19,1,5.99
STORE_003,SKU10006,2025-05-22,1,5.99
STORE_003,SKU10006,2025-05-23,1,5.99
STORE_003,SKU10006,2025-05-24,1,5.99
STORE_003,SKU10006,2025-05-25,2,11.98
STORE_003,SKU10006,2025-05-28,1,5.99
STORE_003,SKU10006,2025-06-01,1,5.99
STORE_003,SKU10006,2025-06-03,1,5.99
STORE_003,SKU10006,2025-06-05,2,11.98
STORE_003,SKU10006,2025-06-07,1,5.99
STORE_003,SKU10006,2025-06-09,1,5.99
STORE_003,SKU10006,2025-06-10,1,5.99
STORE_003,SKU10006,2025-06-12,1,5.99
STORE_003,SKU10006,2025-06-14,2,11.98
STORE_003,SKU10007,2025-04-21,3,12.87
STORE_003,SKU10007,2025-04-23,2,8.58
STORE_003,SKU10007,2025-04-25,2,8.58
STORE_003,SKU10007,2025-04-26,6,25.74
STORE_003,SKU10007,2025-04-29,4,17.16
STORE_003,SKU10007,2025-04-30,1,4.29
STORE_003,SKU10007,2025-05-01,8,34.32
STORE_003,SKU10007,2025-05-03,11,47.19
STORE_003,SKU10007,2025-05-04,2,8.58
STORE_003,SKU10007,2025-05-05,2,8.58
STORE_003,SKU10007,2025-05-07,4,17.16
STORE_003,SKU10007,2025-05-09,4,17.16
STORE_003,SKU10007,2025-05-11,5,21.45
STORE_003,SKU10007,2025-05-12,8,34.32
STORE_003,SKU10007,2025-05-13,3,12.87
STORE_003,SKU10007,2025-05-14,8,34.32
STORE_003,SKU10007,2025-05-17,3,12.87
STORE_003,SKU10007,2025-05-18,3,12.87
STORE_003,SKU10007,2025-05-19,4,17.16
STORE_003,SKU10007,2025-05-20,1,4.29
STORE_003,SKU10007,2025-05-21,4,17.16
STORE_003,SKU10007,2025-05-22,3,12.87
STORE_003,SKU10007,2025-05-23,6,25.74
STORE_003,SKU10007,2025-05-24,4,17.16
STORE_003,SKU10007,2025-05-25,10,42.9
STORE_003,SKU10007,2025-05-26,3,12.87
STORE_003,SKU10007,2025-05-27,6,25.74
STORE_003,SKU10007,2025-05-28,7,30.03
STORE_003,SKU10007,2025-05-30,5,21.45
STORE_003,SKU10007,2025-05-31,1,4.29
STORE_003,SKU10007,2025-06-01,3,12.87
STORE_003,SKU10007,2025-06-03,6,25.74
STORE_003,SKU10007,2025-06-04,2,8.58
STORE_003,SKU10007,2025-06-08,4,17.16
STORE_003,SKU10007,2025-06-09,4,17.16
STORE_003,SKU10007,2025-06-10,5,21.45
STORE_003,SKU10007,2025-06-11,5,21.45
STORE_003,SKU10007,2025-06-12,8,34.32
STORE_003,SKU10007,2025-06-13,5,21.45
STORE_003,SKU10007,2025-06-14,1,4.29
STORE_003,SKU10008,2025-04-20,1,2.99
STORE_003,SKU10008,2025-04-21,9,26.91
STORE_003,SKU10008,2025-04-22,4,11.96
STORE_003,SKU10008,2025-04-23,7,20.93
STORE_003,SKU10008,2025-04-24,1,2.99
STORE_003,SKU10008,2025-04-25,6,17.94
STORE_003,SKU10008,2025-04-26,2,5.98
STORE_003,SKU10008,2025-04-28,7,20.93
STORE_003,SKU10008,2025-04-29,1,2.99
STORE_003,SKU10008,2025-05-01,3,8.97
STORE_003,SKU10008,2025-05-03,3,8.97
STORE_003,SKU10008,2025-05-04,3,8.97
STORE_003,SKU10008,2025-05-05,2,5.98
STORE_003,SKU10008,2025-05-06,4,11.96
STORE_003,SKU10008,2025-05-07,7,20.93
STORE_003,SKU10008,2025-05-08,1,2.99
STORE_003,SKU10008,2025-05-09,2,5.98
STORE_003,SKU10008,2025-05-10,5,14.95
STORE_003,SKU10008,2025-05-11,6,17.94
STORE_003,SKU10008,2025-05-14,8,23.92
STORE_003,SKU10008,2025-05-16,3,8.97
STORE_003,SKU10008,2025-05-17,1,2.99
STORE_003,SKU10008,2025-05-20,7,20.93
STORE_003,SKU10008,2025-05-23,5,14.95
STORE_003,SKU10008,2025-05-25,3,8.97
STORE_003,SKU10008,2025-05-27,4,11.96
STORE_003,SKU10008,2025-05-28,4,11.96
STORE_003,SKU10008,2025-05-29,5,14.95
STORE_003,SKU10008,2025-05-31,2,5.98
STORE_003,SKU10008,2025-06-01,3,8.97
STORE_003,SKU10008,2025-06-02,5,14.95
STORE_003,SKU10008,2025-06-03,4,11.96
STORE_003,SKU10008,2025-06-04,1,2.99
STORE_003,SKU10008,2025-06-05,7,20.93
STORE_003,SKU10008,2025-06-07,5,14.95
STORE_003,SKU10008,2025-06-08,2,5.98
STORE_003,SKU10008,2025-06-09,6,17.94
STORE_003,SKU10008,2025-06-10,2,5.98
STORE_003,SKU10008,2025-06-11,12,35.88
STORE_003,SKU10008,2025-06-12,5,14.95
STORE_003,SKU10008,2025-06-13,8,23.92
STORE_003,SKU10008,2025-06-14,9,26.91
STORE_003,SKU10009,2025-04-20,2,6.98
STORE_003,SKU10009,2025-04-21,2,6.98
STORE_003,SKU10009,2025-04-22,6,20.94
STORE_003,SKU10009,2025-04-23,3,10.47
STORE_003,SKU10009,2025-04-26,3,10.47
STORE_003,SKU10009,2025-04-27,2,6.98
STORE_003,SKU10009,2025-04-28,4,13.96
STORE_003,SKU10009,2025-04-29,1,3.49
STORE_003,SKU10009,2025-04-30,7,24.43
STORE_003,SKU10009,2025-05-03,3,10.47
STORE_003,SKU10009,2025-05-04,5,17.45
STORE_003,SKU10009,2025-05-05,5,17.45
STORE_003,SKU10009,2025-05-06,3,10.47
STORE_003,SKU10009,2025-05-07,7,24.43
STORE_003,SKU10009,2025-05-08,2,6.98
STORE_003,SKU10009,2025-05-09,2,6.98
STORE_003,SKU10009,2025-05-10,4,13.96
STORE_003,SKU10009,2025-05-12,5,17.45
STORE_003,SKU10009,2025-05-13,5,17.45
STORE_003,SKU10009,2025-05-15,7,24.43
STORE_003,SKU10009,2025-05-16,4,13.96
STORE_003,SKU10009,2025-05-17,1,3.49
STORE_003,SKU10009,2025-05-18,3,10.47
STORE_003,SKU10009,2025-05-19,4,13.96
STORE_003,SKU10009,2025-05-20,3,10.47
STORE_003,SKU10009,2025-05-22,4,13.96
STORE_003,SKU10009,2025-05-23,5,17.45
STORE_003,SKU10009,2025-05-25,1,3.49
STORE_003,SKU10009,2025-05-26,1,3.49
STORE_003,SKU10009,2025-05-27,2,6.98
STORE_003,SKU10009,2025-05-28,5,17.45
STORE_003,SKU10009,2025-05-29,5,17.45
STORE_003,SKU10009,2025-05-30,1,3.49
STORE_003,SKU10009,2025-05-31,4,13.96
STORE_003,SKU10009,2025-06-01,6,20.94
STORE_003,SKU10009,2025-06-02,8,27.92
STORE_003,SKU10009,2025-06-03,3,10.47
STORE_003,SKU10009,2025-06-04,3,10.47
STORE_003,SKU10009,2025-06-05,4,13.96
STORE_003,SKU10009,2025-06-06,2,6.98
STORE_003,SKU10009,2025-06-07,3,10.47
STORE_003,SKU10009,2025-06-09,1,3.49
STORE_003,SKU10009,2025-06-10,4,13.96
STORE_003,SKU10009,2025-06-11,1,3.49
STORE_003,SKU10009,2025-06-12,5,17.45
STORE_003,SKU10009,2025-06-14,5,17.45
STORE_003,SKU20000,2025-04-20,5,18.95
STORE_003,SKU20000,2025-04-21,8,30.32
STORE_003,SKU20000,2025-04-22,2,7.58
STORE_003,SKU20000,2025-04-23,3,11.37
STORE_003,SKU20000,2025-04-24,6,22.74
STORE_003,SKU20000,2025-04-25,6,22.74
STORE_003,SKU20000,2025-04-26,6,22.74
STORE_003,SKU20000,2025-04-27,4,15.16
STORE_003,SKU20000,2025-04-28,6,22.74
STORE_003,SKU20000,2025-04-29,8,30.32
STORE_003,SKU20000,2025-04-30,4,15.16
STORE_003,SKU20000,2025-05-01,3,11.37
STORE_003,SKU20000,2025-05-02,5,18.95
STORE_003,SKU20000,2025-05-03,4,15.16
STORE_003,SKU20000,2025-05-04,3,11.37
STORE_003,SKU20000,2025-05-05,5,18.95
STORE_003,SKU20000,2025-05-06,2,7.58
STORE_003,SKU20000,2025-05-07,4,15.16
STORE_003,SKU20000,2025-05-09,7,26.53
STORE_003,SKU20000,2025-05-10,2,7.58
STORE_003,SKU20000,2025-05-11,1,3.79
STORE_003,SKU20000,2025-05-12,6,22.74
STORE_003,SKU20000,2025-05-13,6,22.74
STORE_003,SKU20000,2025-05-14,4,15.16
STORE_003,SKU20000,2025-05-15,3,11.37
STORE_003,SKU20000,2025-05-16,2,7.58
STORE_003,SKU20000,2025-05-17,4,15.16
STORE_003,SKU20000,2025-05-18,4,15.16
STORE_003,SKU20000,2025-05-19,3,11.37
STORE_003,SKU20000,2025-05-20,1,3.79
STORE_003,SKU20000,2025-05-21,1,3.79
STORE_003,SKU20000,2025-05-23,3,11.37
STORE_003,SKU20000,2025-05-24,5,18.95
STORE_003,SKU20000,2025-05-25,4,15.16
STORE_003,SKU20000,2025-05-26,3,11.37
STORE_003,SKU20000,2025-05-27,2,7.58
STORE_003,SKU20000,2025-05-28,2,7.58
STORE_003,SKU20000,2025-05-30,1,3.79
STORE_003,SKU20000,2025-05-31,6,22.74
STORE_003,SKU20000,2025-06-01,2,7.58
STORE_003,SKU20000,2025-06-02,4,15.16
STORE_003,SKU20000,2025-06-03,1,3.79
STORE_003,SKU20000,2025-06-04,5,18.95
STORE_003,SKU20000,2025-06-05,4,15.16
STORE_003,SKU20000,2025-06-06,1,3.79
STORE_003,SKU20000,2025-06-07,6,22.74
STORE_003,SKU20000,2025-06-08,6,22.74
STORE_003,SKU20000,2025-06-09,1,3.79
STORE_003,SKU20000,2025-06-10,3,11.37
STORE_003,SKU20000,2025-06-11,1,3.79
STORE_003,SKU20000,2025-06-12,5,18.95
STORE_003,SKU20000,2025-06-13,3,11.37
STORE_003,SKU20000,2025-06-14,4,15.16
STORE_003,SKU20001,2025-04-21,4,15.16
STORE_003,SKU20001,2025-04-22,8,30.32
STORE_003,SKU20001,2025-04-23,11,41.69
STORE_003,SKU20001,2025-04-24,8,30.32
STORE_003,SKU20001,2025-04-26,8,30.32
STORE_003,SKU20001,2025-04-27,3,11.37
STORE_003,SKU20001,2025-04-28,2,7.58
STORE_003,SKU20001,2025-04-29,6,22.74
STORE_003,SKU20001,2025-04-30,6,22.74
STORE_003,SKU20001,2025-05-01,4,15.16
STORE_003,SKU20001,2025-05-02,2,7.58
STORE_003,SKU20001,2025-05-03,5,18.95
STORE_003,SKU20001,2025-05-04,8,30.32
STORE_003,SKU20001,2025-05-05,9,34.11
STORE_003,SKU20001,2025-05-06,3,11.37
STORE_003,SKU20001,2025-05-07,4,15.16
STORE_003,SKU20001,2025-05-08,6,22.74
STORE_003,SKU20001,2025-05-09,3,11.37
STORE_003,SKU20001,2025-05-10,1,3.79
STORE_003,SKU20001,2025-05-11,5,18.95
STORE_003,SKU20001,2025-05-12,1,3.79
STORE_003,SKU20001,2025-05-13,7,26.53
STORE_003,SKU20001,2025-05-14,3,11.37
STORE_003,SKU20001,2025-05-15,4,15.16
STORE_003,SKU20001,2025-05-16,2,7.58
STORE_003,SKU20001,2025-05-17,5,18.95
STORE_003,SKU20001,2025-05-18,9,34.11
STORE_003,SKU20001,2025-05-20,7,26.53
STORE_003,SKU20001,2025-05-21,6,22.74
STORE_003,SKU20001,2025-05-24,1,3.79
STORE_003,SKU20001,2025-05-25,8,30.32
STORE_003,SKU20001,2025-05-26,1,3.79
STORE_003,SKU20001,2025-05-29,11,41.69
STORE_003,SKU20001,2025-05-30,10,37.9
STORE_003,SKU20001,2025-05-31,4,15.16
STORE_003,SKU20001,2025-06-01,5,18.95
STORE_003,SKU20001,2025-06-02,7,26.53
STORE_003,SKU20001,2025-06-03,5,18.95
STORE_003,SKU20001,2025-06-04,3,11.37
STORE_003,SKU20001,2025-06-05,1,3.79
STORE_003,SKU20001,2025-06-06,4,15.16
STORE_003,SKU20001,2025-06-07,2,7.58
STORE_003,SKU20001,2025-06-08,8,30.32
STORE_003,SKU20001,2025-06-09,4,15.16
STORE_003,SKU20001,2025-06-10,6,22.74
STORE_003,SKU20001,2025-06-11,3,11.37
STORE_003,SKU20001,2025-06-12,7,26.53
STORE_003,SKU20001,2025-06-13,2,7.58
STORE_003,SKU20001,2025-06-14,6,22.74
STORE_003,SKU20002,2025-04-20,2,11.98
STORE_003,SKU20002,2025-04-21,1,5.99
STORE_003,SKU20002,2025-04-22,4,23.96
STORE_003,SKU20002,2025-04-26,3,17.97
STORE_003,SKU20002,2025-04-27,5,29.95
STORE_003,SKU20002,2025-04-28,4,23.96
STORE_003,SKU20002,2025-04-30,3,17.97
STORE_003,SKU20002,2025-05-01,1,5.99
STORE_003,SKU20002,2025-05-02,3,17.97
STORE_003,SKU20002,2025-05-03,1,5.99
STORE_003,SKU20002,2025-05-07,4,23.96
STORE_003,SKU20002,2025-05-08,3,17.97
STORE_003,SKU20002,2025-05-09,2,11.98
STORE_003,SKU20002,2025-05-10,3,17.97
STORE_003,SKU20002,2025-05-12,2,11.98
STORE_003,SKU20002,2025-05-14,1,5.99
STORE_003,SKU20002,2025-05-15,4,23.96
STORE_003,SKU20002,2025-05-16,3,17.97
STORE_003,SKU20002,2025-05-18,1,5.99
STORE_003,SKU20002,2025-05-19,1,5.99
STORE_003,SKU20002,2025-05-20,2,11.98
STORE_003,SKU20002,2025-05-21,1,5.99
STORE_003,SKU20002,2025-05-23,3,17.97
STORE_003,SKU20002,2025-05-24,4,23.96
STORE_003,SKU20002,2025-05-25,4,23.96
STORE_003,SKU20002,2025-05-26,3,17.97
STORE_003,SKU20002,2025-05-28,3,17.97
STORE_003,SKU20002,2025-05-29,3,17.97
STORE_003,SKU20002,2025-05-30,3,17.97
STORE_003,SKU20002,2025-05-31,4,23.96
STORE_003,SKU20002,2025-06-01,1,5.99
STORE_003,SKU20002,2025-06-02,1,5.99
STORE_003,SKU20002,2025-06-03,4,23.96
STORE_003,SKU20002,2025-06-04,2,11.98
STORE_003,SKU20002,2025-06-05,1,5.99
STORE_003,SKU20002,2025-06-06,2,11.98
STORE_003,SKU20002,2025-06-07,5,29.95
STORE_003,SKU20002,2025-06-08,1,5.99
STORE_003,SKU20002,2025-06-09,6,35.94
STORE_003,SKU20002,2025-06-11,2,11.98
STORE_003,SKU20002,2025-06-12,5,29.95
STORE_003,SKU20002,2025-06-13,2,11.98
STORE_003,SKU20002,2025-06-14,4,23.96
STORE_003,SKU20003,2025-04-22,1,4.99
STORE_003,SKU20003,2025-04-26,2,9.98
STORE_003,SKU20003,2025-04-28,1,4.99
STORE_003,SKU20003,2025-04-29,2,9.98
STORE_003,SKU20003,2025-05-02,4,19.96
STORE_003,SKU20003,2025-05-04,3,14.97
STORE_003,SKU20003,2025-05-05,2,9.98
STORE_003,SKU20003,2025-05-06,1,4.99
STORE_003,SKU20003,2025-05-08,1,4.99
STORE_003,SKU20003,2025-05-09,1,4.99
STORE_003,SKU20003,2025-05-11,4,19.96
STORE_003,SKU20003,2025-05-12,2,9.98
STORE_003,SKU20003,2025-05-13,2,9.98
STORE_003,SKU20003,2025-05-15,3,14.97
STORE_003,SKU20003,2025-05-16,1,4.99
STORE_003,SKU20003,2025-05-18,1,4.99
STORE_003,SKU20003,2025-05-19,1,4.99
STORE_003,SKU20003,2025-05-20,3,14.97
STORE_003,SKU20003,2025-05-21,2,9.98
STORE_003,SKU20003,2025-05-23,1,4.99
STORE_003,SKU20003,2025-05-24,3,14.97
STORE_003,SKU20003,2025-05-25,2,9.98
STORE_003,SKU20003,2025-05-27,2,9.98
STORE_003,SKU20003,2025-05-28,1,4.99
STORE_003,SKU20003,2025-05-29,3,14.97
STORE_003,SKU20003,2025-05-31,4,19.96
STORE_003,SKU20003,2025-06-04,2,9.98
STORE_003,SKU20003,2025-06-05,2,9.98
STORE_003,SKU20003,2025-06-07,3,14.97
STORE_003,SKU20003,2025-06-11,2,9.98
STORE_003,SKU20003,2025-06-13,3,14.97
STORE_003,SKU20004,2025-04-20,2,8.58
STORE_003,SKU20004,2025-04-21,3,12.87
STORE_003,SKU20004,2025-04-22,3,12.87
STORE_003,SKU20004,2025-04-23,1,4.29
STORE_003,SKU20004,2025-04-24,2,8.58
STORE_003,SKU20004,2025-04-26,2,8.58
STORE_003,SKU20004,2025-04-27,2,8.58
STORE_003,SKU20004,2025-04-28,3,12.87
STORE_003,SKU20004,2025-04-29,1,4.29
STORE_003,SKU20004,2025-04-30,4,17.16
STORE_003,SKU20004,2025-05-02,1,4.29
STORE_003,SKU20004,2025-05-03,2,8.58
STORE_003,SKU20004,2025-05-04,5,21.45
STORE_003,SKU20004,2025-05-05,2,8.58
STORE_003,SKU20004,2025-05-06,1,4.29
STORE_003,SKU20004,2025-05-08,4,17.16
STORE_003,SKU20004,2025-05-11,2,8.58
STORE_003,SKU20004,2025-05-12,3,12.87
STORE_003,SKU20004,2025-05-13,1,4.29
STORE_003,SKU20004,2025-05-14,1,4.29
STORE_003,SKU20004,2025-05-15,2,8.58
STORE_003,SKU20004,2025-05-16,2,8.58
STORE_003,SKU20004,2025-05-18,4,17.16
STORE_003,SKU20004,2025-05-19,2,8.58
STORE_003,SKU20004,2025-05-20,3,12.87
STORE_003,SKU20004,2025-05-21,4,17.16
STORE_003,SKU20004,2025-05-23,4,17.16
STORE_003,SKU20004,2025-05-24,8,34.32
STORE_003,SKU20004,2025-05-25,4,17.16
STORE_003,SKU20004,2025-05-26,5,21.45
STORE_003,SKU20004,2025-05-27,4,17.16
STORE_003,SKU20004,2025-05-28,4,17.16
STORE_003,SKU20004,2025-05-29,4,17.16
STORE_003,SKU20004,2025-05-31,5,21.45
STORE_003,SKU20004,2025-06-01,1,4.29
STORE_003,SKU20004,2025-06-02,4,17.16
STORE_003,SKU20004,2025-06-04,6,25.74
STORE_003,SKU20004,2025-06-05,2,8.58
STORE_003,SKU20004,2025-06-06,3,12.87
STORE_003,SKU20004,2025-06-07,4,17.16
STORE_003,SKU20004,2025-06-09,1,4.29
STORE_003,SKU20004,2025-06-11,5,21.45
STORE_003,SKU20004,2025-06-13,3,12.87
STORE_003,SKU20004,2025-06-14,8,34.32
STORE_003,SKU20005,2025-04-21,1,3.99
STORE_003,SKU20005,2025-04-22,8,31.92
STORE_003,SKU20005,2025-04-24,7,27.93
STORE_003,SKU20005,2025-04-25,6,23.94
STORE_003,SKU20005,2025-04-26,8,31.92
STORE_003,SKU20005,2025-04-27,4,15.96
STORE_003,SKU20005,2025-04-28,5,19.95
STORE_003,SKU20005,2025-04-29,6,23.94
STORE_003,SKU20005,2025-04-30,8,31.92
STORE_003,SKU20005,2025-05-01,2,7.98
STORE_003,SKU20005,2025-05-02,4,15.96
STORE_003,SKU20005,2025-05-03,5,19.95
STORE_003,SKU20005,2025-05-05,9,35.91
STORE_003,SKU20005,2025-05-06,1,3.99
STORE_003,SKU20005,2025-05-07,11,43.89
STORE_003,SKU20005,2025-05-08,7,27.93
STORE_003,SKU20005,2025-05-09,7,27.93
STORE_003,SKU20005,2025-05-10,3,11.97
STORE_003,SKU20005,2025-05-11,8,31.92
STORE_003,SKU20005,2025-05-12,5,19.95
STORE_003,SKU20005,2025-05-13,6,23.94
STORE_003,SKU20005,2025-05-14,11,43.89
STORE_003,SKU20005,2025-05-15,5,19.95
STORE_003,SKU20005,2025-05-16,10,39.9
STORE_003,SKU20005,2025-05-17,5,19.95
STORE_003,SKU20005,2025-05-19,2,7.98
STORE_003,SKU20005,2025-05-20,1,3.99
STORE_003,SKU20005,2025-05-21,6,23.94
STORE_003,SKU20005,2025-05-22,8,31.92
STORE_003,SKU20005,2025-05-23,7,27.93
STORE_003,SKU20005,2025-05-24,10,39.9
STORE_003,SKU20005,2025-05-25,8,31.92
STORE_003,SKU20005,2025-05-26,1,3.99
STORE_003,SKU20005,2025-05-27,6,23.94
STORE_003,SKU20005,2025-05-28,3,11.97
STORE_003,SKU20005,2025-05-29,6,23.94
STORE_003,SKU20005,2025-05-30,4,15.96
STORE_003,SKU20005,2025-05-31,5,19.95
STORE_003,SKU20005,2025-06-01,5,19.95
STORE_003,SKU20005,2025-06-02,10,39.9
STORE_003,SKU20005,2025-06-04,2,7.98
STORE_003,SKU20005,2025-06-05,2,7.98
STORE_003,SKU20005,2025-06-06,4,15.96
STORE_003,SKU20005,2025-06-07,8,31.92
STORE_003,SKU20005,2025-06-09,4,15.96
STORE_003,SKU20005,2025-06-10,8,31.92
STORE_003,SKU20005,2025-06-11,9,35.91
STORE_003,SKU20005,2025-06-13,8,31.92
STORE_003,SKU20005,2025-06-14,9,35.91
STORE_003,SKU20006,2025-04-20,4,11.96
STORE_003,SKU20006,2025-04-21,1,2.99
STORE_003,SKU20006,2025-04-22,2,5.98
STORE_003,SKU20006,2025-04-23,3,8.97
STORE_003,SKU20006,2025-04-24,2,5.98
STORE_003,SKU20006,2025-04-28,1,2.99
STORE_003,SKU20006,2025-04-30,2,5.98
STORE_003,SKU20006,2025-05-01,1,2.99
STORE_003,SKU20006,2025-05-03,1,2.99
STORE_003,SKU20006,2025-05-04,1,2.99
STORE_003,SKU20006,2025-05-05,1,2.99
STORE_003,SKU20006,2025-05-06,1,2.99
STORE_003,SKU20006,2025-05-09,2,5.98
STORE_003,SKU20006,2025-05-11,2,5.98
STORE_003,SKU20006,2025-05-12,1,2.99
STORE_003,SKU20006,2025-05-13,1,2.99
STORE_003,SKU20006,2025-05-14,5,14.95
STORE_003,SKU20006,2025-05-16,4,11.96
STORE_003,SKU20006,2025-05-17,3,8.97
STORE_003,SKU20006,2025-05-18,1,2.99
STORE_003,SKU20006,2025-05-19,3,8.97
STORE_003,SKU20006,2025-05-22,1,2.99
STORE_003,SKU20006,2025-05-24,1,2.99
STORE_003,SKU20006,2025-05-25,2,5.98
STORE_003,SKU20006,2025-05-26,2,5.98
STORE_003,SKU20006,2025-05-27,1,2.99
STORE_003,SKU20006,2025-05-28,1,2.99
STORE_003,SKU20006,2025-05-29,2,5.98
STORE_003,SKU20006,2025-05-30,2,5.98
STORE_003,SKU20006,2025-05-31,1,2.99
STORE_003,SKU20006,2025-06-02,2,5.98
STORE_003,SKU20006,2025-06-05,3,8.97
STORE_003,SKU20006,2025-06-06,2,5.98
STORE_003,SKU20006,2025-06-07,4,11.96
STORE_003,SKU20006,2025-06-08,3,8.97
STORE_003,SKU20006,2025-06-09,1,2.99
STORE_003,SKU20006,2025-06-10,3,8.97
STORE_003,SKU20006,2025-06-12,1,2.99
STORE_003,SKU20006,2025-06-13,1,2.99
STORE_003,SKU20006,2025-06-14,1,2.99
STORE_003,SKU20007,2025-04-20,4,13.96
STORE_003,SKU20007,2025-04-22,2,6.98
STORE_003,SKU20007,2025-04-24,3,10.47
STORE_003,SKU20007,2025-04-25,4,13.96
STORE_003,SKU20007,2025-04-26,2,6.98
STORE_003,SKU20007,2025-04-27,3,10.47
STORE_003,SKU20007,2025-04-28,4,13.96
STORE_003,SKU20007,2025-04-29,1,3.49
STORE_003,SKU20007,2025-04-30,4,13.96
STORE_003,SKU20007,2025-05-02,5,17.45
STORE_003,SKU20007,2025-05-03,3,10.47
STORE_003,SKU20007,2025-05-04,1,3.49
STORE_003,SKU20007,2025-05-05,3,10.47
STORE_003,SKU20007,2025-05-06,2,6.98
STORE_003,SKU20007,2025-05-08,1,3.49
STORE_003,SKU20007,2025-05-10,1,3.49
STORE_003,SKU20007,2025-05-12,1,3.49
STORE_003,SKU20007,2025-05-15,1,3.49
STORE_003,SKU20007,2025-05-16,3,10.47
STORE_003,SKU20007,2025-05-17,3,10.47
STORE_003,SKU20007,2025-05-18,3,10.47
STORE_003,SKU20007,2025-05-19,3,10.47
STORE_003,SKU20007,2025-05-20,2,6.98
STORE_003,SKU20007,2025-05-22,3,10.47
STORE_003,SKU20007,2025-05-23,5,17.45
STORE_003,SKU20007,2025-05-24,1,3.49
STORE_003,SKU20007,2025-05-27,3,10.47
STORE_003,SKU20007,2025-05-28,2,6.98
STORE_003,SKU20007,2025-05-29,4,13.96
STORE_003,SKU20007,2025-05-31,2,6.98
STORE_003,SKU20007,2025-06-01,2,6.98
STORE_003,SKU20007,2025-06-02,3,10.47
STORE_003,SKU20007,2025-06-04,1,3.49
STORE_003,SKU20007,2025-06-05,6,20.94
STORE_003,SKU20007,2025-06-08,1,3.49
STORE_003,SKU20007,2025-06-11,1,3.49
STORE_003,SKU20007,2025-06-12,1,3.49
STORE_003,SKU20007,2025-06-14,4,13.96
STORE_003,SKU30000,2025-04-24,1,12.99
STORE_003,SKU30000,2025-05-11,2,25.98
STORE_003,SKU30000,2025-05-13,2,25.98
STORE_003,SKU30000,2025-05-20,1,12.99
STORE_003,SKU30000,2025-05-23,1,12.99
STORE_003,SKU30000,2025-05-28,1,12.99
STORE_003,SKU30000,2025-06-07,1,12.99
STORE_003,SKU30001,2025-04-21,2,17.98
STORE_003,SKU30001,2025-04-23,1,8.99
STORE_003,SKU30001,2025-04-24,2,17.98
STORE_003,SKU30001,2025-04-26,2,17.98
STORE_003,SKU30001,2025-05-01,3,26.97
STORE_003,SKU30001,2025-05-02,2,17.98
STORE_003,SKU30001,2025-05-03,4,35.96
STORE_003,SKU30001,2025-05-05,1,8.99
STORE_003,SKU30001,2025-05-07,3,26.97
STORE_003,SKU30001,2025-05-09,1,8.99
STORE_003,SKU30001,2025-05-11,1,8.99
STORE_003,SKU30001,2025-05-12,1,8.99
STORE_003,SKU30001,2025-05-13,3,26.97
STORE_003,SKU30001,2025-05-18,3,26.97
STORE_003,SKU30001,2025-05-20,3,26.97
STORE_003,SKU30001,2025-05-22,2,17.98
STORE_003,SKU30001,2025-05-25,1,8.99
STORE_003,SKU30001,2025-05-26,4,35.96
STORE_003,SKU30001,2025-05-28,2,17.98
STORE_003,SKU30001,2025-05-30,1,8.99
STORE_003,SKU30001,2025-05-31,2,17.98
STORE_003,SKU30001,2025-06-05,4,35.96
STORE_003,SKU30001,2025-06-07,1,8.99
STORE_003,SKU30001,2025-06-09,1,8.99
STORE_003,SKU30001,2025-06-10,4,35.96
STORE_003,SKU30001,2025-06-12,3,26.97
STORE_003,SKU30001,2025-06-13,2,17.98
STORE_003,SKU30002,2025-04-20,1,7.99
STORE_003,SKU30002,2025-04-25,1,7.99
STORE_003,SKU30002,2025-04-26,3,23.97
STORE_003,SKU30002,2025-04-27,2,15.98
STORE_003,SKU30002,2025-05-02,1,7.99
STORE_003,SKU30002,2025-05-03,2,15.98
STORE_003,SKU30002,2025-05-04,1,7.99
STORE_003,SKU30002,2025-05-05,3,23.97
STORE_003,SKU30002,2025-05-06,3,23.97
STORE_003,SKU30002,2025-05-07,1,7.99
STORE_003,SKU30002,2025-05-08,1,7.99
STORE_003,SKU30002,2025-05-11,2,15.98
STORE_003,SKU30002,2025-05-13,3,23.97
STORE_003,SKU30002,2025-05-14,1,7.99
STORE_003,SKU30002,2025-05-19,1,7.99
STORE_003,SKU30002,2025-05-23,1,7.99
STORE_003,SKU30002,2025-05-26,1,7.99
STORE_003,SKU30002,2025-05-27,1,7.99
STORE_003,SKU30002,2025-05-29,2,15.98
STORE_003,SKU30002,2025-06-02,2,15.98
STORE_003,SKU30002,2025-06-03,1,7.99
STORE_003,SKU30002,2025-06-05,1,7.99
STORE_003,SKU30002,2025-06-06,3,23.97
STORE_003,SKU30002,2025-06-07,2,15.98
STORE_003,SKU30002,2025-06-12,2,15.98
STORE_003,SKU30002,2025-06-14,2,15.98
STORE_003,SKU30003,2025-04-20,2,18.98
STORE_003,SKU30003,2025-04-21,1,9.49
STORE_003,SKU30003,2025-04-30,1,9.49
STORE_003,SKU30003,2025-05-02,1,9.49
STORE_003,SKU30003,2025-05-03,3,28.47
STORE_003,SKU30003,2025-05-09,1,9.49
STORE_003,SKU30003,2025-05-12,1,9.49
STORE_003,SKU30003,2025-05-17,2,18.98
STORE_003,SKU30003,2025-05-21,1,9.49
STORE_003,SKU30003,2025-05-26,1,9.49
STORE_003,SKU30003,2025-06-01,1,9.49
STORE_003,SKU30003,2025-06-03,2,18.98
STORE_003,SKU30003,2025-06-08,1,9.49
STORE_003,SKU30003,2025-06-10,1,9.49
STORE_003,SKU30003,2025-06-11,1,9.49
STORE_003,SKU30004,2025-04-24,3,20.97
STORE_003,SKU30004,2025-04-25,2,13.98
STORE_003,SKU30004,2025-04-26,1,6.99
STORE_003,SKU30004,2025-04-28,2,13.98
STORE_003,SKU30004,2025-05-01,1,6.99
STORE_003,SKU30004,2025-05-03,2,13.98
STORE_003,SKU30004,2025-05-06,3,20.97
STORE_003,SKU30004,2025-05-07,1,6.99
STORE_003,SKU30004,2025-05-08,1,6.99
STORE_003,SKU30004,2025-05-10,2,13.98
STORE_003,SKU30004,2025-05-11,1,6.99
STORE_003,SKU30004,2025-05-13,1,6.99
STORE_003,SKU30004,2025-05-14,1,6.99
STORE_003,SKU30004,2025-05-16,1,6.99
STORE_003,SKU30004,2025-05-18,2,13.98
STORE_003,SKU30004,2025-05-22,2,13.98
STORE_003,SKU30004,2025-05-23,2,13.98
STORE_003,SKU30004,2025-05-25,1,6.99
STORE_003,SKU30004,2025-05-30,3,20.97
STORE_003,SKU30004,2025-06-01,2,13.98
STORE_003,SKU30004,2025-06-03,1,6.99
STORE_003,SKU30004,2025-06-04,1,6.99
STORE_003,SKU30004,2025-06-09,1,6.99
STORE_003,SKU30004,2025-06-11,2,13.98
STORE_003,SKU30004,2025-06-12,1,6.99
STORE_003,SKU30004,2025-06-14,2,13.98
STORE_003,SKU40000,2025-04-20,4,11.96
STORE_003,SKU40000,2025-04-22,5,14.95
STORE_003,SKU40000,2025-04-24,3,8.97
STORE_003,SKU40000,2025-04-25,2,5.98
STORE_003,SKU40000,2025-04-26,1,2.99
STORE_003,SKU40000,2025-04-27,1,2.99
STORE_003,SKU40000,2025-04-28,3,8.97
STORE_003,SKU40000,2025-04-29,5,14.95
STORE_003,SKU40000,2025-04-30,1,2.99
STORE_003,SKU40000,2025-05-01,2,5.98
STORE_003,SKU40000,2025-05-02,1,2.99
STORE_003,SKU40000,2025-05-03,4,11.96
STORE_003,SKU40000,2025-05-04,4,11.96
STORE_003,SKU40000,2025-05-05,1,2.99
STORE_003,SKU40000,2025-05-09,3,8.97
STORE_003,SKU40000,2025-05-10,1,2.99
STORE_003,SKU40000,2025-05-11,5,14.95
STORE_003,SKU40000,2025-05-13,1,2.99
STORE_003,SKU40000,2025-05-17,1,2.99
STORE_003,SKU40000,2025-05-18,1,2.99
STORE_003,SKU40000,2025-05-19,2,5.98
STORE_003,SKU40000,2025-05-23,2,5.98
STORE_003,SKU40000,2025-05-26,3,8.97
STORE_003,SKU40000,2025-05-27,2,5.98
STORE_003,SKU40000,2025-05-28,1,2.99
STORE_003,SKU40000,2025-05-30,2,5.98
STORE_003,SKU40000,2025-05-31,4,11.96
STORE_003,SKU40000,2025-06-01,2,5.98
STORE_003,SKU40000,2025-06-03,2,5.98
STORE_003,SKU40000,2025-06-04,1,2.99
STORE_003,SKU40000,2025-06-05,1,2.99
STORE_003,SKU40000,2025-06-06,1,2.99
STORE_003,SKU40000,2025-06-07,4,11.96
STORE_003,SKU40000,2025-06-08,2,5.98
STORE_003,SKU40000,2025-06-10,2,5.98
STORE_003,SKU40000,2025-06-11,3,8.97
STORE_003,SKU40000,2025-06-13,4,11.96
STORE_003,SKU40001,2025-04-20,4,23.96
STORE_003,SKU40001,2025-04-21,5,29.95
STORE_003,SKU40001,2025-04-22,1,5.99
STORE_003,SKU40001,2025-04-24,2,11.98
STORE_003,SKU40001,2025-04-25,6,35.94
STORE_003,SKU40001,2025-04-26,5,29.95
STORE_003,SKU40001,2025-04-28,7,41.93
STORE_003,SKU40001,2025-04-29,2,11.98
STORE_003,SKU40001,2025-04-30,4,23.96
STORE_003,SKU40001,2025-05-01,5,29.95
STORE_003,SKU40001,2025-05-02,5,29.95
STORE_003,SKU40001,2025-05-03,2,11.98
STORE_003,SKU40001,2025-05-04,4,23.96
STORE_003,SKU40001,2025-05-05,4,23.96
STORE_003,SKU40001,2025-05-06,3,17.97
STORE_003,SKU40001,2025-05-07,7,41.93
STORE_003,SKU40001,2025-05-08,1,5.99
STORE_003,SKU40001,2025-05-09,1,5.99
STORE_003,SKU40001,2025-05-10,5,29.95
STORE_003,SKU40001,2025-05-11,5,29.95
STORE_003,SKU40001,2025-05-12,5,29.95
STORE_003,SKU40001,2025-05-14,4,23.96
STORE_003,SKU40001,2025-05-16,2,11.98
STORE_003,SKU40001,2025-05-18,1,5.99
STORE_003,SKU40001,2025-05-21,6,35.94
STORE_003,SKU40001,2025-05-22,4,23.96
STORE_003,SKU40001,2025-05-25,2,11.98
STORE_003,SKU40001,2025-05-27,3,17.97
STORE_003,SKU40001,2025-05-28,3,17.97
STORE_003,SKU40001,2025-05-30,3,17.97
STORE_003,SKU40001,2025-06-01,8,47.92
STORE_003,SKU40001,2025-06-02,6,35.94
STORE_003,SKU40001,2025-06-03,1,5.99
STORE_003,SKU40001,2025-06-04,5,29.95
STORE_003,SKU40001,2025-06-05,4,23.96
STORE_003,SKU40001,2025-06-06,4,23.96
STORE_003,SKU40001,2025-06-07,1,5.99
STORE_003,SKU40001,2025-06-08,1,5.99
STORE_003,SKU40001,2025-06-09,1,5.99
STORE_003,SKU40001,2025-06-10,4,23.96
STORE_003,SKU40001,2025-06-11,2,11.98
STORE_003,SKU40002,2025-04-21,1,6.99
STORE_003,SKU40002,2025-04-22,1,6.99
STORE_003,SKU40002,2025-04-23,4,27.96
STORE_003,SKU40002,2025-04-24,1,6.99
STORE_003,SKU40002,2025-04-25,2,13.98
STORE_003,SKU40002,2025-04-26,6,41.94
STORE_003,SKU40002,2025-04-28,3,20.97
STORE_003,SKU40002,2025-04-29,2,13.98
STORE_003,SKU40002,2025-04-30,3,20.97
STORE_003,SKU40002,2025-05-01,1,6.99
STORE_003,SKU40002,2025-05-02,1,6.99
STORE_003,SKU40002,2025-05-03,5,34.95
STORE_003,SKU40002,2025-05-04,3,20.97
STORE_003,SKU40002,2025-05-05,2,13.98
STORE_003,SKU40002,2025-05-08,3,20.97
STORE_003,SKU40002,2025-05-10,4,27.96
STORE_003,SKU40002,2025-05-11,2,13.98
STORE_003,SKU40002,2025-05-12,3,20.97
STORE_003,SKU40002,2025-05-13,6,41.94
STORE_003,SKU40002,2025-05-15,2,13.98
STORE_003,SKU40002,2025-05-16,2,13.98
STORE_003,SKU40002,2025-05-20,3,20.97
STORE_003,SKU40002,2025-05-22,4,27.96
STORE_003,SKU40002,2025-05-23,2,13.98
STORE_003,SKU40002,2025-05-25,3,20.97
STORE_003,SKU40002,2025-05-26,2,13.98
STORE_003,SKU40002,2025-05-27,3,20.97
STORE_003,SKU40002,2025-05-28,6,41.94
STORE_003,SKU40002,2025-05-31,1,6.99
STORE_003,SKU40002,2025-06-02,1,6.99
STORE_003,SKU40002,2025-06-03,1,6.99
STORE_003,SKU40002,2025-06-05,5,34.95
STORE_003,SKU40002,2025-06-06,5,34.95
STORE_003,SKU40002,2025-06-07,7,48.93
STORE_003,SKU40002,2025-06-08,3,20.97
STORE_003,SKU40002,2025-06-09,3,20.97
STORE_003,SKU40002,2025-06-10,1,6.99
STORE_003,SKU40002,2025-06-11,5,34.95
STORE_003,SKU40002,2025-06-13,1,6.99
STORE_003,SKU40002,2025-06-14,5,34.95
STORE_003,SKU40003,2025-04-22,4,29.96
STORE_003,SKU40003,2025-04-25,2,14.98
STORE_003,SKU40003,2025-04-27,1,7.49
STORE_003,SKU40003,2025-04-30,2,14.98
STORE_003,SKU40003,2025-05-03,1,7.49
STORE_003,SKU40003,2025-05-06,2,14.98
STORE_003,SKU40003,2025-05-07,1,7.49
STORE_003,SKU40003,2025-05-09,2,14.98
STORE_003,SKU40003,2025-05-10,3,22.47
STORE_003,SKU40003,2025-05-11,2,14.98
STORE_003,SKU40003,2025-05-12,3,22.47
STORE_003,SKU40003,2025-05-13,3,22.47
STORE_003,SKU40003,2025-05-14,1,7.49
STORE_003,SKU40003,2025-05-19,1,7.49
STORE_003,SKU40003,2025-05-20,1,7.49
STORE_003,SKU40003,2025-05-21,2,14.98
STORE_003,SKU40003,2025-05-23,1,7.49
STORE_003,SKU40003,2025-05-24,2,14.98
STORE_003,SKU40003,2025-05-26,1,7.49
STORE_003,SKU40003,2025-05-27,2,14.98
STORE_003,SKU40003,2025-05-28,5,37.45
STORE_003,SKU40003,2025-05-30,1,7.49
STORE_003,SKU40003,2025-05-31,7,52.43
STORE_003,SKU40003,2025-06-01,4,29.96
STORE_003,SKU40003,2025-06-02,4,29.96
STORE_003,SKU40003,2025-06-03,3,22.47
STORE_003,SKU40003,2025-06-04,4,29.96
STORE_003,SKU40003,2025-06-07,2,14.98
STORE_003,SKU40003,2025-06-08,5,37.45
STORE_003,SKU40003,2025-06-09,1,7.49
STORE_003,SKU40003,2025-06-11,2,14.98
STORE_003,SKU40003,2025-06-13,2,14.98
STORE_003,SKU40003,2025-06-14,4,29.96
STORE_004,SKU10000,2025-04-20,17,33.83
STORE_004,SKU10000,2025-04-21,12,23.88
STORE_004,SKU10000,2025-04-22,11,21.89
STORE_004,SKU10000,2025-04-23,14,27.86
STORE_004,SKU10000,2025-04-24,12,23.88
STORE_004,SKU10000,2025-04-25,19,37.81
STORE_004,SKU10000,2025-04-26,22,43.78
STORE_004,SKU10000,2025-04-27,23,45.77
STORE_004,SKU10000,2025-04-28,16,31.84
STORE_004,SKU10000,2025-04-29,22,43.78
STORE_004,SKU10000,2025-05-01,20,39.8
STORE_004,SKU10000,2025-05-02,11,21.89
STORE_004,SKU10000,2025-05-03,17,33.83
STORE_004,SKU10000,2025-05-04,18,35.82
STORE_004,SKU10000,2025-05-05,15,29.85
STORE_004,SKU10000,2025-05-06,15,29.85
STORE_004,SKU10000,2025-05-07,17,33.83
STORE_004,SKU10000,2025-05-08,23,45.77
STORE_004,SKU10000,2025-05-09,16,31.84
STORE_004,SKU10000,2025-05-10,22,43.78
STORE_004,SKU10000,2025-05-11,22,43.78
STORE_004,SKU10000,2025-05-12,16,31.84
STORE_004,SKU10000,2025-05-13,20,39.8
STORE_004,SKU10000,2025-05-14,23,45.77
STORE_004,SKU10000,2025-05-16,14,27.86
STORE_004,SKU10000,2025-05-17,24,47.76
STORE_004,SKU10000,2025-05-18,20,39.8
STORE_004,SKU10000,2025-05-19,20,39.8
STORE_004,SKU10000,2025-05-20,15,29.85
STORE_004,SKU10000,2025-05-21,20,39.8
STORE_004,SKU10000,2025-05-22,20,39.8
STORE_004,SKU10000,2025-05-23,18,35.82
STORE_004,SKU10000,2025-05-24,22,43.78
STORE_004,SKU10000,2025-05-25,16,31.84
STORE_004,SKU10000,2025-05-26,20,39.8
STORE_004,SKU10000,2025-05-27,15,29.85
STORE_004,SKU10000,2025-05-28,22,43.78
STORE_004,SKU10000,2025-05-29,16,31.84
STORE_004,SKU10000,2025-05-30,12,23.88
STORE_004,SKU10000,2025-05-31,25,49.75
STORE_004,SKU10000,2025-06-01,21,41.79
STORE_004,SKU10000,2025-06-02,20,39.8
STORE_004,SKU10000,2025-06-03,18,35.82
STORE_004,SKU10000,2025-06-04,13,25.87
STORE_004,SKU10000,2025-06-05,16,31.84
STORE_004,SKU10000,2025-06-06,18,35.82
STORE_004,SKU10000,2025-06-07,23,45.77
STORE_004,SKU10000,2025-06-08,21,41.79
STORE_004,SKU10000,2025-06-09,16,31.84
STORE_004,SKU10000,2025-06-10,17,33.83
STORE_004,SKU10000,2025-06-11,20,39.8
STORE_004,SKU10000,2025-06-12,21,41.79
STORE_004,SKU10000,2025-06-13,14,27.86
STORE_004,SKU10000,2025-06-14,21,41.79
STORE_004,SKU10001,2025-04-20,13,64.87
STORE_004,SKU10001,2025-04-21,13,64.87
STORE_004,SKU10001,2025-04-22,13,64.87
STORE_004,SKU10001,2025-04-23,7,34.93
STORE_004,SKU10001,2025-04-24,10,49.9
STORE_004,SKU10001,2025-04-25,7,34.93
STORE_004,SKU10001,2025-04-26,15,74.85
STORE_004,SKU10001,2025-04-27,12,59.88
STORE_004,SKU10001,2025-04-28,12,59.88
STORE_004,SKU10001,2025-04-29,8,39.92
STORE_004,SKU10001,2025-04-30,8,39.92
STORE_004,SKU10001,2025-05-01,11,54.89
STORE_004,SKU10001,2025-05-02,13,64.87
STORE_004,SKU10001,2025-05-03,8,39.92
STORE_004,SKU10001,2025-05-04,14,69.86
STORE_004,SKU10001,2025-05-05,10,49.9
STORE_004,SKU10001,2025-05-06,6,29.94
STORE_004,SKU10001,2025-05-07,11,54.89
STORE_004,SKU10001,2025-05-08,12,59.88
STORE_004,SKU10001,2025-05-09,10,49.9
STORE_004,SKU10001,2025-05-10,10,49.9
STORE_004,SKU10001,2025-05-11,10,49.9
STORE_004,SKU10001,2025-05-12,11,54.89
STORE_004,SKU10001,2025-05-13,7,34.93
STORE_004,SKU10001,2025-05-14,13,64.87
STORE_004,SKU10001,2025-05-15,8,39.92
STORE_004,SKU10001,2025-05-16,6,29.94
STORE_004,SKU10001,2025-05-17,14,69.86
STORE_004,SKU10001,2025-05-18,13,64.87
STORE_004,SKU10001,2025-05-19,11,54.89
STORE_004,SKU10001,2025-05-20,12,59.88
STORE_004,SKU10001,2025-05-21,8,39.92
STORE_004,SKU10001,2025-05-22,12,59.88
STORE_004,SKU10001,2025-05-23,12,59.88
STORE_004,SKU10001,2025-05-24,14,69.86
STORE_004,SKU10001,2025-05-27,11,54.89
STORE_004,SKU10001,2025-05-28,12,59.88
STORE_004,SKU10001,2025-05-29,10,49.9
STORE_004,SKU10001,2025-05-30,8,39.92
STORE_004,SKU10001,2025-05-31,16,79.84
STORE_004,SKU10001,2025-06-01,8,39.92
STORE_004,SKU10001,2025-06-02,9,44.91
STORE_004,SKU10001,2025-06-03,11,54.89
STORE_004,SKU10001,2025-06-04,15,74.85
STORE_004,SKU10001,2025-06-05,9,44.91
STORE_004,SKU10001,2025-06-07,11,54.89
STORE_004,SKU10001,2025-06-08,16,79.84
STORE_004,SKU10001,2025-06-09,9,44.91
STORE_004,SKU10001,2025-06-10,8,39.92
STORE_004,SKU10001,2025-06-11,8,39.92
STORE_004,SKU10001,2025-06-12,4,19.96
STORE_004,SKU10001,2025-06-13,11,54.89
STORE_004,SKU10001,2025-06-14,8,39.92
STORE_004,SKU10002,2025-04-20,7,17.43
STORE_004,SKU10002,2025-04-21,9,22.41
STORE_004,SKU10002,2025-04-22,9,22.41
STORE_004,SKU10002,2025-04-23,10,24.9
STORE_004,SKU10002,2025-04-24,11,27.39
STORE_004,SKU10002,2025-04-25,13,32.37
STORE_004,SKU10002,2025-04-26,8,19.92
STORE_004,SKU10002,2025-04-27,7,17.43
STORE_004,SKU10002,2025-04-29,8,19.92
STORE_004,SKU10002,2025-04-30,7,17.43
STORE_004,SKU10002,2025-05-01,6,14.94
STORE_004,SKU10002,2025-05-02,4,9.96
STORE_004,SKU10002,2025-05-03,11,27.39
STORE_004,SKU10002,2025-05-04,5,12.45
STORE_004,SKU10002,2025-05-05,9,22.41
STORE_004,SKU10002,2025-05-07,3,7.47
STORE_004,SKU10002,2025-05-08,6,14.94
STORE_004,SKU10002,2025-05-09,5,12.45
STORE_004,SKU10002,2025-05-10,7,17.43
STORE_004,SKU10002,2025-05-11,9,22.41
STORE_004,SKU10002,2025-05-12,5,12.45
STORE_004,SKU10002,2025-05-13,7,17.43
STORE_004,SKU10002,2025-05-14,7,17.43
STORE_004,SKU10002,2025-05-15,8,19.92
STORE_004,SKU10002,2025-05-16,8,19.92
STORE_004,SKU10002,2025-05-17,8,19.92
STORE_004,SKU10002,2025-05-19,7,17.43
STORE_004,SKU10002,2025-05-20,6,14.94
STORE_004,SKU10002,2025-05-22,6,14.94
STORE_004,SKU10002,2025-05-24,9,22.41
STORE_004,SKU10002,2025-05-25,10,24.9
STORE_004,SKU10002,2025-05-27,5,12.45
STORE_004,SKU10002,2025-05-28,10,24.9
STORE_004,SKU10002,2025-05-29,5,12.45
STORE_004,SKU10002,2025-05-30,8,19.92
STORE_004,SKU10002,2025-05-31,9,22.41
STORE_004,SKU10002,2025-06-01,6,14.94
STORE_004,SKU10002,2025-06-02,7,17.43
STORE_004,SKU10002,2025-06-03,10,24.9
STORE_004,SKU10002,2025-06-04,3,7.47
STORE_004,SKU10002,2025-06-05,12,29.88
STORE_004,SKU10002,2025-06-06,3,7.47
STORE_004,SKU10002,2025-06-07,9,22.41
STORE_004,SKU10002,2025-06-09,6,14.94
STORE_004,SKU10002,2025-06-10,6,14.94
STORE_004,SKU10002,2025-06-11,7,17.43
STORE_004,SKU10002,2025-06-12,11,27.39
STORE_004,SKU10002,2025-06-13,8,19.92
STORE_004,SKU10002,2025-06-14,11,27.39
STORE_004,SKU10003,2025-04-20,12,39.48
STORE_004,SKU10003,2025-04-21,11,36.19
STORE_004,SKU10003,2025-04-22,13,42.77
STORE_004,SKU10003,2025-04-23,13,42.77
STORE_004,SKU10003,2025-04-24,11,36.19
STORE_004,SKU10003,2025-04-25,12,39.48
STORE_004,SKU10003,2025-04-26,19,62.51
STORE_004,SKU10003,2025-04-27,13,42.77
STORE_004,SKU10003,2025-04-28,11,36.19
STORE_004,SKU10003,2025-04-29,10,32.9
STORE_004,SKU10003,2025-04-30,16,52.64
STORE_004,SKU10003,2025-05-01,8,26.32
STORE_004,SKU10003,2025-05-02,13,42.77
STORE_004,SKU10003,2025-05-03,15,49.35
STORE_004,SKU10003,2025-05-04,12,39.48
STORE_004,SKU10003,2025-05-05,10,32.9
STORE_004,SKU10003,2025-05-06,11,36.19
STORE_004,SKU10003,2025-05-08,10,32.9
STORE_004,SKU10003,2025-05-09,13,42.77
STORE_004,SKU10003,2025-05-10,12,39.48
STORE_004,SKU10003,2025-05-11,15,49.35
STORE_004,SKU10003,2025-05-12,14,46.06
STORE_004,SKU10003,2025-05-13,16,52.64
STORE_004,SKU10003,2025-05-14,12,39.48
STORE_004,SKU10003,2025-05-15,11,36.19
STORE_004,SKU10003,2025-05-18,21,69.09
STORE_004,SKU10003,2025-05-19,17,55.93
STORE_004,SKU10003,2025-05-21,18,59.22
STORE_004,SKU10003,2025-05-22,17,55.93
STORE_004,SKU10003,2025-05-23,9,29.61
STORE_004,SKU10003,2025-05-24,18,59.22
STORE_004,SKU10003,2025-05-25,15,49.35
STORE_004,SKU10003,2025-05-26,10,32.9
STORE_004,SKU10003,2025-05-27,10,32.9
STORE_004,SKU10003,2025-05-28,8,26.32
STORE_004,SKU10003,2025-05-29,11,36.19
STORE_004,SKU10003,2025-05-30,13,42.77
STORE_004,SKU10003,2025-05-31,18,59.22
STORE_004,SKU10003,2025-06-01,17,55.93
STORE_004,SKU10003,2025-06-02,12,39.48
STORE_004,SKU10003,2025-06-03,12,39.48
STORE_004,SKU10003,2025-06-04,6,19.74
STORE_004,SKU10003,2025-06-05,13,42.77
STORE_004,SKU10003,2025-06-06,9,29.61
STORE_004,SKU10003,2025-06-07,20,65.8
STORE_004,SKU10003,2025-06-08,11,36.19
STORE_004,SKU10003,2025-06-09,6,19.74
STORE_004,SKU10003,2025-06-10,11,36.19
STORE_004,SKU10003,2025-06-11,16,52.64
STORE_004,SKU10003,2025-06-12,12,39.48
STORE_004,SKU10003,2025-06-13,13,42.77
STORE_004,SKU10003,2025-06-14,12,39.48
STORE_004,SKU10004,2025-04-21,11,43.89
STORE_004,SKU10004,2025-04-22,10,39.9
STORE_004,SKU10004,2025-04-23,6,23.94
STORE_004,SKU10004,2025-04-24,9,35.91
STORE_004,SKU10004,2025-04-25,8,31.92
STORE_004,SKU10004,2025-04-26,9,35.91
STORE_004,SKU10004,2025-04-27,10,39.9
STORE_004,SKU10004,2025-04-28,8,31.92
STORE_004,SKU10004,2025-04-29,9,35.91
STORE_004,SKU10004,2025-04-30,7,27.93
STORE_004,SKU10004,2025-05-01,5,19.95
STORE_004,SKU10004,2025-05-02,11,43.89
STORE_004,SKU10004,2025-05-03,12,47.88
STORE_004,SKU10004,2025-05-04,12,47.88
STORE_004,SKU10004,2025-05-05,9,35.91
STORE_004,SKU10004,2025-05-06,8,31.92
STORE_004,SKU10004,2025-05-07,7,27.93
STORE_004,SKU10004,2025-05-08,7,27.93
STORE_004,SKU10004,2025-05-09,8,31.92
STORE_004,SKU10004,2025-05-10,12,47.88
STORE_004,SKU10004,2025-05-11,9,35.91
STORE_004,SKU10004,2025-05-12,11,43.89
STORE_004,SKU10004,2025-05-13,6,23.94
STORE_004,SKU10004,2025-05-14,9,35.91
STORE_004,SKU10004,2025-05-15,10,39.9
STORE_004,SKU10004,2025-05-16,8,31.92
STORE_004,SKU10004,2025-05-18,11,43.89
STORE_004,SKU10004,2025-05-20,8,31.92
STORE_004,SKU10004,2025-05-21,11,43.89
STORE_004,SKU10004,2025-05-22,11,43.89
STORE_004,SKU10004,2025-05-23,4,15.96
STORE_004,SKU10004,2025-05-24,9,35.91
STORE_004,SKU10004,2025-05-25,8,31.92
STORE_004,SKU10004,2025-05-26,4,15.96
STORE_004,SKU10004,2025-05-27,9,35.91
STORE_004,SKU10004,2025-05-28,10,39.9
STORE_004,SKU10004,2025-05-29,7,27.93
STORE_004,SKU10004,2025-05-30,5,19.95
STORE_004,SKU10004,2025-05-31,8,31.92
STORE_004,SKU10004,2025-06-01,10,39.9
STORE_004,SKU10004,2025-06-02,8,31.92
STORE_004,SKU10004,2025-06-03,9,35.91
STORE_004,SKU10004,2025-06-04,9,35.91
STORE_004,SKU10004,2025-06-05,9,35.91
STORE_004,SKU10004,2025-06-06,10,39.9
STORE_004,SKU10004,2025-06-07,8,31.92
STORE_004,SKU10004,2025-06-08,9,35.91
STORE_004,SKU10004,2025-06-09,10,39.9
STORE_004,SKU10004,2025-06-10,9,35.91
STORE_004,SKU10004,2025-06-11,12,47.88
STORE_004,SKU10004,2025-06-12,7,27.93
STORE_004,SKU10004,2025-06-13,10,39.9
STORE_004,SKU10004,2025-06-14,9,35.91
STORE_004,SKU10005,2025-04-20,6,26.94
STORE_004,SKU10005,2025-04-21,8,35.92
STORE_004,SKU10005,2025-04-22,6,26.94
STORE_004,SKU10005,2025-04-23,6,26.94
STORE_004,SKU10005,2025-04-24,5,22.45
STORE_004,SKU10005,2025-04-25,5,22.45
STORE_004,SKU10005,2025-04-26,4,17.96
STORE_004,SKU10005,2025-04-27,7,31.43
STORE_004,SKU10005,2025-04-28,4,17.96
STORE_004,SKU10005,2025-04-29,6,26.94
STORE_004,SKU10005,2025-04-30,8,35.92
STORE_004,SKU10005,2025-05-01,3,13.47
STORE_004,SKU10005,2025-05-02,11,49.39
STORE_004,SKU10005,2025-05-03,6,26.94
STORE_004,SKU10005,2025-05-04,7,31.43
STORE_004,SKU10005,2025-05-05,6,26.94
STORE_004,SKU10005,2025-05-06,5,22.45
STORE_004,SKU10005,2025-05-07,5,22.45
STORE_004,SKU10005,2025-05-08,8,35.92
STORE_004,SKU10005,2025-05-09,7,31.43
STORE_004,SKU10005,2025-05-10,7,31.43
STORE_004,SKU10005,2025-05-11,7,31.43
STORE_004,SKU10005,2025-05-12,6,26.94
STORE_004,SKU10005,2025-05-13,7,31.43
STORE_004,SKU10005,2025-05-14,7,31.43
STORE_004,SKU10005,2025-05-15,7,31.43
STORE_004,SKU10005,2025-05-16,5,22.45
STORE_004,SKU10005,2025-05-17,7,31.43
STORE_004,SKU10005,2025-05-18,9,40.41
STORE_004,SKU10005,2025-05-19,10,44.9
STORE_004,SKU10005,2025-05-20,6,26.94
STORE_004,SKU10005,2025-05-21,5,22.45
STORE_004,SKU10005,2025-05-22,5,22.45
STORE_004,SKU10005,2025-05-23,7,31.43
STORE_004,SKU10005,2025-05-24,4,17.96
STORE_004,SKU10005,2025-05-25,8,35.92
STORE_004,SKU10005,2025-05-26,7,31.43
STORE_004,SKU10005,2025-05-27,5,22.45
STORE_004,SKU10005,2025-05-28,6,26.94
STORE_004,SKU10005,2025-05-29,6,26.94
STORE_004,SKU10005,2025-05-30,4,17.96
STORE_004,SKU10005,2025-05-31,8,35.92
STORE_004,SKU10005,2025-06-01,8,35.92
STORE_004,SKU10005,2025-06-02,5,22.45
STORE_004,SKU10005,2025-06-03,10,44.9
STORE_004,SKU10005,2025-06-04,6,26.94
STORE_004,SKU10005,2025-06-05,3,13.47
STORE_004,SKU10005,2025-06-06,8,35.92
STORE_004,SKU10005,2025-06-07,8,35.92
STORE_004,SKU10005,2025-06-08,9,40.41
STORE_004,SKU10005,2025-06-09,4,17.96
STORE_004,SKU10005,2025-06-10,6,26.94
STORE_004,SKU10005,2025-06-11,6,26.94
STORE_004,SKU10005,2025-06-12,6,26.94
STORE_004,SKU10005,2025-06-13,8,35.92
STORE_004,SKU10005,2025-06-14,7,31.43
STORE_004,SKU10006,2025-04-20,5,29.95
STORE_004,SKU10006,2025-04-21,4,23.96
STORE_004,SKU10006,2025-04-22,3,17.97
STORE_004,SKU10006,2025-04-23,5,29.95
STORE_004,SKU10006,2025-04-24,7,41.93
STORE_004,SKU10006,2025-04-25,4,23.96
STORE_004,SKU10006,2025-04-26,6,35.94
STORE_004,SKU10006,2025-04-27,5,29.95
STORE_004,SKU10006,2025-04-28,5,29.95
STORE_004,SKU10006,2025-04-29,6,35.94
STORE_004,SKU10006,2025-04-30,3,17.97
STORE_004,SKU10006,2025-05-01,2,11.98
STORE_004,SKU10006,2025-05-02,6,35.94
STORE_004,SKU10006,2025-05-04,6,35.94
STORE_004,SKU10006,2025-05-05,3,17.97
STORE_004,SKU10006,2025-05-06,2,11.98
STORE_004,SKU10006,2025-05-10,7,41.93
STORE_004,SKU10006,2025-05-11,5,29.95
STORE_004,SKU10006,2025-05-12,7,41.93
STORE_004,SKU10006,2025-05-13,3,17.97
STORE_004,SKU10006,2025-05-14,6,35.94
STORE_004,SKU10006,2025-05-15,4,23.96
STORE_004,SKU10006,2025-05-16,2,11.98
STORE_004,SKU10006,2025-05-17,7,41.93
STORE_004,SKU10006,2025-05-18,9,53.91
STORE_004,SKU10006,2025-05-19,8,47.92
STORE_004,SKU10006,2025-05-20,5,29.95
STORE_004,SKU10006,2025-05-21,7,41.93
STORE_004,SKU10006,2025-05-22,4,23.96
STORE_004,SKU10006,2025-05-24,6,35.94
STORE_004,SKU10006,2025-05-25,5,29.95
STORE_004,SKU10006,2025-05-26,5,29.95
STORE_004,SKU10006,2025-05-27,3,17.97
STORE_004,SKU10006,2025-05-29,6,35.94
STORE_004,SKU10006,2025-05-30,6,35.94
STORE_004,SKU10006,2025-05-31,4,23.96
STORE_004,SKU10006,2025-06-01,5,29.95
STORE_004,SKU10006,2025-06-02,7,41.93
STORE_004,SKU10006,2025-06-03,7,41.93
STORE_004,SKU10006,2025-06-04,4,23.96
STORE_004,SKU10006,2025-06-06,4,23.96
STORE_004,SKU10006,2025-06-07,7,41.93
STORE_004,SKU10006,2025-06-08,5,29.95
STORE_004,SKU10006,2025-06-09,4,23.96
STORE_004,SKU10006,2025-06-10,6,35.94
STORE_004,SKU10006,2025-06-11,4,23.96
STORE_004,SKU10006,2025-06-12,7,41.93
STORE_004,SKU10006,2025-06-13,7,41.93
STORE_004,SKU10006,2025-06-14,9,53.91
STORE_004,SKU10007,2025-04-20,13,55.77
STORE_004,SKU10007,2025-04-21,11,47.19
STORE_004,SKU10007,2025-04-22,8,34.32
STORE_004,SKU10007,2025-04-23,16,68.64
STORE_004,SKU10007,2025-04-24,12,51.48
STORE_004,SKU10007,2025-04-25,16,68.64
STORE_004,SKU10007,2025-04-26,9,38.61
STORE_004,SKU10007,2025-04-27,13,55.77
STORE_004,SKU10007,2025-04-28,11,47.19
STORE_004,SKU10007,2025-04-29,13,55.77
STORE_004,SKU10007,2025-04-30,12,51.48
STORE_004,SKU10007,2025-05-01,13,55.77
STORE_004,SKU10007,2025-05-02,10,42.9
STORE_004,SKU10007,2025-05-03,14,60.06
STORE_004,SKU10007,2025-05-04,15,64.35
STORE_004,SKU10007,2025-05-05,11,47.19
STORE_004,SKU10007,2025-05-06,10,42.9
STORE_004,SKU10007,2025-05-07,9,38.61
STORE_004,SKU10007,2025-05-08,14,60.06
STORE_004,SKU10007,2025-05-09,12,51.48
STORE_004,SKU10007,2025-05-10,20,85.8
STORE_004,SKU10007,2025-05-11,16,68.64
STORE_004,SKU10007,2025-05-12,8,34.32
STORE_004,SKU10007,2025-05-13,8,34.32
STORE_004,SKU10007,2025-05-14,13,55.77
STORE_004,SKU10007,2025-05-15,13,55.77
STORE_004,SKU10007,2025-05-16,11,47.19
STORE_004,SKU10007,2025-05-17,15,64.35
STORE_004,SKU10007,2025-05-18,14,60.06
STORE_004,SKU10007,2025-05-19,12,51.48
STORE_004,SKU10007,2025-05-20,6,25.74
STORE_004,SKU10007,2025-05-21,14,60.06
STORE_004,SKU10007,2025-05-22,5,21.45
STORE_004,SKU10007,2025-05-23,15,64.35
STORE_004,SKU10007,2025-05-24,18,77.22
STORE_004,SKU10007,2025-05-25,10,42.9
STORE_004,SKU10007,2025-05-27,10,42.9
STORE_004,SKU10007,2025-05-28,12,51.48
STORE_004,SKU10007,2025-05-29,10,42.9
STORE_004,SKU10007,2025-05-31,12,51.48
STORE_004,SKU10007,2025-06-01,10,42.9
STORE_004,SKU10007,2025-06-02,12,51.48
STORE_004,SKU10007,2025-06-03,10,42.9
STORE_004,SKU10007,2025-06-04,15,64.35
STORE_004,SKU10007,2025-06-05,13,55.77
STORE_004,SKU10007,2025-06-06,9,38.61
STORE_004,SKU10007,2025-06-07,13,55.77
STORE_004,SKU10007,2025-06-08,13,55.77
STORE_004,SKU10007,2025-06-09,16,68.64
STORE_004,SKU10007,2025-06-10,11,47.19
STORE_004,SKU10007,2025-06-11,8,34.32
STORE_004,SKU10007,2025-06-12,11,47.19
STORE_004,SKU10007,2025-06-13,16,68.64
STORE_004,SKU10007,2025-06-14,16,68.64
STORE_004,SKU10008,2025-04-20,16,47.84
STORE_004,SKU10008,2025-04-21,11,32.89
STORE_004,SKU10008,2025-04-22,16,47.84
STORE_004,SKU10008,2025-04-23,11,32.89
STORE_004,SKU10008,2025-04-24,15,44.85
STORE_004,SKU10008,2025-04-25,16,47.84
STORE_004,SKU10008,2025-04-26,12,35.88
STORE_004,SKU10008,2025-04-27,15,44.85
STORE_004,SKU10008,2025-04-28,15,44.85
STORE_004,SKU10008,2025-04-29,15,44.85
STORE_004,SKU10008,2025-04-30,16,47.84
STORE_004,SKU10008,2025-05-01,12,35.88
STORE_004,SKU10008,2025-05-02,13,38.87
STORE_004,SKU10008,2025-05-03,15,44.85
STORE_004,SKU10008,2025-05-04,9,26.91
STORE_004,SKU10008,2025-05-05,18,53.82
STORE_004,SKU10008,2025-05-06,13,38.87
STORE_004,SKU10008,2025-05-08,17,50.83
STORE_004,SKU10008,2025-05-09,19,56.81
STORE_004,SKU10008,2025-05-10,18,53.82
STORE_004,SKU10008,2025-05-11,17,50.83
STORE_004,SKU10008,2025-05-12,12,35.88
STORE_004,SKU10008,2025-05-13,13,38.87
STORE_004,SKU10008,2025-05-14,12,35.88
STORE_004,SKU10008,2025-05-15,15,44.85
STORE_004,SKU10008,2025-05-16,17,50.83
STORE_004,SKU10008,2025-05-17,23,68.77
STORE_004,SKU10008,2025-05-18,15,44.85
STORE_004,SKU10008,2025-05-19,10,29.9
STORE_004,SKU10008,2025-05-20,13,38.87
STORE_004,SKU10008,2025-05-22,16,47.84
STORE_004,SKU10008,2025-05-23,16,47.84
STORE_004,SKU10008,2025-05-24,18,53.82
STORE_004,SKU10008,2025-05-25,16,47.84
STORE_004,SKU10008,2025-05-26,17,50.83
STORE_004,SKU10008,2025-05-27,12,35.88
STORE_004,SKU10008,2025-05-28,13,38.87
STORE_004,SKU10008,2025-05-29,13,38.87
STORE_004,SKU10008,2025-05-30,17,50.83
STORE_004,SKU10008,2025-05-31,14,41.86
STORE_004,SKU10008,2025-06-01,15,44.85
STORE_004,SKU10008,2025-06-02,12,35.88
STORE_004,SKU10008,2025-06-03,18,53.82
STORE_004,SKU10008,2025-06-04,17,50.83
STORE_004,SKU10008,2025-06-05,15,44.85
STORE_004,SKU10008,2025-06-06,16,47.84
STORE_004,SKU10008,2025-06-07,13,38.87
STORE_004,SKU10008,2025-06-08,18,53.82
STORE_004,SKU10008,2025-06-09,15,44.85
STORE_004,SKU10008,2025-06-10,12,35.88
STORE_004,SKU10008,2025-06-12,14,41.86
STORE_004,SKU10008,2025-06-13,17,50.83
STORE_004,SKU10008,2025-06-14,12,35.88
STORE_004,SKU10009,2025-04-20,10,34.9
STORE_004,SKU10009,2025-04-21,12,41.88
STORE_004,SKU10009,2025-04-22,10,34.9
STORE_004,SKU10009,2025-04-23,10,34.9
STORE_004,SKU10009,2025-04-24,13,45.37
STORE_004,SKU10009,2025-04-25,12,41.88
STORE_004,SKU10009,2025-04-26,12,41.88
STORE_004,SKU10009,2025-04-28,13,45.37
STORE_004,SKU10009,2025-04-29,7,24.43
STORE_004,SKU10009,2025-04-30,14,48.86
STORE_004,SKU10009,2025-05-01,11,38.39
STORE_004,SKU10009,2025-05-02,11,38.39
STORE_004,SKU10009,2025-05-03,12,41.88
STORE_004,SKU10009,2025-05-04,9,31.41
STORE_004,SKU10009,2025-05-05,10,34.9
STORE_004,SKU10009,2025-05-07,5,17.45
STORE_004,SKU10009,2025-05-08,11,38.39
STORE_004,SKU10009,2025-05-09,6,20.94
STORE_004,SKU10009,2025-05-10,13,45.37
STORE_004,SKU10009,2025-05-11,16,55.84
STORE_004,SKU10009,2025-05-12,5,17.45
STORE_004,SKU10009,2025-05-13,8,27.92
STORE_004,SKU10009,2025-05-14,9,31.41
STORE_004,SKU10009,2025-05-15,14,48.86
STORE_004,SKU10009,2025-05-17,12,41.88
STORE_004,SKU10009,2025-05-18,14,48.86
STORE_004,SKU10009,2025-05-19,6,20.94
STORE_004,SKU10009,2025-05-20,9,31.41
STORE_004,SKU10009,2025-05-21,9,31.41
STORE_004,SKU10009,2025-05-22,13,45.37
STORE_004,SKU10009,2025-05-23,11,38.39
STORE_004,SKU10009,2025-05-24,10,34.9
STORE_004,SKU10009,2025-05-25,6,20.94
STORE_004,SKU10009,2025-05-26,7,24.43
STORE_004,SKU10009,2025-05-27,11,38.39
STORE_004,SKU10009,2025-05-28,16,55.84
STORE_004,SKU10009,2025-05-29,10,34.9
STORE_004,SKU10009,2025-05-30,6,20.94
STORE_004,SKU10009,2025-06-01,14,48.86
STORE_004,SKU10009,2025-06-02,9,31.41
STORE_004,SKU10009,2025-06-03,13,45.37
STORE_004,SKU10009,2025-06-04,9,31.41
STORE_004,SKU10009,2025-06-05,12,41.88
STORE_004,SKU10009,2025-06-06,7,24.43
STORE_004,SKU10009,2025-06-07,11,38.39
STORE_004,SKU10009,2025-06-08,15,52.35
STORE_004,SKU10009,2025-06-09,13,45.37
STORE_004,SKU10009,2025-06-10,13,45.37
STORE_004,SKU10009,2025-06-12,7,24.43
STORE_004,SKU10009,2025-06-13,8,27.92
STORE_004,SKU10009,2025-06-14,13,45.37
STORE_004,SKU20000,2025-04-20,12,45.48
STORE_004,SKU20000,2025-04-21,13,49.27
STORE_004,SKU20000,2025-04-22,10,37.9
STORE_004,SKU20000,2025-04-23,13,49.27
STORE_004,SKU20000,2025-04-24,13,49.27
STORE_004,SKU20000,2025-04-25,11,41.69
STORE_004,SKU20000,2025-04-26,17,64.43
STORE_004,SKU20000,2025-04-27,15,56.85
STORE_004,SKU20000,2025-04-28,14,53.06
STORE_004,SKU20000,2025-04-29,13,49.27
STORE_004,SKU20000,2025-04-30,11,41.69
STORE_004,SKU20000,2025-05-01,15,56.85
STORE_004,SKU20000,2025-05-02,13,49.27
STORE_004,SKU20000,2025-05-03,13,49.27
STORE_004,SKU20000,2025-05-04,15,56.85
STORE_004,SKU20000,2025-05-05,14,53.06
STORE_004,SKU20000,2025-05-06,13,49.27
STORE_004,SKU20000,2025-05-07,11,41.69
STORE_004,SKU20000,2025-05-08,9,34.11
STORE_004,SKU20000,2025-05-09,13,49.27
STORE_004,SKU20000,2025-05-10,13,49.27
STORE_004,SKU20000,2025-05-11,11,41.69
STORE_004,SKU20000,2025-05-12,11,41.69
STORE_004,SKU20000,2025-05-13,12,45.48
STORE_004,SKU20000,2025-05-14,12,45.48
STORE_004,SKU20000,2025-05-15,7,26.53
STORE_004,SKU20000,2025-05-16,12,45.48
STORE_004,SKU20000,2025-05-17,12,45.48
STORE_004,SKU20000,2025-05-18,13,49.27
STORE_004,SKU20000,2025-05-19,13,49.27
STORE_004,SKU20000,2025-05-20,5,18.95
STORE_004,SKU20000,2025-05-21,9,34.11
STORE_004,SKU20000,2025-05-22,14,53.06
STORE_004,SKU20000,2025-05-24,13,49.27
STORE_004,SKU20000,2025-05-26,13,49.27
STORE_004,SKU20000,2025-05-27,12,45.48
STORE_004,SKU20000,2025-05-28,12,45.48
STORE_004,SKU20000,2025-05-29,11,41.69
STORE_004,SKU20000,2025-05-30,12,45.48
STORE_004,SKU20000,2025-05-31,13,49.27
STORE_004,SKU20000,2025-06-01,10,37.9
STORE_004,SKU20000,2025-06-02,8,30.32
STORE_004,SKU20000,2025-06-04,13,49.27
STORE_004,SKU20000,2025-06-05,12,45.48
STORE_004,SKU20000,2025-06-06,12,45.48
STORE_004,SKU20000,2025-06-07,13,49.27
STORE_004,SKU20000,2025-06-08,12,45.48
STORE_004,SKU20000,2025-06-09,12,45.48
STORE_004,SKU20000,2025-06-10,11,41.69
STORE_004,SKU20000,2025-06-11,10,37.9
STORE_004,SKU20000,2025-06-12,12,45.48
STORE_004,SKU20000,2025-06-13,11,41.69
STORE_004,SKU20000,2025-06-14,14,53.06
STORE_004,SKU20001,2025-04-20,12,45.48
STORE_004,SKU20001,2025-04-21,16,60.64
STORE_004,SKU20001,2025-04-22,14,53.06
STORE_004,SKU20001,2025-04-23,19,72.01
STORE_004,SKU20001,2025-04-24,11,41.69
STORE_004,SKU20001,2025-04-25,15,56.85
STORE_004,SKU20001,2025-04-26,20,75.8
STORE_004,SKU20001,2025-04-27,17,64.43
STORE_004,SKU20001,2025-04-28,14,53.06
STORE_004,SKU20001,2025-04-29,18,68.22
STORE_004,SKU20001,2025-04-30,17,64.43
STORE_004,SKU20001,2025-05-01,17,64.43
STORE_004,SKU20001,2025-05-02,14,53.06
STORE_004,SKU20001,2025-05-03,16,60.64
STORE_004,SKU20001,2025-05-04,18,68.22
STORE_004,SKU20001,2025-05-05,18,68.22
STORE_004,SKU20001,2025-05-06,11,41.69
STORE_004,SKU20001,2025-05-07,15,56.85
STORE_004,SKU20001,2025-05-08,14,53.06
STORE_004,SKU20001,2025-05-09,15,56.85
STORE_004,SKU20001,2025-05-10,20,75.8
STORE_004,SKU20001,2025-05-11,15,56.85
STORE_004,SKU20001,2025-05-12,17,64.43
STORE_004,SKU20001,2025-05-13,14,53.06
STORE_004,SKU20001,2025-05-14,18,68.22
STORE_004,SKU20001,2025-05-15,13,49.27
STORE_004,SKU20001,2025-05-16,18,68.22
STORE_004,SKU20001,2025-05-17,14,53.06
STORE_004,SKU20001,2025-05-18,18,68.22
STORE_004,SKU20001,2025-05-19,17,64.43
STORE_004,SKU20001,2025-05-20,13,49.27
STORE_004,SKU20001,2025-05-21,9,34.11
STORE_004,SKU20001,2025-05-22,14,53.06
STORE_004,SKU20001,2025-05-23,15,56.85
STORE_004,SKU20001,2025-05-24,17,64.43
STORE_004,SKU20001,2025-05-25,16,60.64
STORE_004,SKU20001,2025-05-26,18,68.22
STORE_004,SKU20001,2025-05-27,19,72.01
STORE_004,SKU20001,2025-05-28,19,72.01
STORE_004,SKU20001,2025-05-29,17,64.43
STORE_004,SKU20001,2025-05-30,17,64.43
STORE_004,SKU20001,2025-05-31,15,56.85
STORE_004,SKU20001,2025-06-01,17,64.43
STORE_004,SKU20001,2025-06-02,16,60.64
STORE_004,SKU20001,2025-06-03,16,60.64
STORE_004,SKU20001,2025-06-04,16,60.64
STORE_004,SKU20001,2025-06-05,15,56.85
STORE_004,SKU20001,2025-06-06,17,64.43
STORE_004,SKU20001,2025-06-07,18,68.22
STORE_004,SKU20001,2025-06-08,18,68.22
STORE_004,SKU20001,2025-06-09,13,49.27
STORE_004,SKU20001,2025-06-10,12,45.48
STORE_004,SKU20001,2025-06-11,16,60.64
STORE_004,SKU20001,2025-06-12,14,53.06
STORE_004,SKU20001,2025-06-13,13,49.27
STORE_004,SKU20001,2025-06-14,19,72.01
STORE_004,SKU20002,2025-04-20,8,47.92
STORE_004,SKU20002,2025-04-21,10,59.9
STORE_004,SKU20002,2025-04-22,8,47.92
STORE_004,SKU20002,2025-04-23,6,35.94
STORE_004,SKU20002,2025-04-25,9,53.91
STORE_004,SKU20002,2025-04-26,10,59.9
STORE_004,SKU20002,2025-04-28,10,59.9
STORE_004,SKU20002,2025-04-29,11,65.89
STORE_004,SKU20002,2025-04-30,6,35.94
STORE_004,SKU20002,2025-05-01,7,41.93
STORE_004,SKU20002,2025-05-02,6,35.94
STORE_004,SKU20002,2025-05-03,5,29.95
STORE_004,SKU20002,2025-05-04,5,29.95
STORE_004,SKU20002,2025-05-05,6,35.94
STORE_004,SKU20002,2025-05-06,4,23.96
STORE_004,SKU20002,2025-05-07,8,47.92
STORE_004,SKU20002,2025-05-08,6,35.94
STORE_004,SKU20002,2025-05-09,9,53.91
STORE_004,SKU20002,2025-05-10,9,53.91
STORE_004,SKU20002,2025-05-11,9,53.91
STORE_004,SKU20002,2025-05-12,7,41.93
STORE_004,SKU20002,2025-05-13,8,47.92
STORE_004,SKU20002,2025-05-14,6,35.94
STORE_004,SKU20002,2025-05-15,9,53.91
STORE_004,SKU20002,2025-05-16,7,41.93
STORE_004,SKU20002,2025-05-17,9,53.91
STORE_004,SKU20002,2025-05-19,7,41.93
STORE_004,SKU20002,2025-05-20,5,29.95
STORE_004,SKU20002,2025-05-21,6,35.94
STORE_004,SKU20002,2025-05-22,10,59.9
STORE_004,SKU20002,2025-05-23,6,35.94
STORE_004,SKU20002,2025-05-24,7,41.93
STORE_004,SKU20002,2025-05-25,8,47.92
STORE_004,SKU20002,2025-05-26,5,29.95
STORE_004,SKU20002,2025-05-27,5,29.95
STORE_004,SKU20002,2025-05-28,6,35.94
STORE_004,SKU20002,2025-05-29,9,53.91
STORE_004,SKU20002,2025-05-30,6,35.94
STORE_004,SKU20002,2025-05-31,5,29.95
STORE_004,SKU20002,2025-06-01,10,59.9
STORE_004,SKU20002,2025-06-02,4,23.96
STORE_004,SKU20002,2025-06-05,8,47.92
STORE_004,SKU20002,2025-06-06,6,35.94
STORE_004,SKU20002,2025-06-07,9,53.91
STORE_004,SKU20002,2025-06-08,6,35.94
STORE_004,SKU20002,2025-06-11,8,47.92
STORE_004,SKU20002,2025-06-13,6,35.94
STORE_004,SKU20002,2025-06-14,10,59.9
STORE_004,SKU20003,2025-04-20,5,24.95
STORE_004,SKU20003,2025-04-21,3,14.97
STORE_004,SKU20003,2025-04-22,8,39.92
STORE_004,SKU20003,2025-04-23,7,34.93
STORE_004,SKU20003,2025-04-24,7,34.93
STORE_004,SKU20003,2025-04-26,5,24.95
STORE_004,SKU20003,2025-04-28,2,9.98
STORE_004,SKU20003,2025-04-30,4,19.96
STORE_004,SKU20003,2025-05-01,5,24.95
STORE_004,SKU20003,2025-05-02,5,24.95
STORE_004,SKU20003,2025-05-03,5,24.95
STORE_004,SKU20003,2025-05-04,5,24.95
STORE_004,SKU20003,2025-05-05,3,14.97
STORE_004,SKU20003,2025-05-06,4,19.96
STORE_004,SKU20003,2025-05-07,4,19.96
STORE_004,SKU20003,2025-05-08,7,34.93
STORE_004,SKU20003,2025-05-09,5,24.95
STORE_004,SKU20003,2025-05-11,6,29.94
STORE_004,SKU20003,2025-05-12,7,34.93
STORE_004,SKU20003,2025-05-13,4,19.96
STORE_004,SKU20003,2025-05-14,7,34.93
STORE_004,SKU20003,2025-05-15,5,24.95
STORE_004,SKU20003,2025-05-16,5,24.95
STORE_004,SKU20003,2025-05-17,5,24.95
STORE_004,SKU20003,2025-05-18,7,34.93
STORE_004,SKU20003,2025-05-19,4,19.96
STORE_004,SKU20003,2025-05-20,7,34.93
STORE_004,SKU20003,2025-05-21,7,34.93
STORE_004,SKU20003,2025-05-22,4,19.96
STORE_004,SKU20003,2025-05-23,4,19.96
STORE_004,SKU20003,2025-05-25,3,14.97
STORE_004,SKU20003,2025-05-26,5,24.95
STORE_004,SKU20003,2025-05-27,5,24.95
STORE_004,SKU20003,2025-05-28,7,34.93
STORE_004,SKU20003,2025-05-29,5,24.95
STORE_004,SKU20003,2025-05-30,3,14.97
STORE_004,SKU20003,2025-05-31,7,34.93
STORE_004,SKU20003,2025-06-01,7,34.93
STORE_004,SKU20003,2025-06-02,5,24.95
STORE_004,SKU20003,2025-06-03,3,14.97
STORE_004,SKU20003,2025-06-04,5,24.95
STORE_004,SKU20003,2025-06-05,3,14.97
STORE_004,SKU20003,2025-06-06,4,19.96
STORE_004,SKU20003,2025-06-09,5,24.95
STORE_004,SKU20003,2025-06-10,4,19.96
STORE_004,SKU20003,2025-06-11,7,34.93
STORE_004,SKU20003,2025-06-12,5,24.95
STORE_004,SKU20003,2025-06-13,6,29.94
STORE_004,SKU20003,2025-06-14,6,29.94
STORE_004,SKU20004,2025-04-20,7,30.03
STORE_004,SKU20004,2025-04-21,8,34.32
STORE_004,SKU20004,2025-04-22,11,47.19
STORE_004,SKU20004,2025-04-23,8,34.32
STORE_004,SKU20004,2025-04-24,7,30.03
STORE_004,SKU20004,2025-04-25,11,47.19
STORE_004,SKU20004,2025-04-26,8,34.32
STORE_004,SKU20004,2025-04-27,4,17.16
STORE_004,SKU20004,2025-04-28,8,34.32
STORE_004,SKU20004,2025-04-29,8,34.32
STORE_004,SKU20004,2025-04-30,8,34.32
STORE_004,SKU20004,2025-05-01,9,38.61
STORE_004,SKU20004,2025-05-02,8,34.32
STORE_004,SKU20004,2025-05-03,8,34.32
STORE_004,SKU20004,2025-05-04,9,38.61
STORE_004,SKU20004,2025-05-05,10,42.9
STORE_004,SKU20004,2025-05-06,11,47.19
STORE_004,SKU20004,2025-05-08,6,25.74
STORE_004,SKU20004,2025-05-09,10,42.9
STORE_004,SKU20004,2025-05-11,9,38.61
STORE_004,SKU20004,2025-05-12,12,51.48
STORE_004,SKU20004,2025-05-13,7,30.03
STORE_004,SKU20004,2025-05-14,7,30.03
STORE_004,SKU20004,2025-05-15,11,47.19
STORE_004,SKU20004,2025-05-16,11,47.19
STORE_004,SKU20004,2025-05-17,6,25.74
STORE_004,SKU20004,2025-05-18,7,30.03
STORE_004,SKU20004,2025-05-19,6,25.74
STORE_004,SKU20004,2025-05-20,10,42.9
STORE_004,SKU20004,2025-05-21,9,38.61
STORE_004,SKU20004,2025-05-22,9,38.61
STORE_004,SKU20004,2025-05-23,12,51.48
STORE_004,SKU20004,2025-05-25,11,47.19
STORE_004,SKU20004,2025-05-26,8,34.32
STORE_004,SKU20004,2025-05-27,11,47.19
STORE_004,SKU20004,2025-05-28,9,38.61
STORE_004,SKU20004,2025-05-29,6,25.74
STORE_004,SKU20004,2025-05-31,8,34.32
STORE_004,SKU20004,2025-06-01,13,55.77
STORE_004,SKU20004,2025-06-02,7,30.03
STORE_004,SKU20004,2025-06-03,9,38.61
STORE_004,SKU20004,2025-06-04,7,30.03
STORE_004,SKU20004,2025-06-05,9,38.61
STORE_004,SKU20004,2025-06-06,7,30.03
STORE_004,SKU20004,2025-06-07,10,42.9
STORE_004,SKU20004,2025-06-08,12,51.48
STORE_004,SKU20004,2025-06-09,8,34.32
STORE_004,SKU20004,2025-06-10,7,30.03
STORE_004,SKU20004,2025-06-11,14,60.06
STORE_004,SKU20004,2025-06-12,9,38.61
STORE_004,SKU20004,2025-06-13,9,38.61
STORE_004,SKU20004,2025-06-14,10,42.9
STORE_004,SKU20005,2025-04-20,23,91.77
STORE_004,SKU20005,2025-04-21,10,39.9
STORE_004,SKU20005,2025-04-22,22,87.78
STORE_004,SKU20005,2025-04-23,21,83.79
STORE_004,SKU20005,2025-04-24,23,91.77
STORE_004,SKU20005,2025-04-25,20,79.8
STORE_004,SKU20005,2025-04-26,21,83.79
STORE_004,SKU20005,2025-04-27,26,103.74
STORE_004,SKU20005,2025-04-28,23,91.77
STORE_004,SKU20005,2025-04-29,18,71.82
STORE_004,SKU20005,2025-05-01,20,79.8
STORE_004,SKU20005,2025-05-02,18,71.82
STORE_004,SKU20005,2025-05-03,21,83.79
STORE_004,SKU20005,2025-05-04,20,79.8
STORE_004,SKU20005,2025-05-05,21,83.79
STORE_004,SKU20005,2025-05-06,20,79.8
STORE_004,SKU20005,2025-05-07,18,71.82
STORE_004,SKU20005,2025-05-08,18,71.82
STORE_004,SKU20005,2025-05-09,23,91.77
STORE_004,SKU20005,2025-05-10,26,103.74
STORE_004,SKU20005,2025-05-11,24,95.76
STORE_004,SKU20005,2025-05-12,22,87.78
STORE_004,SKU20005,2025-05-13,15,59.85
STORE_004,SKU20005,2025-05-14,16,63.84
STORE_004,SKU20005,2025-05-15,15,59.85
STORE_004,SKU20005,2025-05-16,19,75.81
STORE_004,SKU20005,2025-05-17,25,99.75
STORE_004,SKU20005,2025-05-18,21,83.79
STORE_004,SKU20005,2025-05-19,23,91.77
STORE_004,SKU20005,2025-05-20,17,67.83
STORE_004,SKU20005,2025-05-21,19,75.81
STORE_004,SKU20005,2025-05-22,18,71.82
STORE_004,SKU20005,2025-05-23,18,71.82
STORE_004,SKU20005,2025-05-24,22,87.78
STORE_004,SKU20005,2025-05-25,16,63.84
STORE_004,SKU20005,2025-05-26,20,79.8
STORE_004,SKU20005,2025-05-27,19,75.81
STORE_004,SKU20005,2025-05-28,24,95.76
STORE_004,SKU20005,2025-05-29,21,83.79
STORE_004,SKU20005,2025-05-30,20,79.8
STORE_004,SKU20005,2025-05-31,27,107.73
STORE_004,SKU20005,2025-06-01,26,103.74
STORE_004,SKU20005,2025-06-02,24,95.76
STORE_004,SKU20005,2025-06-03,17,67.83
STORE_004,SKU20005,2025-06-04,15,59.85
STORE_004,SKU20005,2025-06-05,14,55.86
STORE_004,SKU20005,2025-06-06,22,87.78
STORE_004,SKU20005,2025-06-07,16,63.84
STORE_004,SKU20005,2025-06-08,23,91.77
STORE_004,SKU20005,2025-06-09,22,87.78
STORE_004,SKU20005,2025-06-10,14,55.86
STORE_004,SKU20005,2025-06-11,16,63.84
STORE_004,SKU20005,2025-06-12,23,91.77
STORE_004,SKU20005,2025-06-13,21,83.79
STORE_004,SKU20005,2025-06-14,26,103.74
STORE_004,SKU20006,2025-04-20,7,20.93
STORE_004,SKU20006,2025-04-22,5,14.95
STORE_004,SKU20006,2025-04-23,5,14.95
STORE_004,SKU20006,2025-04-25,8,23.92
STORE_004,SKU20006,2025-04-26,4,11.96
STORE_004,SKU20006,2025-04-27,6,17.94
STORE_004,SKU20006,2025-04-28,5,14.95
STORE_004,SKU20006,2025-04-29,6,17.94
STORE_004,SKU20006,2025-05-01,7,20.93
STORE_004,SKU20006,2025-05-02,4,11.96
STORE_004,SKU20006,2025-05-03,9,26.91
STORE_004,SKU20006,2025-05-04,7,20.93
STORE_004,SKU20006,2025-05-05,6,17.94
STORE_004,SKU20006,2025-05-06,4,11.96
STORE_004,SKU20006,2025-05-07,6,17.94
STORE_004,SKU20006,2025-05-08,7,20.93
STORE_004,SKU20006,2025-05-09,6,17.94
STORE_004,SKU20006,2025-05-10,9,26.91
STORE_004,SKU20006,2025-05-11,7,20.93
STORE_004,SKU20006,2025-05-12,4,11.96
STORE_004,SKU20006,2025-05-13,5,14.95
STORE_004,SKU20006,2025-05-15,5,14.95
STORE_004,SKU20006,2025-05-16,4,11.96
STORE_004,SKU20006,2025-05-17,12,35.88
STORE_004,SKU20006,2025-05-18,7,20.93
STORE_004,SKU20006,2025-05-19,7,20.93
STORE_004,SKU20006,2025-05-20,5,14.95
STORE_004,SKU20006,2025-05-21,4,11.96
STORE_004,SKU20006,2025-05-22,7,20.93
STORE_004,SKU20006,2025-05-23,9,26.91
STORE_004,SKU20006,2025-05-24,6,17.94
STORE_004,SKU20006,2025-05-25,5,14.95
STORE_004,SKU20006,2025-05-26,8,23.92
STORE_004,SKU20006,2025-05-27,5,14.95
STORE_004,SKU20006,2025-05-30,7,20.93
STORE_004,SKU20006,2025-05-31,9,26.91
STORE_004,SKU20006,2025-06-01,7,20.93
STORE_004,SKU20006,2025-06-02,6,17.94
STORE_004,SKU20006,2025-06-03,2,5.98
STORE_004,SKU20006,2025-06-04,6,17.94
STORE_004,SKU20006,2025-06-05,8,23.92
STORE_004,SKU20006,2025-06-06,3,8.97
STORE_004,SKU20006,2025-06-07,8,23.92
STORE_004,SKU20006,2025-06-08,6,17.94
STORE_004,SKU20006,2025-06-09,5,14.95
STORE_004,SKU20006,2025-06-10,6,17.94
STORE_004,SKU20006,2025-06-11,4,11.96
STORE_004,SKU20006,2025-06-12,7,20.93
STORE_004,SKU20006,2025-06-13,3,8.97
STORE_004,SKU20006,2025-06-14,8,23.92
STORE_004,SKU20007,2025-04-20,9,31.41
STORE_004,SKU20007,2025-04-21,11,38.39
STORE_004,SKU20007,2025-04-22,6,20.94
STORE_004,SKU20007,2025-04-24,7,24.43
STORE_004,SKU20007,2025-04-25,5,17.45
STORE_004,SKU20007,2025-04-26,6,20.94
STORE_004,SKU20007,2025-04-27,8,27.92
STORE_004,SKU20007,2025-04-28,5,17.45
STORE_004,SKU20007,2025-04-29,5,17.45
STORE_004,SKU20007,2025-04-30,8,27.92
STORE_004,SKU20007,2025-05-03,7,24.43
STORE_004,SKU20007,2025-05-04,8,27.92
STORE_004,SKU20007,2025-05-05,6,20.94
STORE_004,SKU20007,2025-05-06,9,31.41
STORE_004,SKU20007,2025-05-07,6,20.94
STORE_004,SKU20007,2025-05-08,6,20.94
STORE_004,SKU20007,2025-05-09,11,38.39
STORE_004,SKU20007,2025-05-10,7,24.43
STORE_004,SKU20007,2025-05-11,6,20.94
STORE_004,SKU20007,2025-05-12,7,24.43
STORE_004,SKU20007,2025-05-13,6,20.94
STORE_004,SKU20007,2025-05-14,7,24.43
STORE_004,SKU20007,2025-05-15,9,31.41
STORE_004,SKU20007,2025-05-16,7,24.43
STORE_004,SKU20007,2025-05-17,9,31.41
STORE_004,SKU20007,2025-05-19,8,27.92
STORE_004,SKU20007,2025-05-20,9,31.41
STORE_004,SKU20007,2025-05-22,6,20.94
STORE_004,SKU20007,2025-05-23,9,31.41
STORE_004,SKU20007,2025-05-24,9,31.41
STORE_004,SKU20007,2025-05-25,11,38.39
STORE_004,SKU20007,2025-05-26,9,31.41
STORE_004,SKU20007,2025-05-27,6,20.94
STORE_004,SKU20007,2025-05-28,7,24.43
STORE_004,SKU20007,2025-05-29,7,24.43
STORE_004,SKU20007,2025-05-30,4,13.96
STORE_004,SKU20007,2025-05-31,7,24.43
STORE_004,SKU20007,2025-06-01,12,41.88
STORE_004,SKU20007,2025-06-02,5,17.45
STORE_004,SKU20007,2025-06-03,6,20.94
STORE_004,SKU20007,2025-06-05,6,20.94
STORE_004,SKU20007,2025-06-06,6,20.94
STORE_004,SKU20007,2025-06-07,7,24.43
STORE_004,SKU20007,2025-06-08,8,27.92
STORE_004,SKU20007,2025-06-09,8,27.92
STORE_004,SKU20007,2025-06-10,5,17.45
STORE_004,SKU20007,2025-06-12,5,17.45
STORE_004,SKU20007,2025-06-13,10,34.9
STORE_004,SKU20007,2025-06-14,7,24.43
STORE_004,SKU30000,2025-04-23,2,25.98
STORE_004,SKU30000,2025-04-24,1,12.99
STORE_004,SKU30000,2025-04-27,2,25.98
STORE_004,SKU30000,2025-04-30,1,12.99
STORE_004,SKU30000,2025-05-04,1,12.99
STORE_004,SKU30000,2025-05-07,1,12.99
STORE_004,SKU30000,2025-05-13,1,12.99
STORE_004,SKU30000,2025-05-14,1,12.99
STORE_004,SKU30000,2025-05-15,1,12.99
STORE_004,SKU30000,2025-05-16,1,12.99
STORE_004,SKU30000,2025-05-17,1,12.99
STORE_004,SKU30000,2025-05-18,1,12.99
STORE_004,SKU30000,2025-05-19,2,25.98
STORE_004,SKU30000,2025-05-23,1,12.99
STORE_004,SKU30000,2025-05-24,1,12.99
STORE_004,SKU30000,2025-05-28,1,12.99
STORE_004,SKU30000,2025-06-01,2,25.98
STORE_004,SKU30000,2025-06-02,1,12.99
STORE_004,SKU30000,2025-06-03,2,25.98
STORE_004,SKU30000,2025-06-05,1,12.99
STORE_004,SKU30000,2025-06-06,1,12.99
STORE_004,SKU30000,2025-06-07,1,12.99
STORE_004,SKU30000,2025-06-08,2,25.98
STORE_004,SKU30000,2025-06-09,2,25.98
STORE_004,SKU30000,2025-06-10,1,12.99
STORE_004,SKU30000,2025-06-12,2,25.98
STORE_004,SKU30000,2025-06-14,1,12.99
STORE_004,SKU30001,2025-04-20,5,44.95
STORE_004,SKU30001,2025-04-21,1,8.99
STORE_004,SKU30001,2025-04-22,3,26.97
STORE_004,SKU30001,2025-04-23,4,35.96
STORE_004,SKU30001,2025-04-24,6,53.94
STORE_004,SKU30001,2025-04-25,5,44.95
STORE_004,SKU30001,2025-04-26,4,35.96
STORE_004,SKU30001,2025-04-27,2,17.98
STORE_004,SKU30001,2025-04-28,6,53.94
STORE_004,SKU30001,2025-04-29,3,26.97
STORE_004,SKU30001,2025-04-30,4,35.96
STORE_004,SKU30001,2025-05-01,3,26.97
STORE_004,SKU30001,2025-05-02,5,44.95
STORE_004,SKU30001,2025-05-03,7,62.93
STORE_004,SKU30001,2025-05-04,6,53.94
STORE_004,SKU30001,2025-05-05,4,35.96
STORE_004,SKU30001,2025-05-07,6,53.94
STORE_004,SKU30001,2025-05-08,5,44.95
STORE_004,SKU30001,2025-05-09,6,53.94
STORE_004,SKU30001,2025-05-10,2,17.98
STORE_004,SKU30001,2025-05-11,4,35.96
STORE_004,SKU30001,2025-05-12,3,26.97
STORE_004,SKU30001,2025-05-13,1,8.99
STORE_004,SKU30001,2025-05-15,6,53.94
STORE_004,SKU30001,2025-05-16,4,35.96
STORE_004,SKU30001,2025-05-17,8,71.92
STORE_004,SKU30001,2025-05-19,6,53.94
STORE_004,SKU30001,2025-05-21,6,53.94
STORE_004,SKU30001,2025-05-22,7,62.93
STORE_004,SKU30001,2025-05-23,3,26.97
STORE_004,SKU30001,2025-05-25,4,35.96
STORE_004,SKU30001,2025-05-26,3,26.97
STORE_004,SKU30001,2025-05-27,3,26.97
STORE_004,SKU30001,2025-05-28,3,26.97
STORE_004,SKU30001,2025-05-29,7,62.93
STORE_004,SKU30001,2025-05-30,3,26.97
STORE_004,SKU30001,2025-05-31,6,53.94
STORE_004,SKU30001,2025-06-01,4,35.96
STORE_004,SKU30001,2025-06-02,1,8.99
STORE_004,SKU30001,2025-06-04,5,44.95
STORE_004,SKU30001,2025-06-05,3,26.97
STORE_004,SKU30001,2025-06-07,6,53.94
STORE_004,SKU30001,2025-06-08,6,53.94
STORE_004,SKU30001,2025-06-09,7,62.93
STORE_004,SKU30001,2025-06-10,2,17.98
STORE_004,SKU30001,2025-06-11,4,35.96
STORE_004,SKU30001,2025-06-12,5,44.95
STORE_004,SKU30001,2025-06-13,7,62.93
STORE_004,SKU30001,2025-06-14,4,35.96
STORE_004,SKU30002,2025-04-20,6,47.94
STORE_004,SKU30002,2025-04-21,3,23.97
STORE_004,SKU30002,2025-04-23,4,31.96
STORE_004,SKU30002,2025-04-24,4,31.96
STORE_004,SKU30002,2025-04-26,4,31.96
STORE_004,SKU30002,2025-04-29,4,31.96
STORE_004,SKU30002,2025-04-30,2,15.98
STORE_004,SKU30002,2025-05-01,4,31.96
STORE_004,SKU30002,2025-05-02,3,23.97
STORE_004,SKU30002,2025-05-04,3,23.97
STORE_004,SKU30002,2025-05-05,2,15.98
STORE_004,SKU30002,2025-05-06,4,31.96
STORE_004,SKU30002,2025-05-07,4,31.96
STORE_004,SKU30002,2025-05-08,4,31.96
STORE_004,SKU30002,2025-05-09,5,39.95
STORE_004,SKU30002,2025-05-11,4,31.96
STORE_004,SKU30002,2025-05-12,3,23.97
STORE_004,SKU30002,2025-05-13,4,31.96
STORE_004,SKU30002,2025-05-14,3,23.97
STORE_004,SKU30002,2025-05-15,3,23.97
STORE_004,SKU30002,2025-05-16,3,23.97
STORE_004,SKU30002,2025-05-17,4,31.96
STORE_004,SKU30002,2025-05-18,5,39.95
STORE_004,SKU30002,2025-05-19,7,55.93
STORE_004,SKU30002,2025-05-20,1,7.99
STORE_004,SKU30002,2025-05-21,5,39.95
STORE_004,SKU30002,2025-05-22,3,23.97
STORE_004,SKU30002,2025-05-23,3,23.97
STORE_004,SKU30002,2025-05-24,4,31.96
STORE_004,SKU30002,2025-05-25,5,39.95
STORE_004,SKU30002,2025-05-28,1,7.99
STORE_004,SKU30002,2025-05-29,5,39.95
STORE_004,SKU30002,2025-05-30,4,31.96
STORE_004,SKU30002,2025-05-31,4,31.96
STORE_004,SKU30002,2025-06-01,4,31.96
STORE_004,SKU30002,2025-06-04,4,31.96
STORE_004,SKU30002,2025-06-05,2,15.98
STORE_004,SKU30002,2025-06-06,3,23.97
STORE_004,SKU30002,2025-06-07,4,31.96
STORE_004,SKU30002,2025-06-08,5,39.95
STORE_004,SKU30002,2025-06-10,4,31.96
STORE_004,SKU30002,2025-06-11,3,23.97
STORE_004,SKU30002,2025-06-12,5,39.95
STORE_004,SKU30003,2025-04-20,2,18.98
STORE_004,SKU30003,2025-04-21,2,18.98
STORE_004,SKU30003,2025-04-22,3,28.47
STORE_004,SKU30003,2025-04-23,3,28.47
STORE_004,SKU30003,2025-04-25,3,28.47
STORE_004,SKU30003,2025-04-26,4,37.96
STORE_004,SKU30003,2025-04-28,1,9.49
STORE_004,SKU30003,2025-04-29,2,18.98
STORE_004,SKU30003,2025-04-30,1,9.49
STORE_004,SKU30003,2025-05-02,1,9.49
STORE_004,SKU30003,2025-05-03,3,28.47
STORE_004,SKU30003,2025-05-04,4,37.96
STORE_004,SKU30003,2025-05-05,3,28.47
STORE_004,SKU30003,2025-05-07,1,9.49
STORE_004,SKU30003,2025-05-08,1,9.49
STORE_004,SKU30003,2025-05-10,2,18.98
STORE_004,SKU30003,2025-05-11,2,18.98
STORE_004,SKU30003,2025-05-13,2,18.98
STORE_004,SKU30003,2025-05-14,1,9.49
STORE_004,SKU30003,2025-05-15,2,18.98
STORE_004,SKU30003,2025-05-17,3,28.47
STORE_004,SKU30003,2025-05-18,2,18.98
STORE_004,SKU30003,2025-05-21,3,28.47
STORE_004,SKU30003,2025-05-22,3,28.47
STORE_004,SKU30003,2025-05-23,1,9.49
STORE_004,SKU30003,2025-05-24,3,28.47
STORE_004,SKU30003,2025-05-27,2,18.98
STORE_004,SKU30003,2025-05-29,2,18.98
STORE_004,SKU30003,2025-05-31,2,18.98
STORE_004,SKU30003,2025-06-01,2,18.98
STORE_004,SKU30003,2025-06-03,2,18.98
STORE_004,SKU30003,2025-06-06,2,18.98
STORE_004,SKU30003,2025-06-07,3,28.47
STORE_004,SKU30003,2025-06-08,1,9.49
STORE_004,SKU30003,2025-06-09,1,9.49
STORE_004,SKU30003,2025-06-10,4,37.96
STORE_004,SKU30003,2025-06-12,3,28.47
STORE_004,SKU30003,2025-06-14,3,28.47
STORE_004,SKU30004,2025-04-20,4,27.96
STORE_004,SKU30004,2025-04-21,2,13.98
STORE_004,SKU30004,2025-04-23,2,13.98
STORE_004,SKU30004,2025-04-24,4,27.96
STORE_004,SKU30004,2025-04-26,4,27.96
STORE_004,SKU30004,2025-04-27,3,20.97
STORE_004,SKU30004,2025-04-28,1,6.99
STORE_004,SKU30004,2025-04-29,1,6.99
STORE_004,SKU30004,2025-04-30,3,20.97
STORE_004,SKU30004,2025-05-01,5,34.95
STORE_004,SKU30004,2025-05-02,3,20.97
STORE_004,SKU30004,2025-05-03,7,48.93
STORE_004,SKU30004,2025-05-04,4,27.96
STORE_004,SKU30004,2025-05-05,2,13.98
STORE_004,SKU30004,2025-05-06,4,27.96
STORE_004,SKU30004,2025-05-07,1,6.99
STORE_004,SKU30004,2025-05-08,3,20.97
STORE_004,SKU30004,2025-05-09,3,20.97
STORE_004,SKU30004,2025-05-10,3,20.97
STORE_004,SKU30004,2025-05-11,2,13.98
STORE_004,SKU30004,2025-05-13,4,27.96
STORE_004,SKU30004,2025-05-14,2,13.98
STORE_004,SKU30004,2025-05-15,3,20.97
STORE_004,SKU30004,2025-05-19,2,13.98
STORE_004,SKU30004,2025-05-20,4,27.96
STORE_004,SKU30004,2025-05-21,3,20.97
STORE_004,SKU30004,2025-05-22,1,6.99
STORE_004,SKU30004,2025-05-23,6,41.94
STORE_004,SKU30004,2025-05-24,2,13.98
STORE_004,SKU30004,2025-05-25,3,20.97
STORE_004,SKU30004,2025-05-26,4,27.96
STORE_004,SKU30004,2025-05-29,3,20.97
STORE_004,SKU30004,2025-05-30,4,27.96
STORE_004,SKU30004,2025-05-31,3,20.97
STORE_004,SKU30004,2025-06-03,4,27.96
STORE_004,SKU30004,2025-06-04,2,13.98
STORE_004,SKU30004,2025-06-06,2,13.98
STORE_004,SKU30004,2025-06-07,3,20.97
STORE_004,SKU30004,2025-06-08,1,6.99
STORE_004,SKU30004,2025-06-10,2,13.98
STORE_004,SKU30004,2025-06-11,2,13.98
STORE_004,SKU30004,2025-06-12,4,27.96
STORE_004,SKU30004,2025-06-13,3,20.97
STORE_004,SKU30004,2025-06-14,2,13.98
STORE_004,SKU40000,2025-04-20,4,11.96
STORE_004,SKU40000,2025-04-21,7,20.93
STORE_004,SKU40000,2025-04-22,3,8.97
STORE_004,SKU40000,2025-04-23,4,11.96
STORE_004,SKU40000,2025-04-24,5,14.95
STORE_004,SKU40000,2025-04-26,7,20.93
STORE_004,SKU40000,2025-04-27,5,14.95
STORE_004,SKU40000,2025-04-28,5,14.95
STORE_004,SKU40000,2025-04-29,4,11.96
STORE_004,SKU40000,2025-04-30,6,17.94
STORE_004,SKU40000,2025-05-01,6,17.94
STORE_004,SKU40000,2025-05-02,9,26.91
STORE_004,SKU40000,2025-05-03,7,20.93
STORE_004,SKU40000,2025-05-04,5,14.95
STORE_004,SKU40000,2025-05-05,6,17.94
STORE_004,SKU40000,2025-05-06,6,17.94
STORE_004,SKU40000,2025-05-07,5,14.95
STORE_004,SKU40000,2025-05-08,3,8.97
STORE_004,SKU40000,2025-05-09,6,17.94
STORE_004,SKU40000,2025-05-10,6,17.94
STORE_004,SKU40000,2025-05-11,4,11.96
STORE_004,SKU40000,2025-05-13,8,23.92
STORE_004,SKU40000,2025-05-16,5,14.95
STORE_004,SKU40000,2025-05-17,5,14.95
STORE_004,SKU40000,2025-05-19,6,17.94
STORE_004,SKU40000,2025-05-20,4,11.96
STORE_004,SKU40000,2025-05-21,5,14.95
STORE_004,SKU40000,2025-05-23,5,14.95
STORE_004,SKU40000,2025-05-24,5,14.95
STORE_004,SKU40000,2025-05-26,4,11.96
STORE_004,SKU40000,2025-05-27,7,20.93
STORE_004,SKU40000,2025-05-28,6,17.94
STORE_004,SKU40000,2025-05-29,7,20.93
STORE_004,SKU40000,2025-05-30,3,8.97
STORE_004,SKU40000,2025-05-31,8,23.92
STORE_004,SKU40000,2025-06-01,8,23.92
STORE_004,SKU40000,2025-06-02,4,11.96
STORE_004,SKU40000,2025-06-03,7,20.93
STORE_004,SKU40000,2025-06-04,7,20.93
STORE_004,SKU40000,2025-06-05,4,11.96
STORE_004,SKU40000,2025-06-07,6,17.94
STORE_004,SKU40000,2025-06-08,6,17.94
STORE_004,SKU40000,2025-06-09,5,14.95
STORE_004,SKU40000,2025-06-10,5,14.95
STORE_004,SKU40000,2025-06-11,6,17.94
STORE_004,SKU40000,2025-06-12,6,17.94
STORE_004,SKU40000,2025-06-13,4,11.96
STORE_004,SKU40000,2025-06-14,5,14.95
STORE_004,SKU40001,2025-04-20,13,77.87
STORE_004,SKU40001,2025-04-21,11,65.89
STORE_004,SKU40001,2025-04-22,8,47.92
STORE_004,SKU40001,2025-04-24,10,59.9
STORE_004,SKU40001,2025-04-25,15,89.85
STORE_004,SKU40001,2025-04-26,16,95.84
STORE_004,SKU40001,2025-04-27,6,35.94
STORE_004,SKU40001,2025-04-28,8,47.92
STORE_004,SKU40001,2025-04-29,12,71.88
STORE_004,SKU40001,2025-04-30,10,59.9
STORE_004,SKU40001,2025-05-01,8,47.92
STORE_004,SKU40001,2025-05-02,8,47.92
STORE_004,SKU40001,2025-05-03,12,71.88
STORE_004,SKU40001,2025-05-04,9,53.91
STORE_004,SKU40001,2025-05-05,7,41.93
STORE_004,SKU40001,2025-05-06,8,47.92
STORE_004,SKU40001,2025-05-07,14,83.86
STORE_004,SKU40001,2025-05-08,11,65.89
STORE_004,SKU40001,2025-05-10,16,95.84
STORE_004,SKU40001,2025-05-11,12,71.88
STORE_004,SKU40001,2025-05-12,9,53.91
STORE_004,SKU40001,2025-05-13,13,77.87
STORE_004,SKU40001,2025-05-14,13,77.87
STORE_004,SKU40001,2025-05-15,12,71.88
STORE_004,SKU40001,2025-05-16,7,41.93
STORE_004,SKU40001,2025-05-17,11,65.89
STORE_004,SKU40001,2025-05-18,11,65.89
STORE_004,SKU40001,2025-05-19,12,71.88
STORE_004,SKU40001,2025-05-20,6,35.94
STORE_004,SKU40001,2025-05-21,9,53.91
STORE_004,SKU40001,2025-05-22,10,59.9
STORE_004,SKU40001,2025-05-23,9,53.91
STORE_004,SKU40001,2025-05-24,15,89.85
STORE_004,SKU40001,2025-05-25,14,83.86
STORE_004,SKU40001,2025-05-26,12,71.88
STORE_004,SKU40001,2025-05-27,9,53.91
STORE_004,SKU40001,2025-05-28,10,59.9
STORE_004,SKU40001,2025-05-30,8,47.92
STORE_004,SKU40001,2025-05-31,14,83.86
STORE_004,SKU40001,2025-06-01,10,59.9
STORE_004,SKU40001,2025-06-02,12,71.88
STORE_004,SKU40001,2025-06-03,12,71.88
STORE_004,SKU40001,2025-06-04,12,71.88
STORE_004,SKU40001,2025-06-05,10,59.9
STORE_004,SKU40001,2025-06-06,8,47.92
STORE_004,SKU40001,2025-06-07,16,95.84
STORE_004,SKU40001,2025-06-08,15,89.85
STORE_004,SKU40001,2025-06-09,10,59.9
STORE_004,SKU40001,2025-06-10,10,59.9
STORE_004,SKU40001,2025-06-11,9,53.91
STORE_004,SKU40001,2025-06-12,6,35.94
STORE_004,SKU40001,2025-06-13,10,59.9
STORE_004,SKU40001,2025-06-14,13,77.87
STORE_004,SKU40002,2025-04-20,8,55.92
STORE_004,SKU40002,2025-04-21,7,48.93
STORE_004,SKU40002,2025-04-22,7,48.93
STORE_004,SKU40002,2025-04-23,8,55.92
STORE_004,SKU40002,2025-04-24,7,48.93
STORE_004,SKU40002,2025-04-26,10,69.9
STORE_004,SKU40002,2025-04-27,10,69.9
STORE_004,SKU40002,2025-04-28,8,55.92
STORE_004,SKU40002,2025-04-29,11,76.89
STORE_004,SKU40002,2025-04-30,10,69.9
STORE_004,SKU40002,2025-05-01,5,34.95
STORE_004,SKU40002,2025-05-02,5,34.95
STORE_004,SKU40002,2025-05-03,9,62.91
STORE_004,SKU40002,2025-05-04,11,76.89
STORE_004,SKU40002,2025-05-05,10,69.9
STORE_004,SKU40002,2025-05-06,7,48.93
STORE_004,SKU40002,2025-05-07,8,55.92
STORE_004,SKU40002,2025-05-08,7,48.93
STORE_004,SKU40002,2025-05-09,8,55.92
STORE_004,SKU40002,2025-05-10,10,69.9
STORE_004,SKU40002,2025-05-11,8,55.92
STORE_004,SKU40002,2025-05-12,7,48.93
STORE_004,SKU40002,2025-05-13,9,62.91
STORE_004,SKU40002,2025-05-14,5,34.95
STORE_004,SKU40002,2025-05-15,12,83.88
STORE_004,SKU40002,2025-05-16,12,83.88
STORE_004,SKU40002,2025-05-17,11,76.89
STORE_004,SKU40002,2025-05-18,12,83.88
STORE_004,SKU40002,2025-05-19,6,41.94
STORE_004,SKU40002,2025-05-20,7,48.93
STORE_004,SKU40002,2025-05-21,3,20.97
STORE_004,SKU40002,2025-05-22,8,55.92
STORE_004,SKU40002,2025-05-23,8,55.92
STORE_004,SKU40002,2025-05-24,10,69.9
STORE_004,SKU40002,2025-05-25,6,41.94
STORE_004,SKU40002,2025-05-27,4,27.96
STORE_004,SKU40002,2025-05-28,7,48.93
STORE_004,SKU40002,2025-05-29,9,62.91
STORE_004,SKU40002,2025-05-30,8,55.92
STORE_004,SKU40002,2025-05-31,8,55.92
STORE_004,SKU40002,2025-06-01,13,90.87
STORE_004,SKU40002,2025-06-03,7,48.93
STORE_004,SKU40002,2025-06-04,9,62.91
STORE_004,SKU40002,2025-06-05,5,34.95
STORE_004,SKU40002,2025-06-06,9,62.91
STORE_004,SKU40002,2025-06-07,9,62.91
STORE_004,SKU40002,2025-06-08,9,62.91
STORE_004,SKU40002,2025-06-09,5,34.95
STORE_004,SKU40002,2025-06-10,8,55.92
STORE_004,SKU40002,2025-06-11,9,62.91
STORE_004,SKU40002,2025-06-12,8,55.92
STORE_004,SKU40002,2025-06-13,8,55.92
STORE_004,SKU40002,2025-06-14,9,62.91
STORE_004,SKU40003,2025-04-20,7,52.43
STORE_004,SKU40003,2025-04-21,5,37.45
STORE_004,SKU40003,2025-04-22,8,59.92
STORE_004,SKU40003,2025-04-23,7,52.43
STORE_004,SKU40003,2025-04-24,8,59.92
STORE_004,SKU40003,2025-04-25,6,44.94
STORE_004,SKU40003,2025-04-26,7,52.43
STORE_004,SKU40003,2025-04-27,6,44.94
STORE_004,SKU40003,2025-04-28,4,29.96
STORE_004,SKU40003,2025-04-29,7,52.43
STORE_004,SKU40003,2025-04-30,3,22.47
STORE_004,SKU40003,2025-05-01,7,52.43
STORE_004,SKU40003,2025-05-02,6,44.94
STORE_004,SKU40003,2025-05-03,12,89.88
STORE_004,SKU40003,2025-05-04,8,59.92
STORE_004,SKU40003,2025-05-05,8,59.92
STORE_004,SKU40003,2025-05-06,5,37.45
STORE_004,SKU40003,2025-05-07,9,67.41
STORE_004,SKU40003,2025-05-08,9,67.41
STORE_004,SKU40003,2025-05-09,8,59.92
STORE_004,SKU40003,2025-05-10,12,89.88
STORE_004,SKU40003,2025-05-11,6,44.94
STORE_004,SKU40003,2025-05-12,8,59.92
STORE_004,SKU40003,2025-05-13,5,37.45
STORE_004,SKU40003,2025-05-14,5,37.45
STORE_004,SKU40003,2025-05-16,7,52.43
STORE_004,SKU40003,2025-05-17,8,59.92
STORE_004,SKU40003,2025-05-18,12,89.88
STORE_004,SKU40003,2025-05-19,5,37.45
STORE_004,SKU40003,2025-05-20,6,44.94
STORE_004,SKU40003,2025-05-21,6,44.94
STORE_004,SKU40003,2025-05-23,8,59.92
STORE_004,SKU40003,2025-05-24,10,74.9
STORE_004,SKU40003,2025-05-25,11,82.39
STORE_004,SKU40003,2025-05-26,7,52.43
STORE_004,SKU40003,2025-05-27,8,59.92
STORE_004,SKU40003,2025-05-28,2,14.98
STORE_004,SKU40003,2025-05-29,7,52.43
STORE_004,SKU40003,2025-05-31,7,52.43
STORE_004,SKU40003,2025-06-01,8,59.92
STORE_004,SKU40003,2025-06-02,3,22.47
STORE_004,SKU40003,2025-06-03,5,37.45
STORE_004,SKU40003,2025-06-04,9,67.41
STORE_004,SKU40003,2025-06-05,8,59.92
STORE_004,SKU40003,2025-06-06,3,22.47
STORE_004,SKU40003,2025-06-07,9,67.41
STORE_004,SKU40003,2025-06-08,6,44.94
STORE_004,SKU40003,2025-06-09,7,52.43
STORE_004,SKU40003,2025-06-10,8,59.92
STORE_004,SKU40003,2025-06-12,4,29.96
STORE_004,SKU40003,2025-06-13,7,52.43
STORE_004,SKU40003,2025-06-14,4,29.96
STORE_005,SKU10000,2025-04-20,13,25.87
STORE_005,SKU10000,2025-04-21,8,15.92
STORE_005,SKU10000,2025-04-22,9,17.91
STORE_005,SKU10000,2025-04-23,6,11.94
STORE_005,SKU10000,2025-04-24,10,19.9
STORE_005,SKU10000,2025-04-25,14,27.86
STORE_005,SKU10000,2025-04-27,12,23.88
STORE_005,SKU10000,2025-04-28,13,25.87
STORE_005,SKU10000,2025-04-29,17,33.83
STORE_005,SKU10000,2025-04-30,10,19.9
STORE_005,SKU10000,2025-05-01,14,27.86
STORE_005,SKU10000,2025-05-02,11,21.89
STORE_005,SKU10000,2025-05-03,15,29.85
STORE_005,SKU10000,2025-05-04,10,19.9
STORE_005,SKU10000,2025-05-05,14,27.86
STORE_005,SKU10000,2025-05-06,10,19.9
STORE_005,SKU10000,2025-05-08,9,17.91
STORE_005,SKU10000,2025-05-09,12,23.88
STORE_005,SKU10000,2025-05-10,14,27.86
STORE_005,SKU10000,2025-05-11,14,27.86
STORE_005,SKU10000,2025-05-12,12,23.88
STORE_005,SKU10000,2025-05-13,7,13.93
STORE_005,SKU10000,2025-05-14,15,29.85
STORE_005,SKU10000,2025-05-15,13,25.87
STORE_005,SKU10000,2025-05-16,12,23.88
STORE_005,SKU10000,2025-05-17,14,27.86
STORE_005,SKU10000,2025-05-18,15,29.85
STORE_005,SKU10000,2025-05-20,18,35.82
STORE_005,SKU10000,2025-05-21,9,17.91
STORE_005,SKU10000,2025-05-22,9,17.91
STORE_005,SKU10000,2025-05-23,8,15.92
STORE_005,SKU10000,2025-05-24,13,25.87
STORE_005,SKU10000,2025-05-25,5,9.95
STORE_005,SKU10000,2025-05-26,17,33.83
STORE_005,SKU10000,2025-05-27,18,35.82
STORE_005,SKU10000,2025-05-28,8,15.92
STORE_005,SKU10000,2025-05-29,18,35.82
STORE_005,SKU10000,2025-05-30,8,15.92
STORE_005,SKU10000,2025-05-31,13,25.87
STORE_005,SKU10000,2025-06-01,15,29.85
STORE_005,SKU10000,2025-06-02,12,23.88
STORE_005,SKU10000,2025-06-03,10,19.9
STORE_005,SKU10000,2025-06-04,9,17.91
STORE_005,SKU10000,2025-06-05,14,27.86
STORE_005,SKU10000,2025-06-06,16,31.84
STORE_005,SKU10000,2025-06-07,7,13.93
STORE_005,SKU10000,2025-06-08,14,27.86
STORE_005,SKU10000,2025-06-09,13,25.87
STORE_005,SKU10000,2025-06-10,12,23.88
STORE_005,SKU10000,2025-06-11,7,13.93
STORE_005,SKU10000,2025-06-12,13,25.87
STORE_005,SKU10000,2025-06-13,15,29.85
STORE_005,SKU10000,2025-06-14,10,19.9
STORE_005,SKU10001,2025-04-20,6,29.94
STORE_005,SKU10001,2025-04-21,7,34.93
STORE_005,SKU10001,2025-04-22,6,29.94
STORE_005,SKU10001,2025-04-23,5,24.95
STORE_005,SKU10001,2025-04-24,4,19.96
STORE_005,SKU10001,2025-04-25,5,24.95
STORE_005,SKU10001,2025-04-26,3,14.97
STORE_005,SKU10001,2025-04-27,9,44.91
STORE_005,SKU10001,2025-04-28,5,24.95
STORE_005,SKU10001,2025-04-29,8,39.92
STORE_005,SKU10001,2025-04-30,6,29.94
STORE_005,SKU10001,2025-05-01,7,34.93
STORE_005,SKU10001,2025-05-02,3,14.97
STORE_005,SKU10001,2025-05-03,9,44.91
STORE_005,SKU10001,2025-05-04,13,64.87
STORE_005,SKU10001,2025-05-05,6,29.94
STORE_005,SKU10001,2025-05-06,7,34.93
STORE_005,SKU10001,2025-05-07,7,34.93
STORE_005,SKU10001,2025-05-08,4,19.96
STORE_005,SKU10001,2025-05-09,4,19.96
STORE_005,SKU10001,2025-05-10,9,44.91
STORE_005,SKU10001,2025-05-11,6,29.94
STORE_005,SKU10001,2025-05-12,6,29.94
STORE_005,SKU10001,2025-05-13,7,34.93
STORE_005,SKU10001,2025-05-14,8,39.92
STORE_005,SKU10001,2025-05-15,6,29.94
STORE_005,SKU10001,2025-05-16,6,29.94
STORE_005,SKU10001,2025-05-17,12,59.88
STORE_005,SKU10001,2025-05-18,9,44.91
STORE_005,SKU10001,2025-05-19,6,29.94
STORE_005,SKU10001,2025-05-20,6,29.94
STORE_005,SKU10001,2025-05-21,10,49.9
STORE_005,SKU10001,2025-05-22,8,39.92
STORE_005,SKU10001,2025-05-23,9,44.91
STORE_005,SKU10001,2025-05-24,7,34.93
STORE_005,SKU10001,2025-05-25,6,29.94
STORE_005,SKU10001,2025-05-26,10,49.9
STORE_005,SKU10001,2025-05-27,6,29.94
STORE_005,SKU10001,2025-05-28,6,29.94
STORE_005,SKU10001,2025-05-29,5,24.95
STORE_005,SKU10001,2025-05-30,9,44.91
STORE_005,SKU10001,2025-05-31,10,49.9
STORE_005,SKU10001,2025-06-01,8,39.92
STORE_005,SKU10001,2025-06-02,4,19.96
STORE_005,SKU10001,2025-06-04,5,24.95
STORE_005,SKU10001,2025-06-05,6,29.94
STORE_005,SKU10001,2025-06-06,9,44.91
STORE_005,SKU10001,2025-06-07,7,34.93
STORE_005,SKU10001,2025-06-08,8,39.92
STORE_005,SKU10001,2025-06-09,5,24.95
STORE_005,SKU10001,2025-06-10,5,24.95
STORE_005,SKU10001,2025-06-12,9,44.91
STORE_005,SKU10001,2025-06-13,4,19.96
STORE_005,SKU10001,2025-06-14,8,39.92
STORE_005,SKU10002,2025-04-20,5,12.45
STORE_005,SKU10002,2025-04-21,2,4.98
STORE_005,SKU10002,2025-04-22,4,9.96
STORE_005,SKU10002,2025-04-23,4,9.96
STORE_005,SKU10002,2025-04-25,4,9.96
STORE_005,SKU10002,2025-04-26,7,17.43
STORE_005,SKU10002,2025-04-27,7,17.43
STORE_005,SKU10002,2025-04-28,5,12.45
STORE_005,SKU10002,2025-04-29,2,4.98
STORE_005,SKU10002,2025-04-30,1,2.49
STORE_005,SKU10002,2025-05-01,3,7.47
STORE_005,SKU10002,2025-05-02,4,9.96
STORE_005,SKU10002,2025-05-03,5,12.45
STORE_005,SKU10002,2025-05-05,3,7.47
STORE_005,SKU10002,2025-05-06,7,17.43
STORE_005,SKU10002,2025-05-07,6,14.94
STORE_005,SKU10002,2025-05-09,5,12.45
STORE_005,SKU10002,2025-05-10,5,12.45
STORE_005,SKU10002,2025-05-11,6,14.94
STORE_005,SKU10002,2025-05-12,8,19.92
STORE_005,SKU10002,2025-05-13,6,14.94
STORE_005,SKU10002,2025-05-14,3,7.47
STORE_005,SKU10002,2025-05-15,8,19.92
STORE_005,SKU10002,2025-05-16,5,12.45
STORE_005,SKU10002,2025-05-17,4,9.96
STORE_005,SKU10002,2025-05-18,2,4.98
STORE_005,SKU10002,2025-05-19,3,7.47
STORE_005,SKU10002,2025-05-20,5,12.45
STORE_005,SKU10002,2025-05-22,3,7.47
STORE_005,SKU10002,2025-05-23,3,7.47
STORE_005,SKU10002,2025-05-24,5,12.45
STORE_005,SKU10002,2025-05-25,8,19.92
STORE_005,SKU10002,2025-05-26,5,12.45
STORE_005,SKU10002,2025-05-27,6,14.94
STORE_005,SKU10002,2025-05-28,5,12.45
STORE_005,SKU10002,2025-05-29,4,9.96
STORE_005,SKU10002,2025-05-30,1,2.49
STORE_005,SKU10002,2025-05-31,3,7.47
STORE_005,SKU10002,2025-06-01,5,12.45
STORE_005,SKU10002,2025-06-02,5,12.45
STORE_005,SKU10002,2025-06-03,7,17.43
STORE_005,SKU10002,2025-06-04,1,2.49
STORE_005,SKU10002,2025-06-05,9,22.41
STORE_005,SKU10002,2025-06-07,3,7.47
STORE_005,SKU10002,2025-06-08,3,7.47
STORE_005,SKU10002,2025-06-09,5,12.45
STORE_005,SKU10002,2025-06-10,1,2.49
STORE_005,SKU10002,2025-06-11,6,14.94
STORE_005,SKU10002,2025-06-12,5,12.45
STORE_005,SKU10002,2025-06-13,7,17.43
STORE_005,SKU10003,2025-04-20,8,26.32
STORE_005,SKU10003,2025-04-21,3,9.87
STORE_005,SKU10003,2025-04-22,13,42.77
STORE_005,SKU10003,2025-04-23,8,26.32
STORE_005,SKU10003,2025-04-25,9,29.61
STORE_005,SKU10003,2025-04-27,12,39.48
STORE_005,SKU10003,2025-04-29,7,23.03
STORE_005,SKU10003,2025-04-30,10,32.9
STORE_005,SKU10003,2025-05-01,4,13.16
STORE_005,SKU10003,2025-05-02,4,13.16
STORE_005,SKU10003,2025-05-03,10,32.9
STORE_005,SKU10003,2025-05-04,9,29.61
STORE_005,SKU10003,2025-05-05,7,23.03
STORE_005,SKU10003,2025-05-07,10,32.9
STORE_005,SKU10003,2025-05-08,11,36.19
STORE_005,SKU10003,2025-05-09,8,26.32
STORE_005,SKU10003,2025-05-10,9,29.61
STORE_005,SKU10003,2025-05-11,10,32.9
STORE_005,SKU10003,2025-05-12,3,9.87
STORE_005,SKU10003,2025-05-13,2,6.58
STORE_005,SKU10003,2025-05-14,9,29.61
STORE_005,SKU10003,2025-05-15,5,16.45
STORE_005,SKU10003,2025-05-16,5,16.45
STORE_005,SKU10003,2025-05-17,7,23.03
STORE_005,SKU10003,2025-05-18,10,32.9
STORE_005,SKU10003,2025-05-19,4,13.16
STORE_005,SKU10003,2025-05-22,5,16.45
STORE_005,SKU10003,2025-05-23,12,39.48
STORE_005,SKU10003,2025-05-24,13,42.77
STORE_005,SKU10003,2025-05-25,6,19.74
STORE_005,SKU10003,2025-05-26,6,19.74
STORE_005,SKU10003,2025-05-27,8,26.32
STORE_005,SKU10003,2025-05-28,10,32.9
STORE_005,SKU10003,2025-05-29,7,23.03
STORE_005,SKU10003,2025-05-30,6,19.74
STORE_005,SKU10003,2025-05-31,12,39.48
STORE_005,SKU10003,2025-06-01,7,23.03
STORE_005,SKU10003,2025-06-02,7,23.03
STORE_005,SKU10003,2025-06-03,1,3.29
STORE_005,SKU10003,2025-06-04,9,29.61
STORE_005,SKU10003,2025-06-05,9,29.61
STORE_005,SKU10003,2025-06-06,9,29.61
STORE_005,SKU10003,2025-06-07,10,32.9
STORE_005,SKU10003,2025-06-08,10,32.9
STORE_005,SKU10003,2025-06-09,7,23.03
STORE_005,SKU10003,2025-06-10,10,32.9
STORE_005,SKU10003,2025-06-11,10,32.9
STORE_005,SKU10003,2025-06-12,6,19.74
STORE_005,SKU10003,2025-06-13,7,23.03
STORE_005,SKU10003,2025-06-14,6,19.74
STORE_005,SKU10004,2025-04-21,8,31.92
STORE_005,SKU10004,2025-04-22,4,15.96
STORE_005,SKU10004,2025-04-23,8,31.92
STORE_005,SKU10004,2025-04-24,6,23.94
STORE_005,SKU10004,2025-04-25,6,23.94
STORE_005,SKU10004,2025-04-26,4,15.96
STORE_005,SKU10004,2025-04-27,5,19.95
STORE_005,SKU10004,2025-04-28,5,19.95
STORE_005,SKU10004,2025-04-29,8,31.92
STORE_005,SKU10004,2025-04-30,5,19.95
STORE_005,SKU10004,2025-05-02,6,23.94
STORE_005,SKU10004,2025-05-03,6,23.94
STORE_005,SKU10004,2025-05-04,4,15.96
STORE_005,SKU10004,2025-05-05,7,27.93
STORE_005,SKU10004,2025-05-06,4,15.96
STORE_005,SKU10004,2025-05-07,4,15.96
STORE_005,SKU10004,2025-05-08,7,27.93
STORE_005,SKU10004,2025-05-09,5,19.95
STORE_005,SKU10004,2025-05-10,4,15.96
STORE_005,SKU10004,2025-05-11,8,31.92
STORE_005,SKU10004,2025-05-12,6,23.94
STORE_005,SKU10004,2025-05-13,7,27.93
STORE_005,SKU10004,2025-05-14,5,19.95
STORE_005,SKU10004,2025-05-15,11,43.89
STORE_005,SKU10004,2025-05-16,2,7.98
STORE_005,SKU10004,2025-05-17,11,43.89
STORE_005,SKU10004,2025-05-18,5,19.95
STORE_005,SKU10004,2025-05-19,2,7.98
STORE_005,SKU10004,2025-05-20,6,23.94
STORE_005,SKU10004,2025-05-21,8,31.92
STORE_005,SKU10004,2025-05-22,6,23.94
STORE_005,SKU10004,2025-05-23,2,7.98
STORE_005,SKU10004,2025-05-24,3,11.97
STORE_005,SKU10004,2025-05-25,3,11.97
STORE_005,SKU10004,2025-05-26,4,15.96
STORE_005,SKU10004,2025-05-27,3,11.97
STORE_005,SKU10004,2025-05-28,5,19.95
STORE_005,SKU10004,2025-05-29,1,3.99
STORE_005,SKU10004,2025-05-31,8,31.92
STORE_005,SKU10004,2025-06-01,4,15.96
STORE_005,SKU10004,2025-06-02,7,27.93
STORE_005,SKU10004,2025-06-03,1,3.99
STORE_005,SKU10004,2025-06-04,5,19.95
STORE_005,SKU10004,2025-06-05,8,31.92
STORE_005,SKU10004,2025-06-06,6,23.94
STORE_005,SKU10004,2025-06-08,4,15.96
STORE_005,SKU10004,2025-06-09,1,3.99
STORE_005,SKU10004,2025-06-10,8,31.92
STORE_005,SKU10004,2025-06-11,7,27.93
STORE_005,SKU10004,2025-06-12,5,19.95
STORE_005,SKU10004,2025-06-13,11,43.89
STORE_005,SKU10004,2025-06-14,10,39.9
STORE_005,SKU10005,2025-04-20,5,22.45
STORE_005,SKU10005,2025-04-21,4,17.96
STORE_005,SKU10005,2025-04-22,3,13.47
STORE_005,SKU10005,2025-04-23,3,13.47
STORE_005,SKU10005,2025-04-24,2,8.98
STORE_005,SKU10005,2025-04-25,2,8.98
STORE_005,SKU10005,2025-04-26,4,17.96
STORE_005,SKU10005,2025-04-27,6,26.94
STORE_005,SKU10005,2025-04-28,4,17.96
STORE_005,SKU10005,2025-04-29,1,4.49
STORE_005,SKU10005,2025-05-01,6,26.94
STORE_005,SKU10005,2025-05-02,2,8.98
STORE_005,SKU10005,2025-05-03,6,26.94
STORE_005,SKU10005,2025-05-04,5,22.45
STORE_005,SKU10005,2025-05-05,7,31.43
STORE_005,SKU10005,2025-05-06,4,17.96
STORE_005,SKU10005,2025-05-08,3,13.47
STORE_005,SKU10005,2025-05-10,2,8.98
STORE_005,SKU10005,2025-05-12,6,26.94
STORE_005,SKU10005,2025-05-13,6,26.94
STORE_005,SKU10005,2025-05-14,8,35.92
STORE_005,SKU10005,2025-05-15,2,8.98
STORE_005,SKU10005,2025-05-16,8,35.92
STORE_005,SKU10005,2025-05-17,4,17.96
STORE_005,SKU10005,2025-05-18,7,31.43
STORE_005,SKU10005,2025-05-19,5,22.45
STORE_005,SKU10005,2025-05-20,3,13.47
STORE_005,SKU10005,2025-05-21,7,31.43
STORE_005,SKU10005,2025-05-23,4,17.96
STORE_005,SKU10005,2025-05-24,5,22.45
STORE_005,SKU10005,2025-05-25,3,13.47
STORE_005,SKU10005,2025-05-26,5,22.45
STORE_005,SKU10005,2025-05-27,6,26.94
STORE_005,SKU10005,2025-05-28,4,17.96
STORE_005,SKU10005,2025-05-29,3,13.47
STORE_005,SKU10005,2025-05-30,3,13.47
STORE_005,SKU10005,2025-05-31,6,26.94
STORE_005,SKU10005,2025-06-01,4,17.96
STORE_005,SKU10005,2025-06-02,4,17.96
STORE_005,SKU10005,2025-06-03,6,26.94
STORE_005,SKU10005,2025-06-04,4,17.96
STORE_005,SKU10005,2025-06-05,4,17.96
STORE_005,SKU10005,2025-06-06,3,13.47
STORE_005,SKU10005,2025-06-07,4,17.96
STORE_005,SKU10005,2025-06-08,3,13.47
STORE_005,SKU10005,2025-06-09,4,17.96
STORE_005,SKU10005,2025-06-10,3,13.47
STORE_005,SKU10005,2025-06-11,3,13.47
STORE_005,SKU10005,2025-06-12,4,17.96
STORE_005,SKU10005,2025-06-13,7,31.43
STORE_005,SKU10005,2025-06-14,2,8.98
STORE_005,SKU10006,2025-04-20,4,23.96
STORE_005,SKU10006,2025-04-21,1,5.99
STORE_005,SKU10006,2025-04-22,2,11.98
STORE_005,SKU10006,2025-04-23,2,11.98
STORE_005,SKU10006,2025-04-24,2,11.98
STORE_005,SKU10006,2025-04-25,2,11.98
STORE_005,SKU10006,2025-04-26,3,17.97
STORE_005,SKU10006,2025-04-27,2,11.98
STORE_005,SKU10006,2025-04-28,2,11.98
STORE_005,SKU10006,2025-04-29,2,11.98
STORE_005,SKU10006,2025-04-30,2,11.98
STORE_005,SKU10006,2025-05-01,2,11.98
STORE_005,SKU10006,2025-05-02,4,23.96
STORE_005,SKU10006,2025-05-03,3,17.97
STORE_005,SKU10006,2025-05-04,3,17.97
STORE_005,SKU10006,2025-05-05,2,11.98
STORE_005,SKU10006,2025-05-06,2,11.98
STORE_005,SKU10006,2025-05-07,2,11.98
STORE_005,SKU10006,2025-05-09,4,23.96
STORE_005,SKU10006,2025-05-10,2,11.98
STORE_005,SKU10006,2025-05-11,3,17.97
STORE_005,SKU10006,2025-05-12,2,11.98
STORE_005,SKU10006,2025-05-13,4,23.96
STORE_005,SKU10006,2025-05-15,3,17.97
STORE_005,SKU10006,2025-05-17,6,35.94
STORE_005,SKU10006,2025-05-18,4,23.96
STORE_005,SKU10006,2025-05-19,1,5.99
STORE_005,SKU10006,2025-05-20,3,17.97
STORE_005,SKU10006,2025-05-21,3,17.97
STORE_005,SKU10006,2025-05-22,5,29.95
STORE_005,SKU10006,2025-05-23,3,17.97
STORE_005,SKU10006,2025-05-24,2,11.98
STORE_005,SKU10006,2025-05-25,2,11.98
STORE_005,SKU10006,2025-05-26,3,17.97
STORE_005,SKU10006,2025-05-27,2,11.98
STORE_005,SKU10006,2025-05-28,4,23.96
STORE_005,SKU10006,2025-05-29,1,5.99
STORE_005,SKU10006,2025-05-30,4,23.96
STORE_005,SKU10006,2025-05-31,4,23.96
STORE_005,SKU10006,2025-06-01,6,35.94
STORE_005,SKU10006,2025-06-02,3,17.97
STORE_005,SKU10006,2025-06-03,1,5.99
STORE_005,SKU10006,2025-06-04,1,5.99
STORE_005,SKU10006,2025-06-05,3,17.97
STORE_005,SKU10006,2025-06-06,1,5.99
STORE_005,SKU10006,2025-06-07,7,41.93
STORE_005,SKU10006,2025-06-08,3,17.97
STORE_005,SKU10006,2025-06-09,5,29.95
STORE_005,SKU10006,2025-06-12,2,11.98
STORE_005,SKU10006,2025-06-13,3,17.97
STORE_005,SKU10006,2025-06-14,4,23.96
STORE_005,SKU10007,2025-04-20,7,30.03
STORE_005,SKU10007,2025-04-21,8,34.32
STORE_005,SKU10007,2025-04-22,7,30.03
STORE_005,SKU10007,2025-04-23,4,17.16
STORE_005,SKU10007,2025-04-24,11,47.19
STORE_005,SKU10007,2025-04-25,1,4.29
STORE_005,SKU10007,2025-04-26,9,38.61
STORE_005,SKU10007,2025-04-27,8,34.32
STORE_005,SKU10007,2025-04-28,7,30.03
STORE_005,SKU10007,2025-04-29,10,42.9
STORE_005,SKU10007,2025-04-30,5,21.45
STORE_005,SKU10007,2025-05-01,4,17.16
STORE_005,SKU10007,2025-05-02,10,42.9
STORE_005,SKU10007,2025-05-03,10,42.9
STORE_005,SKU10007,2025-05-04,12,51.48
STORE_005,SKU10007,2025-05-05,7,30.03
STORE_005,SKU10007,2025-05-06,7,30.03
STORE_005,SKU10007,2025-05-07,10,42.9
STORE_005,SKU10007,2025-05-08,10,42.9
STORE_005,SKU10007,2025-05-09,4,17.16
STORE_005,SKU10007,2025-05-10,14,60.06
STORE_005,SKU10007,2025-05-11,7,30.03
STORE_005,SKU10007,2025-05-12,8,34.32
STORE_005,SKU10007,2025-05-14,9,38.61
STORE_005,SKU10007,2025-05-15,9,38.61
STORE_005,SKU10007,2025-05-16,8,34.32
STORE_005,SKU10007,2025-05-17,13,55.77
STORE_005,SKU10007,2025-05-18,10,42.9
STORE_005,SKU10007,2025-05-19,9,38.61
STORE_005,SKU10007,2025-05-20,6,25.74
STORE_005,SKU10007,2025-05-21,1,4.29
STORE_005,SKU10007,2025-05-22,8,34.32
STORE_005,SKU10007,2025-05-24,10,42.9
STORE_005,SKU10007,2025-05-25,7,30.03
STORE_005,SKU10007,2025-05-26,7,30.03
STORE_005,SKU10007,2025-05-27,10,42.9
STORE_005,SKU10007,2025-05-28,8,34.32
STORE_005,SKU10007,2025-05-29,8,34.32
STORE_005,SKU10007,2025-05-30,8,34.32
STORE_005,SKU10007,2025-05-31,5,21.45
STORE_005,SKU10007,2025-06-03,3,12.87
STORE_005,SKU10007,2025-06-04,10,42.9
STORE_005,SKU10007,2025-06-05,7,30.03
STORE_005,SKU10007,2025-06-06,8,34.32
STORE_005,SKU10007,2025-06-07,7,30.03
STORE_005,SKU10007,2025-06-08,12,51.48
STORE_005,SKU10007,2025-06-09,6,25.74
STORE_005,SKU10007,2025-06-10,6,25.74
STORE_005,SKU10007,2025-06-11,10,42.9
STORE_005,SKU10007,2025-06-12,1,4.29
STORE_005,SKU10007,2025-06-13,6,25.74
STORE_005,SKU10007,2025-06-14,9,38.61
STORE_005,SKU10008,2025-04-20,7,20.93
STORE_005,SKU10008,2025-04-21,7,20.93
STORE_005,SKU10008,2025-04-22,5,14.95
STORE_005,SKU10008,2025-04-23,9,26.91
STORE_005,SKU10008,2025-04-24,9,26.91
STORE_005,SKU10008,2025-04-25,9,26.91
STORE_005,SKU10008,2025-04-26,10,29.9
STORE_005,SKU10008,2025-04-27,10,29.9
STORE_005,SKU10008,2025-04-28,7,20.93
STORE_005,SKU10008,2025-04-29,8,23.92
STORE_005,SKU10008,2025-04-30,5,14.95
STORE_005,SKU10008,2025-05-01,10,29.9
STORE_005,SKU10008,2025-05-02,11,32.89
STORE_005,SKU10008,2025-05-03,10,29.9
STORE_005,SKU10008,2025-05-04,10,29.9
STORE_005,SKU10008,2025-05-05,9,26.91
STORE_005,SKU10008,2025-05-06,13,38.87
STORE_005,SKU10008,2025-05-07,9,26.91
STORE_005,SKU10008,2025-05-08,9,26.91
STORE_005,SKU10008,2025-05-09,16,47.84
STORE_005,SKU10008,2025-05-10,10,29.9
STORE_005,SKU10008,2025-05-11,11,32.89
STORE_005,SKU10008,2025-05-12,10,29.9
STORE_005,SKU10008,2025-05-13,8,23.92
STORE_005,SKU10008,2025-05-14,10,29.9
STORE_005,SKU10008,2025-05-15,5,14.95
STORE_005,SKU10008,2025-05-16,8,23.92
STORE_005,SKU10008,2025-05-17,8,23.92
STORE_005,SKU10008,2025-05-18,11,32.89
STORE_005,SKU10008,2025-05-19,5,14.95
STORE_005,SKU10008,2025-05-20,11,32.89
STORE_005,SKU10008,2025-05-21,2,5.98
STORE_005,SKU10008,2025-05-23,7,20.93
STORE_005,SKU10008,2025-05-24,11,32.89
STORE_005,SKU10008,2025-05-25,7,20.93
STORE_005,SKU10008,2025-05-26,13,38.87
STORE_005,SKU10008,2025-05-27,10,29.9
STORE_005,SKU10008,2025-05-28,8,23.92
STORE_005,SKU10008,2025-05-29,9,26.91
STORE_005,SKU10008,2025-05-30,9,26.91
STORE_005,SKU10008,2025-05-31,2,5.98
STORE_005,SKU10008,2025-06-01,15,44.85
STORE_005,SKU10008,2025-06-02,9,26.91
STORE_005,SKU10008,2025-06-03,9,26.91
STORE_005,SKU10008,2025-06-04,5,14.95
STORE_005,SKU10008,2025-06-05,9,26.91
STORE_005,SKU10008,2025-06-06,10,29.9
STORE_005,SKU10008,2025-06-07,8,23.92
STORE_005,SKU10008,2025-06-08,12,35.88
STORE_005,SKU10008,2025-06-09,4,11.96
STORE_005,SKU10008,2025-06-10,8,23.92
STORE_005,SKU10008,2025-06-11,5,14.95
STORE_005,SKU10008,2025-06-12,9,26.91
STORE_005,SKU10008,2025-06-13,8,23.92
STORE_005,SKU10008,2025-06-14,11,32.89
STORE_005,SKU10009,2025-04-20,7,24.43
STORE_005,SKU10009,2025-04-21,7,24.43
STORE_005,SKU10009,2025-04-22,6,20.94
STORE_005,SKU10009,2025-04-23,9,31.41
STORE_005,SKU10009,2025-04-24,8,27.92
STORE_005,SKU10009,2025-04-25,5,17.45
STORE_005,SKU10009,2025-04-26,10,34.9
STORE_005,SKU10009,2025-04-27,8,27.92
STORE_005,SKU10009,2025-04-28,9,31.41
STORE_005,SKU10009,2025-04-29,4,13.96
STORE_005,SKU10009,2025-04-30,4,13.96
STORE_005,SKU10009,2025-05-01,4,13.96
STORE_005,SKU10009,2025-05-02,10,34.9
STORE_005,SKU10009,2025-05-03,10,34.9
STORE_005,SKU10009,2025-05-04,9,31.41
STORE_005,SKU10009,2025-05-05,3,10.47
STORE_005,SKU10009,2025-05-07,8,27.92
STORE_005,SKU10009,2025-05-08,11,38.39
STORE_005,SKU10009,2025-05-09,6,20.94
STORE_005,SKU10009,2025-05-10,8,27.92
STORE_005,SKU10009,2025-05-11,6,20.94
STORE_005,SKU10009,2025-05-12,7,24.43
STORE_005,SKU10009,2025-05-13,11,38.39
STORE_005,SKU10009,2025-05-14,10,34.9
STORE_005,SKU10009,2025-05-15,9,31.41
STORE_005,SKU10009,2025-05-16,7,24.43
STORE_005,SKU10009,2025-05-17,5,17.45
STORE_005,SKU10009,2025-05-18,9,31.41
STORE_005,SKU10009,2025-05-19,5,17.45
STORE_005,SKU10009,2025-05-20,9,31.41
STORE_005,SKU10009,2025-05-22,7,24.43
STORE_005,SKU10009,2025-05-23,5,17.45
STORE_005,SKU10009,2025-05-24,8,27.92
STORE_005,SKU10009,2025-05-25,9,31.41
STORE_005,SKU10009,2025-05-26,5,17.45
STORE_005,SKU10009,2025-05-27,9,31.41
STORE_005,SKU10009,2025-05-28,8,27.92
STORE_005,SKU10009,2025-05-29,8,27.92
STORE_005,SKU10009,2025-05-30,2,6.98
STORE_005,SKU10009,2025-05-31,7,24.43
STORE_005,SKU10009,2025-06-01,6,20.94
STORE_005,SKU10009,2025-06-02,2,6.98
STORE_005,SKU10009,2025-06-03,10,34.9
STORE_005,SKU10009,2025-06-04,8,27.92
STORE_005,SKU10009,2025-06-05,3,10.47
STORE_005,SKU10009,2025-06-06,9,31.41
STORE_005,SKU10009,2025-06-07,7,24.43
STORE_005,SKU10009,2025-06-08,8,27.92
STORE_005,SKU10009,2025-06-09,5,17.45
STORE_005,SKU10009,2025-06-10,9,31.41
STORE_005,SKU10009,2025-06-11,6,20.94
STORE_005,SKU10009,2025-06-12,7,24.43
STORE_005,SKU10009,2025-06-13,9,31.41
STORE_005,SKU10009,2025-06-14,9,31.41
STORE_005,SKU20000,2025-04-20,8,30.32
STORE_005,SKU20000,2025-04-21,7,26.53
STORE_005,SKU20000,2025-04-22,4,15.16
STORE_005,SKU20000,2025-04-23,9,34.11
STORE_005,SKU20000,2025-04-24,2,7.58
STORE_005,SKU20000,2025-04-25,7,26.53
STORE_005,SKU20000,2025-04-27,8,30.32
STORE_005,SKU20000,2025-04-28,5,18.95
STORE_005,SKU20000,2025-04-29,8,30.32
STORE_005,SKU20000,2025-04-30,7,26.53
STORE_005,SKU20000,2025-05-01,4,15.16
STORE_005,SKU20000,2025-05-02,10,37.9
STORE_005,SKU20000,2025-05-03,8,30.32
STORE_005,SKU20000,2025-05-04,7,26.53
STORE_005,SKU20000,2025-05-05,10,37.9
STORE_005,SKU20000,2025-05-06,7,26.53
STORE_005,SKU20000,2025-05-07,9,34.11
STORE_005,SKU20000,2025-05-08,7,26.53
STORE_005,SKU20000,2025-05-09,8,30.32
STORE_005,SKU20000,2025-05-10,8,30.32
STORE_005,SKU20000,2025-05-11,7,26.53
STORE_005,SKU20000,2025-05-12,8,30.32
STORE_005,SKU20000,2025-05-13,9,34.11
STORE_005,SKU20000,2025-05-14,7,26.53
STORE_005,SKU20000,2025-05-15,3,11.37
STORE_005,SKU20000,2025-05-16,5,18.95
STORE_005,SKU20000,2025-05-17,7,26.53
STORE_005,SKU20000,2025-05-18,11,41.69
STORE_005,SKU20000,2025-05-19,7,26.53
STORE_005,SKU20000,2025-05-20,10,37.9
STORE_005,SKU20000,2025-05-21,9,34.11
STORE_005,SKU20000,2025-05-22,6,22.74
STORE_005,SKU20000,2025-05-23,8,30.32
STORE_005,SKU20000,2025-05-24,10,37.9
STORE_005,SKU20000,2025-05-26,6,22.74
STORE_005,SKU20000,2025-05-27,9,34.11
STORE_005,SKU20000,2025-05-28,9,34.11
STORE_005,SKU20000,2025-05-30,6,22.74
STORE_005,SKU20000,2025-05-31,9,34.11
STORE_005,SKU20000,2025-06-01,8,30.32
STORE_005,SKU20000,2025-06-02,4,15.16
STORE_005,SKU20000,2025-06-03,6,22.74
STORE_005,SKU20000,2025-06-04,6,22.74
STORE_005,SKU20000,2025-06-05,10,37.9
STORE_005,SKU20000,2025-06-06,5,18.95
STORE_005,SKU20000,2025-06-07,7,26.53
STORE_005,SKU20000,2025-06-08,9,34.11
STORE_005,SKU20000,2025-06-09,7,26.53
STORE_005,SKU20000,2025-06-10,7,26.53
STORE_005,SKU20000,2025-06-11,7,26.53
STORE_005,SKU20000,2025-06-12,9,34.11
STORE_005,SKU20000,2025-06-13,6,22.74
STORE_005,SKU20000,2025-06-14,6,22.74
STORE_005,SKU20001,2025-04-20,6,22.74
STORE_005,SKU20001,2025-04-21,8,30.32
STORE_005,SKU20001,2025-04-22,6,22.74
STORE_005,SKU20001,2025-04-23,9,34.11
STORE_005,SKU20001,2025-04-24,5,18.95
STORE_005,SKU20001,2025-04-25,9,34.11
STORE_005,SKU20001,2025-04-26,12,45.48
STORE_005,SKU20001,2025-04-27,11,41.69
STORE_005,SKU20001,2025-04-28,11,41.69
STORE_005,SKU20001,2025-04-29,13,49.27
STORE_005,SKU20001,2025-04-30,10,37.9
STORE_005,SKU20001,2025-05-01,10,37.9
STORE_005,SKU20001,2025-05-02,11,41.69
STORE_005,SKU20001,2025-05-03,12,45.48
STORE_005,SKU20001,2025-05-04,14,53.06
STORE_005,SKU20001,2025-05-05,10,37.9
STORE_005,SKU20001,2025-05-06,6,22.74
STORE_005,SKU20001,2025-05-07,13,49.27
STORE_005,SKU20001,2025-05-08,5,18.95
STORE_005,SKU20001,2025-05-09,12,45.48
STORE_005,SKU20001,2025-05-10,12,45.48
STORE_005,SKU20001,2025-05-11,12,45.48
STORE_005,SKU20001,2025-05-12,10,37.9
STORE_005,SKU20001,2025-05-13,16,60.64
STORE_005,SKU20001,2025-05-14,8,30.32
STORE_005,SKU20001,2025-05-15,9,34.11
STORE_005,SKU20001,2025-05-16,13,49.27
STORE_005,SKU20001,2025-05-17,13,49.27
STORE_005,SKU20001,2025-05-18,13,49.27
STORE_005,SKU20001,2025-05-19,13,49.27
STORE_005,SKU20001,2025-05-20,14,53.06
STORE_005,SKU20001,2025-05-21,12,45.48
STORE_005,SKU20001,2025-05-22,15,56.85
STORE_005,SKU20001,2025-05-23,11,41.69
STORE_005,SKU20001,2025-05-24,13,49.27
STORE_005,SKU20001,2025-05-25,14,53.06
STORE_005,SKU20001,2025-05-26,14,53.06
STORE_005,SKU20001,2025-05-27,7,26.53
STORE_005,SKU20001,2025-05-28,6,22.74
STORE_005,SKU20001,2025-05-29,6,22.74
STORE_005,SKU20001,2025-05-30,8,30.32
STORE_005,SKU20001,2025-05-31,14,53.06
STORE_005,SKU20001,2025-06-01,20,75.8
STORE_005,SKU20001,2025-06-02,9,34.11
STORE_005,SKU20001,2025-06-03,9,34.11
STORE_005,SKU20001,2025-06-04,6,22.74
STORE_005,SKU20001,2025-06-05,6,22.74
STORE_005,SKU20001,2025-06-06,8,30.32
STORE_005,SKU20001,2025-06-07,9,34.11
STORE_005,SKU20001,2025-06-08,13,49.27
STORE_005,SKU20001,2025-06-09,6,22.74
STORE_005,SKU20001,2025-06-10,7,26.53
STORE_005,SKU20001,2025-06-11,11,41.69
STORE_005,SKU20001,2025-06-12,9,34.11
STORE_005,SKU20001,2025-06-13,9,34.11
STORE_005,SKU20001,2025-06-14,14,53.06
STORE_005,SKU20002,2025-04-20,5,29.95
STORE_005,SKU20002,2025-04-21,5,29.95
STORE_005,SKU20002,2025-04-23,3,17.97
STORE_005,SKU20002,2025-04-24,3,17.97
STORE_005,SKU20002,2025-04-25,3,17.97
STORE_005,SKU20002,2025-04-26,8,47.92
STORE_005,SKU20002,2025-04-27,4,23.96
STORE_005,SKU20002,2025-04-28,1,5.99
STORE_005,SKU20002,2025-04-29,5,29.95
STORE_005,SKU20002,2025-05-01,3,17.97
STORE_005,SKU20002,2025-05-02,6,35.94
STORE_005,SKU20002,2025-05-03,5,29.95
STORE_005,SKU20002,2025-05-04,5,29.95
STORE_005,SKU20002,2025-05-05,5,29.95
STORE_005,SKU20002,2025-05-06,5,29.95
STORE_005,SKU20002,2025-05-07,2,11.98
STORE_005,SKU20002,2025-05-08,7,41.93
STORE_005,SKU20002,2025-05-09,4,23.96
STORE_005,SKU20002,2025-05-10,5,29.95
STORE_005,SKU20002,2025-05-11,3,17.97
STORE_005,SKU20002,2025-05-12,7,41.93
STORE_005,SKU20002,2025-05-13,4,23.96
STORE_005,SKU20002,2025-05-14,8,47.92
STORE_005,SKU20002,2025-05-15,4,23.96
STORE_005,SKU20002,2025-05-16,6,35.94
STORE_005,SKU20002,2025-05-17,5,29.95
STORE_005,SKU20002,2025-05-18,3,17.97
STORE_005,SKU20002,2025-05-19,5,29.95
STORE_005,SKU20002,2025-05-20,5,29.95
STORE_005,SKU20002,2025-05-22,2,11.98
STORE_005,SKU20002,2025-05-23,7,41.93
STORE_005,SKU20002,2025-05-24,5,29.95
STORE_005,SKU20002,2025-05-25,7,41.93
STORE_005,SKU20002,2025-05-26,9,53.91
STORE_005,SKU20002,2025-05-28,5,29.95
STORE_005,SKU20002,2025-05-30,4,23.96
STORE_005,SKU20002,2025-05-31,8,47.92
STORE_005,SKU20002,2025-06-01,6,35.94
STORE_005,SKU20002,2025-06-02,5,29.95
STORE_005,SKU20002,2025-06-03,5,29.95
STORE_005,SKU20002,2025-06-04,6,35.94
STORE_005,SKU20002,2025-06-05,2,11.98
STORE_005,SKU20002,2025-06-06,5,29.95
STORE_005,SKU20002,2025-06-07,5,29.95
STORE_005,SKU20002,2025-06-08,4,23.96
STORE_005,SKU20002,2025-06-09,5,29.95
STORE_005,SKU20002,2025-06-10,2,11.98
STORE_005,SKU20002,2025-06-11,3,17.97
STORE_005,SKU20002,2025-06-12,10,59.9
STORE_005,SKU20002,2025-06-13,4,23.96
STORE_005,SKU20002,2025-06-14,5,29.95
STORE_005,SKU20003,2025-04-20,4,19.96
STORE_005,SKU20003,2025-04-21,4,19.96
STORE_005,SKU20003,2025-04-22,2,9.98
STORE_005,SKU20003,2025-04-23,5,24.95
STORE_005,SKU20003,2025-04-24,3,14.97
STORE_005,SKU20003,2025-04-25,6,29.94
STORE_005,SKU20003,2025-04-26,5,24.95
STORE_005,SKU20003,2025-04-27,3,14.97
STORE_005,SKU20003,2025-04-28,1,4.99
STORE_005,SKU20003,2025-04-29,1,4.99
STORE_005,SKU20003,2025-05-01,3,14.97
STORE_005,SKU20003,2025-05-02,2,9.98
STORE_005,SKU20003,2025-05-03,4,19.96
STORE_005,SKU20003,2025-05-04,3,14.97
STORE_005,SKU20003,2025-05-05,2,9.98
STORE_005,SKU20003,2025-05-06,4,19.96
STORE_005,SKU20003,2025-05-07,6,29.94
STORE_005,SKU20003,2025-05-08,5,24.95
STORE_005,SKU20003,2025-05-09,4,19.96
STORE_005,SKU20003,2025-05-10,5,24.95
STORE_005,SKU20003,2025-05-11,4,19.96
STORE_005,SKU20003,2025-05-13,4,19.96
STORE_005,SKU20003,2025-05-14,4,19.96
STORE_005,SKU20003,2025-05-15,4,19.96
STORE_005,SKU20003,2025-05-16,2,9.98
STORE_005,SKU20003,2025-05-17,5,24.95
STORE_005,SKU20003,2025-05-18,2,9.98
STORE_005,SKU20003,2025-05-19,3,14.97
STORE_005,SKU20003,2025-05-20,3,14.97
STORE_005,SKU20003,2025-05-23,4,19.96
STORE_005,SKU20003,2025-05-24,2,9.98
STORE_005,SKU20003,2025-05-25,3,14.97
STORE_005,SKU20003,2025-05-26,3,14.97
STORE_005,SKU20003,2025-05-28,2,9.98
STORE_005,SKU20003,2025-05-29,1,4.99
STORE_005,SKU20003,2025-05-30,4,19.96
STORE_005,SKU20003,2025-05-31,3,14.97
STORE_005,SKU20003,2025-06-01,2,9.98
STORE_005,SKU20003,2025-06-02,4,19.96
STORE_005,SKU20003,2025-06-03,1,4.99
STORE_005,SKU20003,2025-06-04,2,9.98
STORE_005,SKU20003,2025-06-05,3,14.97
STORE_005,SKU20003,2025-06-06,2,9.98
STORE_005,SKU20003,2025-06-07,8,39.92
STORE_005,SKU20003,2025-06-08,4,19.96
STORE_005,SKU20003,2025-06-09,3,14.97
STORE_005,SKU20003,2025-06-11,2,9.98
STORE_005,SKU20003,2025-06-12,1,4.99
STORE_005,SKU20003,2025-06-13,3,14.97
STORE_005,SKU20003,2025-06-14,3,14.97
STORE_005,SKU20004,2025-04-20,4,17.16
STORE_005,SKU20004,2025-04-21,3,12.87
STORE_005,SKU20004,2025-04-22,4,17.16
STORE_005,SKU20004,2025-04-23,7,30.03
STORE_005,SKU20004,2025-04-24,11,47.19
STORE_005,SKU20004,2025-04-25,6,25.74
STORE_005,SKU20004,2025-04-26,5,21.45
STORE_005,SKU20004,2025-04-29,5,21.45
STORE_005,SKU20004,2025-04-30,7,30.03
STORE_005,SKU20004,2025-05-01,5,21.45
STORE_005,SKU20004,2025-05-02,8,34.32
STORE_005,SKU20004,2025-05-03,11,47.19
STORE_005,SKU20004,2025-05-04,3,12.87
STORE_005,SKU20004,2025-05-05,4,17.16
STORE_005,SKU20004,2025-05-06,4,17.16
STORE_005,SKU20004,2025-05-07,8,34.32
STORE_005,SKU20004,2025-05-08,5,21.45
STORE_005,SKU20004,2025-05-09,7,30.03
STORE_005,SKU20004,2025-05-11,7,30.03
STORE_005,SKU20004,2025-05-12,4,17.16
STORE_005,SKU20004,2025-05-13,1,4.29
STORE_005,SKU20004,2025-05-14,5,21.45
STORE_005,SKU20004,2025-05-15,8,34.32
STORE_005,SKU20004,2025-05-16,4,17.16
STORE_005,SKU20004,2025-05-18,8,34.32
STORE_005,SKU20004,2025-05-19,6,25.74
STORE_005,SKU20004,2025-05-20,7,30.03
STORE_005,SKU20004,2025-05-21,6,25.74
STORE_005,SKU20004,2025-05-22,9,38.61
STORE_005,SKU20004,2025-05-23,1,4.29
STORE_005,SKU20004,2025-05-24,5,21.45
STORE_005,SKU20004,2025-05-25,7,30.03
STORE_005,SKU20004,2025-05-26,5,21.45
STORE_005,SKU20004,2025-05-27,9,38.61
STORE_005,SKU20004,2025-05-28,4,17.16
STORE_005,SKU20004,2025-05-29,6,25.74
STORE_005,SKU20004,2025-05-30,4,17.16
STORE_005,SKU20004,2025-05-31,6,25.74
STORE_005,SKU20004,2025-06-01,3,12.87
STORE_005,SKU20004,2025-06-02,3,12.87
STORE_005,SKU20004,2025-06-03,10,42.9
STORE_005,SKU20004,2025-06-04,5,21.45
STORE_005,SKU20004,2025-06-05,5,21.45
STORE_005,SKU20004,2025-06-07,5,21.45
STORE_005,SKU20004,2025-06-08,3,12.87
STORE_005,SKU20004,2025-06-09,7,30.03
STORE_005,SKU20004,2025-06-10,8,34.32
STORE_005,SKU20004,2025-06-11,8,34.32
STORE_005,SKU20004,2025-06-12,6,25.74
STORE_005,SKU20004,2025-06-13,2,8.58
STORE_005,SKU20004,2025-06-14,3,12.87
STORE_005,SKU20005,2025-04-20,10,39.9
STORE_005,SKU20005,2025-04-21,10,39.9
STORE_005,SKU20005,2025-04-22,17,67.83
STORE_005,SKU20005,2025-04-23,13,51.87
STORE_005,SKU20005,2025-04-24,12,47.88
STORE_005,SKU20005,2025-04-25,13,51.87
STORE_005,SKU20005,2025-04-26,17,67.83
STORE_005,SKU20005,2025-04-27,17,67.83
STORE_005,SKU20005,2025-04-28,12,47.88
STORE_005,SKU20005,2025-04-29,16,63.84
STORE_005,SKU20005,2025-04-30,11,43.89
STORE_005,SKU20005,2025-05-01,15,59.85
STORE_005,SKU20005,2025-05-02,16,63.84
STORE_005,SKU20005,2025-05-03,17,67.83
STORE_005,SKU20005,2025-05-04,11,43.89
STORE_005,SKU20005,2025-05-05,12,47.88
STORE_005,SKU20005,2025-05-06,6,23.94
STORE_005,SKU20005,2025-05-07,8,31.92
STORE_005,SKU20005,2025-05-08,11,43.89
STORE_005,SKU20005,2025-05-09,12,47.88
STORE_005,SKU20005,2025-05-10,15,59.85
STORE_005,SKU20005,2025-05-11,10,39.9
STORE_005,SKU20005,2025-05-12,12,47.88
STORE_005,SKU20005,2025-05-13,15,59.85
STORE_005,SKU20005,2025-05-14,13,51.87
STORE_005,SKU20005,2025-05-15,14,55.86
STORE_005,SKU20005,2025-05-16,12,47.88
STORE_005,SKU20005,2025-05-17,12,47.88
STORE_005,SKU20005,2025-05-19,12,47.88
STORE_005,SKU20005,2025-05-20,12,47.88
STORE_005,SKU20005,2025-05-21,15,59.85
STORE_005,SKU20005,2025-05-22,14,55.86
STORE_005,SKU20005,2025-05-23,13,51.87
STORE_005,SKU20005,2025-05-24,9,35.91
STORE_005,SKU20005,2025-05-25,11,43.89
STORE_005,SKU20005,2025-05-26,11,43.89
STORE_005,SKU20005,2025-05-27,13,51.87
STORE_005,SKU20005,2025-05-28,18,71.82
STORE_005,SKU20005,2025-05-29,12,47.88
STORE_005,SKU20005,2025-05-30,15,59.85
STORE_005,SKU20005,2025-05-31,14,55.86
STORE_005,SKU20005,2025-06-01,16,63.84
STORE_005,SKU20005,2025-06-02,12,47.88
STORE_005,SKU20005,2025-06-03,9,35.91
STORE_005,SKU20005,2025-06-04,14,55.86
STORE_005,SKU20005,2025-06-05,14,55.86
STORE_005,SKU20005,2025-06-06,8,31.92
STORE_005,SKU20005,2025-06-07,14,55.86
STORE_005,SKU20005,2025-06-08,14,55.86
STORE_005,SKU20005,2025-06-09,10,39.9
STORE_005,SKU20005,2025-06-10,9,35.91
STORE_005,SKU20005,2025-06-11,13,51.87
STORE_005,SKU20005,2025-06-12,17,67.83
STORE_005,SKU20005,2025-06-13,14,55.86
STORE_005,SKU20005,2025-06-14,9,35.91
STORE_005,SKU20006,2025-04-20,7,20.93
STORE_005,SKU20006,2025-04-21,6,17.94
STORE_005,SKU20006,2025-04-22,3,8.97
STORE_005,SKU20006,2025-04-23,7,20.93
STORE_005,SKU20006,2025-04-24,1,2.99
STORE_005,SKU20006,2025-04-25,3,8.97
STORE_005,SKU20006,2025-04-27,4,11.96
STORE_005,SKU20006,2025-04-28,5,14.95
STORE_005,SKU20006,2025-04-29,2,5.98
STORE_005,SKU20006,2025-04-30,6,17.94
STORE_005,SKU20006,2025-05-01,3,8.97
STORE_005,SKU20006,2025-05-02,5,14.95
STORE_005,SKU20006,2025-05-03,6,17.94
STORE_005,SKU20006,2025-05-04,2,5.98
STORE_005,SKU20006,2025-05-05,5,14.95
STORE_005,SKU20006,2025-05-06,2,5.98
STORE_005,SKU20006,2025-05-08,5,14.95
STORE_005,SKU20006,2025-05-09,7,20.93
STORE_005,SKU20006,2025-05-10,4,11.96
STORE_005,SKU20006,2025-05-12,3,8.97
STORE_005,SKU20006,2025-05-13,2,5.98
STORE_005,SKU20006,2025-05-14,6,17.94
STORE_005,SKU20006,2025-05-15,4,11.96
STORE_005,SKU20006,2025-05-16,2,5.98
STORE_005,SKU20006,2025-05-17,5,14.95
STORE_005,SKU20006,2025-05-18,4,11.96
STORE_005,SKU20006,2025-05-19,4,11.96
STORE_005,SKU20006,2025-05-20,3,8.97
STORE_005,SKU20006,2025-05-21,7,20.93
STORE_005,SKU20006,2025-05-22,4,11.96
STORE_005,SKU20006,2025-05-23,5,14.95
STORE_005,SKU20006,2025-05-24,6,17.94
STORE_005,SKU20006,2025-05-25,4,11.96
STORE_005,SKU20006,2025-05-26,6,17.94
STORE_005,SKU20006,2025-05-27,5,14.95
STORE_005,SKU20006,2025-05-29,2,5.98
STORE_005,SKU20006,2025-05-30,4,11.96
STORE_005,SKU20006,2025-05-31,4,11.96
STORE_005,SKU20006,2025-06-01,3,8.97
STORE_005,SKU20006,2025-06-02,4,11.96
STORE_005,SKU20006,2025-06-03,3,8.97
STORE_005,SKU20006,2025-06-04,4,11.96
STORE_005,SKU20006,2025-06-06,4,11.96
STORE_005,SKU20006,2025-06-08,3,8.97
STORE_005,SKU20006,2025-06-09,5,14.95
STORE_005,SKU20006,2025-06-11,1,2.99
STORE_005,SKU20006,2025-06-12,4,11.96
STORE_005,SKU20006,2025-06-14,4,11.96
STORE_005,SKU20007,2025-04-20,1,3.49
STORE_005,SKU20007,2025-04-21,4,13.96
STORE_005,SKU20007,2025-04-22,5,17.45
STORE_005,SKU20007,2025-04-23,3,10.47
STORE_005,SKU20007,2025-04-24,3,10.47
STORE_005,SKU20007,2025-04-25,8,27.92
STORE_005,SKU20007,2025-04-26,2,6.98
STORE_005,SKU20007,2025-04-27,5,17.45
STORE_005,SKU20007,2025-04-28,5,17.45
STORE_005,SKU20007,2025-04-30,4,13.96
STORE_005,SKU20007,2025-05-01,4,13.96
STORE_005,SKU20007,2025-05-02,3,10.47
STORE_005,SKU20007,2025-05-03,7,24.43
STORE_005,SKU20007,2025-05-04,7,24.43
STORE_005,SKU20007,2025-05-06,6,20.94
STORE_005,SKU20007,2025-05-07,6,20.94
STORE_005,SKU20007,2025-05-09,4,13.96
STORE_005,SKU20007,2025-05-10,5,17.45
STORE_005,SKU20007,2025-05-11,4,13.96
STORE_005,SKU20007,2025-05-12,3,10.47
STORE_005,SKU20007,2025-05-13,4,13.96
STORE_005,SKU20007,2025-05-14,6,20.94
STORE_005,SKU20007,2025-05-15,4,13.96
STORE_005,SKU20007,2025-05-17,6,20.94
STORE_005,SKU20007,2025-05-18,6,20.94
STORE_005,SKU20007,2025-05-19,6,20.94
STORE_005,SKU20007,2025-05-20,8,27.92
STORE_005,SKU20007,2025-05-21,3,10.47
STORE_005,SKU20007,2025-05-22,5,17.45
STORE_005,SKU20007,2025-05-23,3,10.47
STORE_005,SKU20007,2025-05-24,5,17.45
STORE_005,SKU20007,2025-05-25,3,10.47
STORE_005,SKU20007,2025-05-26,2,6.98
STORE_005,SKU20007,2025-05-27,6,20.94
STORE_005,SKU20007,2025-05-29,7,24.43
STORE_005,SKU20007,2025-05-30,5,17.45
STORE_005,SKU20007,2025-05-31,3,10.47
STORE_005,SKU20007,2025-06-01,6,20.94
STORE_005,SKU20007,2025-06-02,4,13.96
STORE_005,SKU20007,2025-06-03,3,10.47
STORE_005,SKU20007,2025-06-04,7,24.43
STORE_005,SKU20007,2025-06-05,6,20.94
STORE_005,SKU20007,2025-06-06,3,10.47
STORE_005,SKU20007,2025-06-08,6,20.94
STORE_005,SKU20007,2025-06-10,3,10.47
STORE_005,SKU20007,2025-06-11,3,10.47
STORE_005,SKU20007,2025-06-12,5,17.45
STORE_005,SKU20007,2025-06-13,2,6.98
STORE_005,SKU20007,2025-06-14,3,10.47
STORE_005,SKU30000,2025-04-21,1,12.99
STORE_005,SKU30000,2025-04-24,1,12.99
STORE_005,SKU30000,2025-04-25,3,38.97
STORE_005,SKU30000,2025-04-26,2,25.98
STORE_005,SKU30000,2025-05-01,1,12.99
STORE_005,SKU30000,2025-05-03,1,12.99
STORE_005,SKU30000,2025-05-07,1,12.99
STORE_005,SKU30000,2025-05-10,1,12.99
STORE_005,SKU30000,2025-05-13,1,12.99
STORE_005,SKU30000,2025-05-14,1,12.99
STORE_005,SKU30000,2025-05-16,1,12.99
STORE_005,SKU30000,2025-05-17,2,25.98
STORE_005,SKU30000,2025-05-23,2,25.98
STORE_005,SKU30000,2025-05-25,2,25.98
STORE_005,SKU30000,2025-05-28,1,12.99
STORE_005,SKU30000,2025-05-29,1,12.99
STORE_005,SKU30000,2025-05-30,1,12.99
STORE_005,SKU30000,2025-05-31,1,12.99
STORE_005,SKU30000,2025-06-02,1,12.99
STORE_005,SKU30000,2025-06-07,1,12.99
STORE_005,SKU30000,2025-06-12,1,12.99
STORE_005,SKU30001,2025-04-20,5,44.95
STORE_005,SKU30001,2025-04-21,3,26.97
STORE_005,SKU30001,2025-04-23,3,26.97
STORE_005,SKU30001,2025-04-25,2,17.98
STORE_005,SKU30001,2025-04-27,4,35.96
STORE_005,SKU30001,2025-04-28,3,26.97
STORE_005,SKU30001,2025-04-29,5,44.95
STORE_005,SKU30001,2025-05-01,1,8.99
STORE_005,SKU30001,2025-05-02,2,17.98
STORE_005,SKU30001,2025-05-03,4,35.96
STORE_005,SKU30001,2025-05-04,4,35.96
STORE_005,SKU30001,2025-05-05,3,26.97
STORE_005,SKU30001,2025-05-07,1,8.99
STORE_005,SKU30001,2025-05-08,2,17.98
STORE_005,SKU30001,2025-05-09,4,35.96
STORE_005,SKU30001,2025-05-10,3,26.97
STORE_005,SKU30001,2025-05-11,4,35.96
STORE_005,SKU30001,2025-05-12,2,17.98
STORE_005,SKU30001,2025-05-13,2,17.98
STORE_005,SKU30001,2025-05-14,5,44.95
STORE_005,SKU30001,2025-05-15,4,35.96
STORE_005,SKU30001,2025-05-17,4,35.96
STORE_005,SKU30001,2025-05-18,4,35.96
STORE_005,SKU30001,2025-05-19,2,17.98
STORE_005,SKU30001,2025-05-21,4,35.96
STORE_005,SKU30001,2025-05-22,1,8.99
STORE_005,SKU30001,2025-05-23,4,35.96
STORE_005,SKU30001,2025-05-24,2,17.98
STORE_005,SKU30001,2025-05-25,4,35.96
STORE_005,SKU30001,2025-05-27,1,8.99
STORE_005,SKU30001,2025-05-28,4,35.96
STORE_005,SKU30001,2025-05-29,5,44.95
STORE_005,SKU30001,2025-05-30,4,35.96
STORE_005,SKU30001,2025-05-31,2,17.98
STORE_005,SKU30001,2025-06-01,5,44.95
STORE_005,SKU30001,2025-06-02,1,8.99
STORE_005,SKU30001,2025-06-03,4,35.96
STORE_005,SKU30001,2025-06-04,1,8.99
STORE_005,SKU30001,2025-06-05,2,17.98
STORE_005,SKU30001,2025-06-07,1,8.99
STORE_005,SKU30001,2025-06-08,4,35.96
STORE_005,SKU30001,2025-06-09,5,44.95
STORE_005,SKU30001,2025-06-11,4,35.96
STORE_005,SKU30001,2025-06-12,3,26.97
STORE_005,SKU30001,2025-06-13,3,26.97
STORE_005,SKU30001,2025-06-14,2,17.98
STORE_005,SKU30002,2025-04-20,3,23.97
STORE_005,SKU30002,2025-04-22,2,15.98
STORE_005,SKU30002,2025-04-23,1,7.99
STORE_005,SKU30002,2025-04-24,2,15.98
STORE_005,SKU30002,2025-04-26,4,31.96
STORE_005,SKU30002,2025-04-29,2,15.98
STORE_005,SKU30002,2025-05-01,2,15.98
STORE_005,SKU30002,2025-05-02,3,23.97
STORE_005,SKU30002,2025-05-03,2,15.98
STORE_005,SKU30002,2025-05-04,5,39.95
STORE_005,SKU30002,2025-05-05,3,23.97
STORE_005,SKU30002,2025-05-07,1,7.99
STORE_005,SKU30002,2025-05-08,2,15.98
STORE_005,SKU30002,2025-05-10,3,23.97
STORE_005,SKU30002,2025-05-11,3,23.97
STORE_005,SKU30002,2025-05-12,3,23.97
STORE_005,SKU30002,2025-05-14,3,23.97
STORE_005,SKU30002,2025-05-16,3,23.97
STORE_005,SKU30002,2025-05-17,1,7.99
STORE_005,SKU30002,2025-05-18,3,23.97
STORE_005,SKU30002,2025-05-19,4,31.96
STORE_005,SKU30002,2025-05-20,2,15.98
STORE_005,SKU30002,2025-05-23,2,15.98
STORE_005,SKU30002,2025-05-24,3,23.97
STORE_005,SKU30002,2025-05-25,4,31.96
STORE_005,SKU30002,2025-05-26,3,23.97
STORE_005,SKU30002,2025-05-28,2,15.98
STORE_005,SKU30002,2025-05-29,3,23.97
STORE_005,SKU30002,2025-05-30,3,23.97
STORE_005,SKU30002,2025-06-02,5,39.95
STORE_005,SKU30002,2025-06-04,1,7.99
STORE_005,SKU30002,2025-06-05,2,15.98
STORE_005,SKU30002,2025-06-07,4,31.96
STORE_005,SKU30002,2025-06-08,5,39.95
STORE_005,SKU30002,2025-06-10,6,47.94
STORE_005,SKU30002,2025-06-11,2,15.98
STORE_005,SKU30002,2025-06-12,2,15.98
STORE_005,SKU30002,2025-06-13,3,23.97
STORE_005,SKU30002,2025-06-14,6,47.94
STORE_005,SKU30003,2025-04-20,1,9.49
STORE_005,SKU30003,2025-04-21,1,9.49
STORE_005,SKU30003,2025-04-22,2,18.98
STORE_005,SKU30003,2025-04-25,2,18.98
STORE_005,SKU30003,2025-04-26,1,9.49
STORE_005,SKU30003,2025-04-28,1,9.49
STORE_005,SKU30003,2025-04-30,1,9.49
STORE_005,SKU30003,2025-05-05,1,9.49
STORE_005,SKU30003,2025-05-06,2,18.98
STORE_005,SKU30003,2025-05-09,1,9.49
STORE_005,SKU30003,2025-05-10,2,18.98
STORE_005,SKU30003,2025-05-11,2,18.98
STORE_005,SKU30003,2025-05-13,1,9.49
STORE_005,SKU30003,2025-05-15,1,9.49
STORE_005,SKU30003,2025-05-19,2,18.98
STORE_005,SKU30003,2025-05-21,2,18.98
STORE_005,SKU30003,2025-05-24,2,18.98
STORE_005,SKU30003,2025-05-25,3,28.47
STORE_005,SKU30003,2025-05-28,1,9.49
STORE_005,SKU30003,2025-05-29,2,18.98
STORE_005,SKU30003,2025-05-30,3,28.47
STORE_005,SKU30003,2025-06-02,3,28.47
STORE_005,SKU30003,2025-06-03,1,9.49
STORE_005,SKU30003,2025-06-04,2,18.98
STORE_005,SKU30003,2025-06-05,1,9.49
STORE_005,SKU30003,2025-06-07,1,9.49
STORE_005,SKU30003,2025-06-10,1,9.49
STORE_005,SKU30003,2025-06-11,1,9.49
STORE_005,SKU30003,2025-06-13,1,9.49
STORE_005,SKU30003,2025-06-14,3,28.47
STORE_005,SKU30004,2025-04-20,1,6.99
STORE_005,SKU30004,2025-04-21,1,6.99
STORE_005,SKU30004,2025-04-22,1,6.99
STORE_005,SKU30004,2025-04-25,2,13.98
STORE_005,SKU30004,2025-04-26,3,20.97
STORE_005,SKU30004,2025-04-27,1,6.99
STORE_005,SKU30004,2025-04-30,1,6.99
STORE_005,SKU30004,2025-05-01,3,20.97
STORE_005,SKU30004,2025-05-02,2,13.98
STORE_005,SKU30004,2025-05-04,2,13.98
STORE_005,SKU30004,2025-05-05,1,6.99
STORE_005,SKU30004,2025-05-07,3,20.97
STORE_005,SKU30004,2025-05-09,3,20.97
STORE_005,SKU30004,2025-05-10,3,20.97
STORE_005,SKU30004,2025-05-12,2,13.98
STORE_005,SKU30004,2025-05-14,4,27.96
STORE_005,SKU30004,2025-05-15,2,13.98
STORE_005,SKU30004,2025-05-16,3,20.97
STORE_005,SKU30004,2025-05-17,1,6.99
STORE_005,SKU30004,2025-05-18,2,13.98
STORE_005,SKU30004,2025-05-23,3,20.97
STORE_005,SKU30004,2025-05-24,1,6.99
STORE_005,SKU30004,2025-05-26,2,13.98
STORE_005,SKU30004,2025-05-27,1,6.99
STORE_005,SKU30004,2025-05-28,2,13.98
STORE_005,SKU30004,2025-05-29,1,6.99
STORE_005,SKU30004,2025-05-30,2,13.98
STORE_005,SKU30004,2025-06-01,1,6.99
STORE_005,SKU30004,2025-06-02,3,20.97
STORE_005,SKU30004,2025-06-03,2,13.98
STORE_005,SKU30004,2025-06-04,2,13.98
STORE_005,SKU30004,2025-06-05,2,13.98
STORE_005,SKU30004,2025-06-09,3,20.97
STORE_005,SKU40000,2025-04-21,5,14.95
STORE_005,SKU40000,2025-04-22,4,11.96
STORE_005,SKU40000,2025-04-23,2,5.98
STORE_005,SKU40000,2025-04-24,2,5.98
STORE_005,SKU40000,2025-04-26,2,5.98
STORE_005,SKU40000,2025-04-27,4,11.96
STORE_005,SKU40000,2025-04-29,4,11.96
STORE_005,SKU40000,2025-05-01,2,5.98
STORE_005,SKU40000,2025-05-02,1,2.99
STORE_005,SKU40000,2025-05-03,3,8.97
STORE_005,SKU40000,2025-05-04,2,5.98
STORE_005,SKU40000,2025-05-05,3,8.97
STORE_005,SKU40000,2025-05-06,6,17.94
STORE_005,SKU40000,2025-05-07,3,8.97
STORE_005,SKU40000,2025-05-08,3,8.97
STORE_005,SKU40000,2025-05-10,4,11.96
STORE_005,SKU40000,2025-05-11,2,5.98
STORE_005,SKU40000,2025-05-12,3,8.97
STORE_005,SKU40000,2025-05-13,3,8.97
STORE_005,SKU40000,2025-05-16,4,11.96
STORE_005,SKU40000,2025-05-17,6,17.94
STORE_005,SKU40000,2025-05-18,2,5.98
STORE_005,SKU40000,2025-05-19,4,11.96
STORE_005,SKU40000,2025-05-21,6,17.94
STORE_005,SKU40000,2025-05-22,1,2.99
STORE_005,SKU40000,2025-05-24,5,14.95
STORE_005,SKU40000,2025-05-25,2,5.98
STORE_005,SKU40000,2025-05-26,3,8.97
STORE_005,SKU40000,2025-05-27,3,8.97
STORE_005,SKU40000,2025-05-28,5,14.95
STORE_005,SKU40000,2025-05-29,4,11.96
STORE_005,SKU40000,2025-05-30,4,11.96
STORE_005,SKU40000,2025-05-31,4,11.96
STORE_005,SKU40000,2025-06-01,3,8.97
STORE_005,SKU40000,2025-06-02,3,8.97
STORE_005,SKU40000,2025-06-03,1,2.99
STORE_005,SKU40000,2025-06-04,2,5.98
STORE_005,SKU40000,2025-06-05,2,5.98
STORE_005,SKU40000,2025-06-06,3,8.97
STORE_005,SKU40000,2025-06-08,3,8.97
STORE_005,SKU40000,2025-06-09,4,11.96
STORE_005,SKU40000,2025-06-11,1,2.99
STORE_005,SKU40000,2025-06-12,3,8.97
STORE_005,SKU40000,2025-06-13,5,14.95
STORE_005,SKU40001,2025-04-20,2,11.98
STORE_005,SKU40001,2025-04-21,11,65.89
STORE_005,SKU40001,2025-04-22,2,11.98
STORE_005,SKU40001,2025-04-23,6,35.94
STORE_005,SKU40001,2025-04-24,8,47.92
STORE_005,SKU40001,2025-04-25,4,23.96
STORE_005,SKU40001,2025-04-26,10,59.9
STORE_005,SKU40001,2025-04-27,7,41.93
STORE_005,SKU40001,2025-04-28,10,59.9
STORE_005,SKU40001,2025-04-29,4,23.96
STORE_005,SKU40001,2025-05-01,4,23.96
STORE_005,SKU40001,2025-05-02,5,29.95
STORE_005,SKU40001,2025-05-03,7,41.93
STORE_005,SKU40001,2025-05-04,7,41.93
STORE_005,SKU40001,2025-05-05,5,29.95
STORE_005,SKU40001,2025-05-06,4,23.96
STORE_005,SKU40001,2025-05-07,6,35.94
STORE_005,SKU40001,2025-05-08,7,41.93
STORE_005,SKU40001,2025-05-09,8,47.92
STORE_005,SKU40001,2025-05-10,4,23.96
STORE_005,SKU40001,2025-05-11,6,35.94
STORE_005,SKU40001,2025-05-13,3,17.97
STORE_005,SKU40001,2025-05-14,5,29.95
STORE_005,SKU40001,2025-05-15,8,47.92
STORE_005,SKU40001,2025-05-17,6,35.94
STORE_005,SKU40001,2025-05-18,7,41.93
STORE_005,SKU40001,2025-05-19,8,47.92
STORE_005,SKU40001,2025-05-20,5,29.95
STORE_005,SKU40001,2025-05-21,4,23.96
STORE_005,SKU40001,2025-05-22,7,41.93
STORE_005,SKU40001,2025-05-23,8,47.92
STORE_005,SKU40001,2025-05-24,5,29.95
STORE_005,SKU40001,2025-05-25,4,23.96
STORE_005,SKU40001,2025-05-26,4,23.96
STORE_005,SKU40001,2025-05-27,6,35.94
STORE_005,SKU40001,2025-05-28,10,59.9
STORE_005,SKU40001,2025-05-30,7,41.93
STORE_005,SKU40001,2025-05-31,11,65.89
STORE_005,SKU40001,2025-06-01,9,53.91
STORE_005,SKU40001,2025-06-02,1,5.99
STORE_005,SKU40001,2025-06-03,8,47.92
STORE_005,SKU40001,2025-06-05,7,41.93
STORE_005,SKU40001,2025-06-06,8,47.92
STORE_005,SKU40001,2025-06-07,8,47.92
STORE_005,SKU40001,2025-06-08,6,35.94
STORE_005,SKU40001,2025-06-09,5,29.95
STORE_005,SKU40001,2025-06-10,7,41.93
STORE_005,SKU40001,2025-06-11,8,47.92
STORE_005,SKU40001,2025-06-12,7,41.93
STORE_005,SKU40001,2025-06-13,10,59.9
STORE_005,SKU40001,2025-06-14,8,47.92
STORE_005,SKU40002,2025-04-20,7,48.93
STORE_005,SKU40002,2025-04-22,7,48.93
STORE_005,SKU40002,2025-04-23,7,48.93
STORE_005,SKU40002,2025-04-26,6,41.94
STORE_005,SKU40002,2025-04-28,2,13.98
STORE_005,SKU40002,2025-04-29,5,34.95
STORE_005,SKU40002,2025-04-30,4,27.96
STORE_005,SKU40002,2025-05-01,5,34.95
STORE_005,SKU40002,2025-05-02,2,13.98
STORE_005,SKU40002,2025-05-03,10,69.9
STORE_005,SKU40002,2025-05-04,6,41.94
STORE_005,SKU40002,2025-05-05,5,34.95
STORE_005,SKU40002,2025-05-06,8,55.92
STORE_005,SKU40002,2025-05-07,6,41.94
STORE_005,SKU40002,2025-05-08,4,27.96
STORE_005,SKU40002,2025-05-09,5,34.95
STORE_005,SKU40002,2025-05-10,8,55.92
STORE_005,SKU40002,2025-05-11,8,55.92
STORE_005,SKU40002,2025-05-12,4,27.96
STORE_005,SKU40002,2025-05-13,8,55.92
STORE_005,SKU40002,2025-05-14,2,13.98
STORE_005,SKU40002,2025-05-15,8,55.92
STORE_005,SKU40002,2025-05-16,6,41.94
STORE_005,SKU40002,2025-05-17,9,62.91
STORE_005,SKU40002,2025-05-18,7,48.93
STORE_005,SKU40002,2025-05-19,4,27.96
STORE_005,SKU40002,2025-05-20,5,34.95
STORE_005,SKU40002,2025-05-21,4,27.96
STORE_005,SKU40002,2025-05-23,4,27.96
STORE_005,SKU40002,2025-05-25,7,48.93
STORE_005,SKU40002,2025-05-26,2,13.98
STORE_005,SKU40002,2025-05-27,5,34.95
STORE_005,SKU40002,2025-05-28,5,34.95
STORE_005,SKU40002,2025-05-30,5,34.95
STORE_005,SKU40002,2025-05-31,4,27.96
STORE_005,SKU40002,2025-06-01,6,41.94
STORE_005,SKU40002,2025-06-02,8,55.92
STORE_005,SKU40002,2025-06-03,5,34.95
STORE_005,SKU40002,2025-06-04,5,34.95
STORE_005,SKU40002,2025-06-05,7,48.93
STORE_005,SKU40002,2025-06-06,4,27.96
STORE_005,SKU40002,2025-06-07,5,34.95
STORE_005,SKU40002,2025-06-08,1,6.99
STORE_005,SKU40002,2025-06-09,5,34.95
STORE_005,SKU40002,2025-06-11,4,27.96
STORE_005,SKU40002,2025-06-12,8,55.92
STORE_005,SKU40002,2025-06-14,6,41.94
STORE_005,SKU40003,2025-04-20,4,29.96
STORE_005,SKU40003,2025-04-21,2,14.98
STORE_005,SKU40003,2025-04-22,2,14.98
STORE_005,SKU40003,2025-04-23,2,14.98
STORE_005,SKU40003,2025-04-24,2,14.98
STORE_005,SKU40003,2025-04-25,6,44.94
STORE_005,SKU40003,2025-04-26,7,52.43
STORE_005,SKU40003,2025-04-27,5,37.45
STORE_005,SKU40003,2025-04-28,7,52.43
STORE_005,SKU40003,2025-04-29,3,22.47
STORE_005,SKU40003,2025-05-01,2,14.98
STORE_005,SKU40003,2025-05-02,4,29.96
STORE_005,SKU40003,2025-05-03,3,22.47
STORE_005,SKU40003,2025-05-04,5,37.45
STORE_005,SKU40003,2025-05-05,5,37.45
STORE_005,SKU40003,2025-05-06,2,14.98
STORE_005,SKU40003,2025-05-07,7,52.43
STORE_005,SKU40003,2025-05-08,8,59.92
STORE_005,SKU40003,2025-05-09,7,52.43
STORE_005,SKU40003,2025-05-10,1,7.49
STORE_005,SKU40003,2025-05-12,3,22.47
STORE_005,SKU40003,2025-05-13,8,59.92
STORE_005,SKU40003,2025-05-14,6,44.94
STORE_005,SKU40003,2025-05-15,6,44.94
STORE_005,SKU40003,2025-05-16,4,29.96
STORE_005,SKU40003,2025-05-17,9,67.41
STORE_005,SKU40003,2025-05-19,3,22.47
STORE_005,SKU40003,2025-05-20,5,37.45
STORE_005,SKU40003,2025-05-21,1,7.49
STORE_005,SKU40003,2025-05-22,4,29.96
STORE_005,SKU40003,2025-05-23,4,29.96
STORE_005,SKU40003,2025-05-24,4,29.96
STORE_005,SKU40003,2025-05-25,4,29.96
STORE_005,SKU40003,2025-05-26,5,37.45
STORE_005,SKU40003,2025-05-27,5,37.45
STORE_005,SKU40003,2025-05-28,8,59.92
STORE_005,SKU40003,2025-05-30,5,37.45
STORE_005,SKU40003,2025-05-31,6,44.94
STORE_005,SKU40003,2025-06-01,6,44.94
STORE_005,SKU40003,2025-06-02,4,29.96
STORE_005,SKU40003,2025-06-03,5,37.45
STORE_005,SKU40003,2025-06-05,4,29.96
STORE_005,SKU40003,2025-06-06,5,37.45
STORE_005,SKU40003,2025-06-07,4,29.96
STORE_005,SKU40003,2025-06-08,4,29.96
STORE_005,SKU40003,2025-06-09,6,44.94
STORE_005,SKU40003,2025-06-10,2,14.98
STORE_005,SKU40003,2025-06-11,6,44.94
STORE_005,SKU40003,2025-06-12,7,52.43
STORE_005,SKU40003,2025-06-13,4,29.96
STORE_005,SKU40003,2025-06-14,3,22.47
STORE_006,SKU10000,2025-04-20,5,9.95
STORE_006,SKU10000,2025-04-21,11,21.89
STORE_006,SKU10000,2025-04-22,2,3.98
STORE_006,SKU10000,2025-04-23,2,3.98
STORE_006,SKU10000,2025-04-25,4,7.96
STORE_006,SKU10000,2025-04-26,8,15.92
STORE_006,SKU10000,2025-04-27,12,23.88
STORE_006,SKU10000,2025-04-28,5,9.95
STORE_006,SKU10000,2025-04-29,8,15.92
STORE_006,SKU10000,2025-04-30,4,7.96
STORE_006,SKU10000,2025-05-01,2,3.98
STORE_006,SKU10000,2025-05-02,10,19.9
STORE_006,SKU10000,2025-05-03,7,13.93
STORE_006,SKU10000,2025-05-04,9,17.91
STORE_006,SKU10000,2025-05-05,6,11.94
STORE_006,SKU10000,2025-05-06,1,1.99
STORE_006,SKU10000,2025-05-07,9,17.91
STORE_006,SKU10000,2025-05-08,3,5.97
STORE_006,SKU10000,2025-05-09,8,15.92
STORE_006,SKU10000,2025-05-10,3,5.97
STORE_006,SKU10000,2025-05-11,3,5.97
STORE_006,SKU10000,2025-05-12,4,7.96
STORE_006,SKU10000,2025-05-13,3,5.97
STORE_006,SKU10000,2025-05-14,2,3.98
STORE_006,SKU10000,2025-05-15,13,25.87
STORE_006,SKU10000,2025-05-16,6,11.94
STORE_006,SKU10000,2025-05-17,1,1.99
STORE_006,SKU10000,2025-05-18,3,5.97
STORE_006,SKU10000,2025-05-19,3,5.97
STORE_006,SKU10000,2025-05-20,4,7.96
STORE_006,SKU10000,2025-05-21,8,15.92
STORE_006,SKU10000,2025-05-22,7,13.93
STORE_006,SKU10000,2025-05-23,6,11.94
STORE_006,SKU10000,2025-05-24,2,3.98
STORE_006,SKU10000,2025-05-25,9,17.91
STORE_006,SKU10000,2025-05-26,1,1.99
STORE_006,SKU10000,2025-05-27,5,9.95
STORE_006,SKU10000,2025-05-28,7,13.93
STORE_006,SKU10000,2025-05-30,10,19.9
STORE_006,SKU10000,2025-05-31,9,17.91
STORE_006,SKU10000,2025-06-01,7,13.93
STORE_006,SKU10000,2025-06-02,6,11.94
STORE_006,SKU10000,2025-06-03,9,17.91
STORE_006,SKU10000,2025-06-04,9,17.91
STORE_006,SKU10000,2025-06-07,8,15.92
STORE_006,SKU10000,2025-06-08,7,13.93
STORE_006,SKU10000,2025-06-10,5,9.95
STORE_006,SKU10000,2025-06-12,9,17.91
STORE_006,SKU10000,2025-06-13,8,15.92
STORE_006,SKU10000,2025-06-14,5,9.95
STORE_006,SKU10001,2025-04-22,5,24.95
STORE_006,SKU10001,2025-04-23,6,29.94
STORE_006,SKU10001,2025-04-24,4,19.96
STORE_006,SKU10001,2025-04-25,3,14.97
STORE_006,SKU10001,2025-04-26,1,4.99
STORE_006,SKU10001,2025-04-27,4,19.96
STORE_006,SKU10001,2025-04-28,2,9.98
STORE_006,SKU10001,2025-04-29,2,9.98
STORE_006,SKU10001,2025-05-01,4,19.96
STORE_006,SKU10001,2025-05-02,5,24.95
STORE_006,SKU10001,2025-05-07,6,29.94
STORE_006,SKU10001,2025-05-08,4,19.96
STORE_006,SKU10001,2025-05-09,2,9.98
STORE_006,SKU10001,2025-05-10,2,9.98
STORE_006,SKU10001,2025-05-11,6,29.94
STORE_006,SKU10001,2025-05-14,6,29.94
STORE_006,SKU10001,2025-05-15,1,4.99
STORE_006,SKU10001,2025-05-16,6,29.94
STORE_006,SKU10001,2025-05-17,5,24.95
STORE_006,SKU10001,2025-05-18,1,4.99
STORE_006,SKU10001,2025-05-19,5,24.95
STORE_006,SKU10001,2025-05-21,5,24.95
STORE_006,SKU10001,2025-05-22,1,4.99
STORE_006,SKU10001,2025-05-23,5,24.95
STORE_006,SKU10001,2025-05-24,1,4.99
STORE_006,SKU10001,2025-05-25,2,9.98
STORE_006,SKU10001,2025-05-26,7,34.93
STORE_006,SKU10001,2025-05-27,4,19.96
STORE_006,SKU10001,2025-05-28,1,4.99
STORE_006,SKU10001,2025-05-29,4,19.96
STORE_006,SKU10001,2025-05-30,4,19.96
STORE_006,SKU10001,2025-05-31,3,14.97
STORE_006,SKU10001,2025-06-02,4,19.96
STORE_006,SKU10001,2025-06-03,1,4.99
STORE_006,SKU10001,2025-06-04,5,24.95
STORE_006,SKU10001,2025-06-06,4,19.96
STORE_006,SKU10001,2025-06-07,2,9.98
STORE_006,SKU10001,2025-06-08,1,4.99
STORE_006,SKU10001,2025-06-09,3,14.97
STORE_006,SKU10001,2025-06-10,5,24.95
STORE_006,SKU10001,2025-06-12,2,9.98
STORE_006,SKU10001,2025-06-13,4,19.96
STORE_006,SKU10001,2025-06-14,7,34.93
STORE_006,SKU10002,2025-04-21,2,4.98
STORE_006,SKU10002,2025-04-22,1,2.49
STORE_006,SKU10002,2025-04-23,2,4.98
STORE_006,SKU10002,2025-04-24,3,7.47
STORE_006,SKU10002,2025-04-26,1,2.49
STORE_006,SKU10002,2025-04-27,1,2.49
STORE_006,SKU10002,2025-04-28,2,4.98
STORE_006,SKU10002,2025-04-29,4,9.96
STORE_006,SKU10002,2025-05-01,1,2.49
STORE_006,SKU10002,2025-05-03,2,4.98
STORE_006,SKU10002,2025-05-04,2,4.98
STORE_006,SKU10002,2025-05-05,2,4.98
STORE_006,SKU10002,2025-05-06,7,17.43
STORE_006,SKU10002,2025-05-07,4,9.96
STORE_006,SKU10002,2025-05-08,2,4.98
STORE_006,SKU10002,2025-05-09,3,7.47
STORE_006,SKU10002,2025-05-10,1,2.49
STORE_006,SKU10002,2025-05-11,7,17.43
STORE_006,SKU10002,2025-05-12,4,9.96
STORE_006,SKU10002,2025-05-13,4,9.96
STORE_006,SKU10002,2025-05-14,5,12.45
STORE_006,SKU10002,2025-05-15,6,14.94
STORE_006,SKU10002,2025-05-17,5,12.45
STORE_006,SKU10002,2025-05-19,3,7.47
STORE_006,SKU10002,2025-05-20,6,14.94
STORE_006,SKU10002,2025-05-21,3,7.47
STORE_006,SKU10002,2025-05-22,2,4.98
STORE_006,SKU10002,2025-05-23,1,2.49
STORE_006,SKU10002,2025-05-25,2,4.98
STORE_006,SKU10002,2025-05-26,5,12.45
STORE_006,SKU10002,2025-05-28,4,9.96
STORE_006,SKU10002,2025-05-29,4,9.96
STORE_006,SKU10002,2025-05-30,2,4.98
STORE_006,SKU10002,2025-05-31,4,9.96
STORE_006,SKU10002,2025-06-01,1,2.49
STORE_006,SKU10002,2025-06-03,1,2.49
STORE_006,SKU10002,2025-06-04,3,7.47
STORE_006,SKU10002,2025-06-05,6,14.94
STORE_006,SKU10002,2025-06-06,2,4.98
STORE_006,SKU10002,2025-06-07,2,4.98
STORE_006,SKU10002,2025-06-08,5,12.45
STORE_006,SKU10002,2025-06-11,6,14.94
STORE_006,SKU10002,2025-06-13,1,2.49
STORE_006,SKU10002,2025-06-14,5,12.45
STORE_006,SKU10003,2025-04-20,6,19.74
STORE_006,SKU10003,2025-04-21,4,13.16
STORE_006,SKU10003,2025-04-22,4,13.16
STORE_006,SKU10003,2025-04-23,4,13.16
STORE_006,SKU10003,2025-04-26,7,23.03
STORE_006,SKU10003,2025-04-27,8,26.32
STORE_006,SKU10003,2025-04-28,5,16.45
STORE_006,SKU10003,2025-04-29,12,39.48
STORE_006,SKU10003,2025-04-30,2,6.58
STORE_006,SKU10003,2025-05-02,5,16.45
STORE_006,SKU10003,2025-05-03,2,6.58
STORE_006,SKU10003,2025-05-04,5,16.45
STORE_006,SKU10003,2025-05-05,7,23.03
STORE_006,SKU10003,2025-05-06,3,9.87
STORE_006,SKU10003,2025-05-07,4,13.16
STORE_006,SKU10003,2025-05-08,7,23.03
STORE_006,SKU10003,2025-05-09,4,13.16
STORE_006,SKU10003,2025-05-10,6,19.74
STORE_006,SKU10003,2025-05-11,6,19.74
STORE_006,SKU10003,2025-05-12,4,13.16
STORE_006,SKU10003,2025-05-13,4,13.16
STORE_006,SKU10003,2025-05-14,4,13.16
STORE_006,SKU10003,2025-05-16,1,3.29
STORE_006,SKU10003,2025-05-17,7,23.03
STORE_006,SKU10003,2025-05-18,5,16.45
STORE_006,SKU10003,2025-05-19,5,16.45
STORE_006,SKU10003,2025-05-20,6,19.74
STORE_006,SKU10003,2025-05-21,8,26.32
STORE_006,SKU10003,2025-05-22,4,13.16
STORE_006,SKU10003,2025-05-23,4,13.16
STORE_006,SKU10003,2025-05-24,3,9.87
STORE_006,SKU10003,2025-05-25,5,16.45
STORE_006,SKU10003,2025-05-26,2,6.58
STORE_006,SKU10003,2025-05-27,1,3.29
STORE_006,SKU10003,2025-05-28,9,29.61
STORE_006,SKU10003,2025-05-29,4,13.16
STORE_006,SKU10003,2025-05-30,5,16.45
STORE_006,SKU10003,2025-05-31,3,9.87
STORE_006,SKU10003,2025-06-01,10,32.9
STORE_006,SKU10003,2025-06-02,3,9.87
STORE_006,SKU10003,2025-06-03,8,26.32
STORE_006,SKU10003,2025-06-04,5,16.45
STORE_006,SKU10003,2025-06-05,4,13.16
STORE_006,SKU10003,2025-06-06,5,16.45
STORE_006,SKU10003,2025-06-07,4,13.16
STORE_006,SKU10003,2025-06-09,4,13.16
STORE_006,SKU10003,2025-06-10,5,16.45
STORE_006,SKU10003,2025-06-12,2,6.58
STORE_006,SKU10003,2025-06-13,6,19.74
STORE_006,SKU10003,2025-06-14,7,23.03
STORE_006,SKU10004,2025-04-22,8,31.92
STORE_006,SKU10004,2025-04-24,5,19.95
STORE_006,SKU10004,2025-04-25,9,35.91
STORE_006,SKU10004,2025-04-26,3,11.97
STORE_006,SKU10004,2025-04-27,5,19.95
STORE_006,SKU10004,2025-04-28,3,11.97
STORE_006,SKU10004,2025-04-29,3,11.97
STORE_006,SKU10004,2025-05-01,1,3.99
STORE_006,SKU10004,2025-05-02,4,15.96
STORE_006,SKU10004,2025-05-03,3,11.97
STORE_006,SKU10004,2025-05-05,5,19.95
STORE_006,SKU10004,2025-05-06,2,7.98
STORE_006,SKU10004,2025-05-07,3,11.97
STORE_006,SKU10004,2025-05-10,3,11.97
STORE_006,SKU10004,2025-05-11,6,23.94
STORE_006,SKU10004,2025-05-12,4,15.96
STORE_006,SKU10004,2025-05-13,4,15.96
STORE_006,SKU10004,2025-05-14,3,11.97
STORE_006,SKU10004,2025-05-17,9,35.91
STORE_006,SKU10004,2025-05-18,3,11.97
STORE_006,SKU10004,2025-05-19,2,7.98
STORE_006,SKU10004,2025-05-20,3,11.97
STORE_006,SKU10004,2025-05-21,1,3.99
STORE_006,SKU10004,2025-05-22,2,7.98
STORE_006,SKU10004,2025-05-23,7,27.93
STORE_006,SKU10004,2025-05-24,4,15.96
STORE_006,SKU10004,2025-05-25,4,15.96
STORE_006,SKU10004,2025-05-26,2,7.98
STORE_006,SKU10004,2025-05-27,5,19.95
STORE_006,SKU10004,2025-05-28,5,19.95
STORE_006,SKU10004,2025-05-29,2,7.98
STORE_006,SKU10004,2025-05-30,3,11.97
STORE_006,SKU10004,2025-06-01,2,7.98
STORE_006,SKU10004,2025-06-02,4,15.96
STORE_006,SKU10004,2025-06-03,3,11.97
STORE_006,SKU10004,2025-06-05,7,27.93
STORE_006,SKU10004,2025-06-07,6,23.94
STORE_006,SKU10004,2025-06-08,2,7.98
STORE_006,SKU10004,2025-06-09,3,11.97
STORE_006,SKU10004,2025-06-10,4,15.96
STORE_006,SKU10004,2025-06-11,4,15.96
STORE_006,SKU10004,2025-06-12,4,15.96
STORE_006,SKU10004,2025-06-13,5,19.95
STORE_006,SKU10004,2025-06-14,3,11.97
STORE_006,SKU10005,2025-04-20,2,8.98
STORE_006,SKU10005,2025-04-21,1,4.49
STORE_006,SKU10005,2025-04-22,3,13.47
STORE_006,SKU10005,2025-04-23,1,4.49
STORE_006,SKU10005,2025-04-25,1,4.49
STORE_006,SKU10005,2025-04-26,4,17.96
STORE_006,SKU10005,2025-04-27,3,13.47
STORE_006,SKU10005,2025-04-29,2,8.98
STORE_006,SKU10005,2025-05-01,2,8.98
STORE_006,SKU10005,2025-05-02,2,8.98
STORE_006,SKU10005,2025-05-04,4,17.96
STORE_006,SKU10005,2025-05-05,6,26.94
STORE_006,SKU10005,2025-05-07,2,8.98
STORE_006,SKU10005,2025-05-08,1,4.49
STORE_006,SKU10005,2025-05-09,2,8.98
STORE_006,SKU10005,2025-05-10,1,4.49
STORE_006,SKU10005,2025-05-11,2,8.98
STORE_006,SKU10005,2025-05-12,1,4.49
STORE_006,SKU10005,2025-05-13,3,13.47
STORE_006,SKU10005,2025-05-14,4,17.96
STORE_006,SKU10005,2025-05-16,3,13.47
STORE_006,SKU10005,2025-05-17,2,8.98
STORE_006,SKU10005,2025-05-20,1,4.49
STORE_006,SKU10005,2025-05-22,3,13.47
STORE_006,SKU10005,2025-05-23,3,13.47
STORE_006,SKU10005,2025-05-24,2,8.98
STORE_006,SKU10005,2025-05-26,4,17.96
STORE_006,SKU10005,2025-05-29,1,4.49
STORE_006,SKU10005,2025-05-30,5,22.45
STORE_006,SKU10005,2025-06-01,2,8.98
STORE_006,SKU10005,2025-06-02,1,4.49
STORE_006,SKU10005,2025-06-03,1,4.49
STORE_006,SKU10005,2025-06-04,1,4.49
STORE_006,SKU10005,2025-06-05,1,4.49
STORE_006,SKU10005,2025-06-08,2,8.98
STORE_006,SKU10005,2025-06-09,2,8.98
STORE_006,SKU10005,2025-06-10,3,13.47
STORE_006,SKU10005,2025-06-11,4,17.96
STORE_006,SKU10005,2025-06-12,3,13.47
STORE_006,SKU10005,2025-06-13,3,13.47
STORE_006,SKU10005,2025-06-14,1,4.49
STORE_006,SKU10006,2025-04-20,3,17.97
STORE_006,SKU10006,2025-04-21,3,17.97
STORE_006,SKU10006,2025-04-23,2,11.98
STORE_006,SKU10006,2025-04-26,3,17.97
STORE_006,SKU10006,2025-04-29,1,5.99
STORE_006,SKU10006,2025-05-02,2,11.98
STORE_006,SKU10006,2025-05-04,2,11.98
STORE_006,SKU10006,2025-05-05,1,5.99
STORE_006,SKU10006,2025-05-06,3,17.97
STORE_006,SKU10006,2025-05-07,1,5.99
STORE_006,SKU10006,2025-05-08,2,11.98
STORE_006,SKU10006,2025-05-09,1,5.99
STORE_006,SKU10006,2025-05-10,2,11.98
STORE_006,SKU10006,2025-05-12,3,17.97
STORE_006,SKU10006,2025-05-14,1,5.99
STORE_006,SKU10006,2025-05-18,3,17.97
STORE_006,SKU10006,2025-05-19,1,5.99
STORE_006,SKU10006,2025-05-20,2,11.98
STORE_006,SKU10006,2025-05-22,1,5.99
STORE_006,SKU10006,2025-05-23,3,17.97
STORE_006,SKU10006,2025-05-25,2,11.98
STORE_006,SKU10006,2025-05-26,2,11.98
STORE_006,SKU10006,2025-05-27,2,11.98
STORE_006,SKU10006,2025-05-30,1,5.99
STORE_006,SKU10006,2025-05-31,3,17.97
STORE_006,SKU10006,2025-06-01,2,11.98
STORE_006,SKU10006,2025-06-03,1,5.99
STORE_006,SKU10006,2025-06-04,1,5.99
STORE_006,SKU10006,2025-06-05,2,11.98
STORE_006,SKU10006,2025-06-06,2,11.98
STORE_006,SKU10006,2025-06-07,4,23.96
STORE_006,SKU10006,2025-06-08,3,17.97
STORE_006,SKU10006,2025-06-09,2,11.98
STORE_006,SKU10006,2025-06-11,3,17.97
STORE_006,SKU10006,2025-06-12,1,5.99
STORE_006,SKU10006,2025-06-14,5,29.95
STORE_006,SKU10007,2025-04-20,3,12.87
STORE_006,SKU10007,2025-04-21,7,30.03
STORE_006,SKU10007,2025-04-22,4,17.16
STORE_006,SKU10007,2025-04-23,5,21.45
STORE_006,SKU10007,2025-04-24,4,17.16
STORE_006,SKU10007,2025-04-25,1,4.29
STORE_006,SKU10007,2025-04-26,6,25.74
STORE_006,SKU10007,2025-04-28,5,21.45
STORE_006,SKU10007,2025-04-29,6,25.74
STORE_006,SKU10007,2025-04-30,6,25.74
STORE_006,SKU10007,2025-05-01,6,25.74
STORE_006,SKU10007,2025-05-02,5,21.45
STORE_006,SKU10007,2025-05-03,6,25.74
STORE_006,SKU10007,2025-05-04,5,21.45
STORE_006,SKU10007,2025-05-05,5,21.45
STORE_006,SKU10007,2025-05-06,4,17.16
STORE_006,SKU10007,2025-05-09,4,17.16
STORE_006,SKU10007,2025-05-10,1,4.29
STORE_006,SKU10007,2025-05-11,5,21.45
STORE_006,SKU10007,2025-05-12,5,21.45
STORE_006,SKU10007,2025-05-13,5,21.45
STORE_006,SKU10007,2025-05-14,4,17.16
STORE_006,SKU10007,2025-05-15,5,21.45
STORE_006,SKU10007,2025-05-16,6,25.74
STORE_006,SKU10007,2025-05-17,7,30.03
STORE_006,SKU10007,2025-05-18,7,30.03
STORE_006,SKU10007,2025-05-19,5,21.45
STORE_006,SKU10007,2025-05-20,2,8.58
STORE_006,SKU10007,2025-05-22,4,17.16
STORE_006,SKU10007,2025-05-23,4,17.16
STORE_006,SKU10007,2025-05-24,7,30.03
STORE_006,SKU10007,2025-05-25,3,12.87
STORE_006,SKU10007,2025-05-26,5,21.45
STORE_006,SKU10007,2025-05-28,4,17.16
STORE_006,SKU10007,2025-05-29,4,17.16
STORE_006,SKU10007,2025-05-30,2,8.58
STORE_006,SKU10007,2025-06-03,2,8.58
STORE_006,SKU10007,2025-06-04,4,17.16
STORE_006,SKU10007,2025-06-05,4,17.16
STORE_006,SKU10007,2025-06-06,2,8.58
STORE_006,SKU10007,2025-06-07,3,12.87
STORE_006,SKU10007,2025-06-08,6,25.74
STORE_006,SKU10007,2025-06-09,1,4.29
STORE_006,SKU10007,2025-06-10,3,12.87
STORE_006,SKU10007,2025-06-11,1,4.29
STORE_006,SKU10007,2025-06-12,4,17.16
STORE_006,SKU10007,2025-06-13,3,12.87
STORE_006,SKU10008,2025-04-20,2,5.98
STORE_006,SKU10008,2025-04-22,8,23.92
STORE_006,SKU10008,2025-04-23,3,8.97
STORE_006,SKU10008,2025-04-24,6,17.94
STORE_006,SKU10008,2025-04-25,2,5.98
STORE_006,SKU10008,2025-04-26,9,26.91
STORE_006,SKU10008,2025-04-27,1,2.99
STORE_006,SKU10008,2025-04-29,8,23.92
STORE_006,SKU10008,2025-04-30,5,14.95
STORE_006,SKU10008,2025-05-01,5,14.95
STORE_006,SKU10008,2025-05-02,5,14.95
STORE_006,SKU10008,2025-05-03,9,26.91
STORE_006,SKU10008,2025-05-04,9,26.91
STORE_006,SKU10008,2025-05-05,6,17.94
STORE_006,SKU10008,2025-05-06,1,2.99
STORE_006,SKU10008,2025-05-07,6,17.94
STORE_006,SKU10008,2025-05-09,5,14.95
STORE_006,SKU10008,2025-05-10,7,20.93
STORE_006,SKU10008,2025-05-11,7,20.93
STORE_006,SKU10008,2025-05-13,10,29.9
STORE_006,SKU10008,2025-05-14,7,20.93
STORE_006,SKU10008,2025-05-15,7,20.93
STORE_006,SKU10008,2025-05-16,7,20.93
STORE_006,SKU10008,2025-05-17,5,14.95
STORE_006,SKU10008,2025-05-19,6,17.94
STORE_006,SKU10008,2025-05-20,5,14.95
STORE_006,SKU10008,2025-05-21,8,23.92
STORE_006,SKU10008,2025-05-22,6,17.94
STORE_006,SKU10008,2025-05-24,4,11.96
STORE_006,SKU10008,2025-05-25,2,5.98
STORE_006,SKU10008,2025-05-26,3,8.97
STORE_006,SKU10008,2025-05-27,7,20.93
STORE_006,SKU10008,2025-05-28,7,20.93
STORE_006,SKU10008,2025-05-29,2,5.98
STORE_006,SKU10008,2025-05-30,3,8.97
STORE_006,SKU10008,2025-05-31,7,20.93
STORE_006,SKU10008,2025-06-01,8,23.92
STORE_006,SKU10008,2025-06-02,5,14.95
STORE_006,SKU10008,2025-06-03,3,8.97
STORE_006,SKU10008,2025-06-04,9,26.91
STORE_006,SKU10008,2025-06-05,6,17.94
STORE_006,SKU10008,2025-06-07,14,41.86
STORE_006,SKU10008,2025-06-08,11,32.89
STORE_006,SKU10008,2025-06-09,7,20.93
STORE_006,SKU10008,2025-06-10,5,14.95
STORE_006,SKU10008,2025-06-11,4,11.96
STORE_006,SKU10008,2025-06-12,3,8.97
STORE_006,SKU10008,2025-06-13,7,20.93
STORE_006,SKU10008,2025-06-14,3,8.97
STORE_006,SKU10009,2025-04-20,1,3.49
STORE_006,SKU10009,2025-04-21,4,13.96
STORE_006,SKU10009,2025-04-22,1,3.49
STORE_006,SKU10009,2025-04-24,2,6.98
STORE_006,SKU10009,2025-04-25,2,6.98
STORE_006,SKU10009,2025-04-26,5,17.45
STORE_006,SKU10009,2025-04-27,8,27.92
STORE_006,SKU10009,2025-04-28,2,6.98
STORE_006,SKU10009,2025-04-29,5,17.45
STORE_006,SKU10009,2025-04-30,5,17.45
STORE_006,SKU10009,2025-05-01,2,6.98
STORE_006,SKU10009,2025-05-03,5,17.45
STORE_006,SKU10009,2025-05-04,6,20.94
STORE_006,SKU10009,2025-05-06,5,17.45
STORE_006,SKU10009,2025-05-07,5,17.45
STORE_006,SKU10009,2025-05-08,2,6.98
STORE_006,SKU10009,2025-05-09,5,17.45
STORE_006,SKU10009,2025-05-10,6,20.94
STORE_006,SKU10009,2025-05-11,6,20.94
STORE_006,SKU10009,2025-05-12,2,6.98
STORE_006,SKU10009,2025-05-13,1,3.49
STORE_006,SKU10009,2025-05-14,5,17.45
STORE_006,SKU10009,2025-05-15,4,13.96
STORE_006,SKU10009,2025-05-16,4,13.96
STORE_006,SKU10009,2025-05-17,7,24.43
STORE_006,SKU10009,2025-05-18,1,3.49
STORE_006,SKU10009,2025-05-19,5,17.45
STORE_006,SKU10009,2025-05-20,5,17.45
STORE_006,SKU10009,2025-05-21,5,17.45
STORE_006,SKU10009,2025-05-22,6,20.94
STORE_006,SKU10009,2025-05-23,3,10.47
STORE_006,SKU10009,2025-05-24,1,3.49
STORE_006,SKU10009,2025-05-25,3,10.47
STORE_006,SKU10009,2025-05-26,2,6.98
STORE_006,SKU10009,2025-05-28,5,17.45
STORE_006,SKU10009,2025-05-29,3,10.47
STORE_006,SKU10009,2025-05-30,3,10.47
STORE_006,SKU10009,2025-06-01,5,17.45
STORE_006,SKU10009,2025-06-02,3,10.47
STORE_006,SKU10009,2025-06-04,2,6.98
STORE_006,SKU10009,2025-06-05,3,10.47
STORE_006,SKU10009,2025-06-06,5,17.45
STORE_006,SKU10009,2025-06-07,3,10.47
STORE_006,SKU10009,2025-06-08,2,6.98
STORE_006,SKU10009,2025-06-10,3,10.47
STORE_006,SKU10009,2025-06-11,3,10.47
STORE_006,SKU10009,2025-06-13,5,17.45
STORE_006,SKU10009,2025-06-14,4,13.96
STORE_006,SKU20000,2025-04-20,2,7.58
STORE_006,SKU20000,2025-04-21,3,11.37
STORE_006,SKU20000,2025-04-22,3,11.37
STORE_006,SKU20000,2025-04-23,2,7.58
STORE_006,SKU20000,2025-04-24,6,22.74
STORE_006,SKU20000,2025-04-25,2,7.58
STORE_006,SKU20000,2025-04-26,1,3.79
STORE_006,SKU20000,2025-04-28,1,3.79
STORE_006,SKU20000,2025-04-29,2,7.58
STORE_006,SKU20000,2025-04-30,4,15.16
STORE_006,SKU20000,2025-05-01,2,7.58
STORE_006,SKU20000,2025-05-02,4,15.16
STORE_006,SKU20000,2025-05-03,7,26.53
STORE_006,SKU20000,2025-05-05,4,15.16
STORE_006,SKU20000,2025-05-07,5,18.95
STORE_006,SKU20000,2025-05-08,3,11.37
STORE_006,SKU20000,2025-05-09,7,26.53
STORE_006,SKU20000,2025-05-10,6,22.74
STORE_006,SKU20000,2025-05-11,5,18.95
STORE_006,SKU20000,2025-05-12,3,11.37
STORE_006,SKU20000,2025-05-13,4,15.16
STORE_006,SKU20000,2025-05-14,2,7.58
STORE_006,SKU20000,2025-05-15,4,15.16
STORE_006,SKU20000,2025-05-16,7,26.53
STORE_006,SKU20000,2025-05-17,8,30.32
STORE_006,SKU20000,2025-05-18,7,26.53
STORE_006,SKU20000,2025-05-19,4,15.16
STORE_006,SKU20000,2025-05-20,1,3.79
STORE_006,SKU20000,2025-05-21,4,15.16
STORE_006,SKU20000,2025-05-22,6,22.74
STORE_006,SKU20000,2025-05-23,5,18.95
STORE_006,SKU20000,2025-05-24,4,15.16
STORE_006,SKU20000,2025-05-25,4,15.16
STORE_006,SKU20000,2025-05-26,5,18.95
STORE_006,SKU20000,2025-05-27,4,15.16
STORE_006,SKU20000,2025-05-28,4,15.16
STORE_006,SKU20000,2025-05-29,3,11.37
STORE_006,SKU20000,2025-05-30,6,22.74
STORE_006,SKU20000,2025-05-31,2,7.58
STORE_006,SKU20000,2025-06-01,4,15.16
STORE_006,SKU20000,2025-06-02,3,11.37
STORE_006,SKU20000,2025-06-03,4,15.16
STORE_006,SKU20000,2025-06-04,4,15.16
STORE_006,SKU20000,2025-06-05,4,15.16
STORE_006,SKU20000,2025-06-06,2,7.58
STORE_006,SKU20000,2025-06-07,4,15.16
STORE_006,SKU20000,2025-06-08,6,22.74
STORE_006,SKU20000,2025-06-09,4,15.16
STORE_006,SKU20000,2025-06-10,2,7.58
STORE_006,SKU20000,2025-06-11,4,15.16
STORE_006,SKU20000,2025-06-12,4,15.16
STORE_006,SKU20000,2025-06-13,3,11.37
STORE_006,SKU20000,2025-06-14,5,18.95
STORE_006,SKU20001,2025-04-20,4,15.16
STORE_006,SKU20001,2025-04-21,7,26.53
STORE_006,SKU20001,2025-04-22,11,41.69
STORE_006,SKU20001,2025-04-23,7,26.53
STORE_006,SKU20001,2025-04-24,3,11.37
STORE_006,SKU20001,2025-04-25,7,26.53
STORE_006,SKU20001,2025-04-26,8,30.32
STORE_006,SKU20001,2025-04-27,7,26.53
STORE_006,SKU20001,2025-04-28,7,26.53
STORE_006,SKU20001,2025-04-29,5,18.95
STORE_006,SKU20001,2025-05-01,2,7.58
STORE_006,SKU20001,2025-05-03,3,11.37
STORE_006,SKU20001,2025-05-04,9,34.11
STORE_006,SKU20001,2025-05-05,3,11.37
STORE_006,SKU20001,2025-05-06,2,7.58
STORE_006,SKU20001,2025-05-08,6,22.74
STORE_006,SKU20001,2025-05-09,5,18.95
STORE_006,SKU20001,2025-05-10,12,45.48
STORE_006,SKU20001,2025-05-11,4,15.16
STORE_006,SKU20001,2025-05-12,6,22.74
STORE_006,SKU20001,2025-05-13,7,26.53
STORE_006,SKU20001,2025-05-14,3,11.37
STORE_006,SKU20001,2025-05-15,11,41.69
STORE_006,SKU20001,2025-05-17,10,37.9
STORE_006,SKU20001,2025-05-18,6,22.74
STORE_006,SKU20001,2025-05-19,3,11.37
STORE_006,SKU20001,2025-05-20,4,15.16
STORE_006,SKU20001,2025-05-21,6,22.74
STORE_006,SKU20001,2025-05-22,4,15.16
STORE_006,SKU20001,2025-05-23,2,7.58
STORE_006,SKU20001,2025-05-24,3,11.37
STORE_006,SKU20001,2025-05-25,7,26.53
STORE_006,SKU20001,2025-05-26,2,7.58
STORE_006,SKU20001,2025-05-28,3,11.37
STORE_006,SKU20001,2025-05-29,2,7.58
STORE_006,SKU20001,2025-05-30,6,22.74
STORE_006,SKU20001,2025-05-31,14,53.06
STORE_006,SKU20001,2025-06-02,7,26.53
STORE_006,SKU20001,2025-06-03,5,18.95
STORE_006,SKU20001,2025-06-04,2,7.58
STORE_006,SKU20001,2025-06-05,6,22.74
STORE_006,SKU20001,2025-06-06,3,11.37
STORE_006,SKU20001,2025-06-07,8,30.32
STORE_006,SKU20001,2025-06-08,9,34.11
STORE_006,SKU20001,2025-06-09,6,22.74
STORE_006,SKU20001,2025-06-10,7,26.53
STORE_006,SKU20001,2025-06-11,6,22.74
STORE_006,SKU20001,2025-06-12,4,15.16
STORE_006,SKU20001,2025-06-13,2,7.58
STORE_006,SKU20001,2025-06-14,6,22.74
STORE_006,SKU20002,2025-04-20,3,17.97
STORE_006,SKU20002,2025-04-21,3,17.97
STORE_006,SKU20002,2025-04-22,1,5.99
STORE_006,SKU20002,2025-04-23,5,29.95
STORE_006,SKU20002,2025-04-24,3,17.97
STORE_006,SKU20002,2025-04-25,3,17.97
STORE_006,SKU20002,2025-04-28,4,23.96
STORE_006,SKU20002,2025-04-29,3,17.97
STORE_006,SKU20002,2025-04-30,3,17.97
STORE_006,SKU20002,2025-05-01,4,23.96
STORE_006,SKU20002,2025-05-02,2,11.98
STORE_006,SKU20002,2025-05-05,3,17.97
STORE_006,SKU20002,2025-05-06,6,35.94
STORE_006,SKU20002,2025-05-07,1,5.99
STORE_006,SKU20002,2025-05-08,1,5.99
STORE_006,SKU20002,2025-05-11,2,11.98
STORE_006,SKU20002,2025-05-12,2,11.98
STORE_006,SKU20002,2025-05-13,2,11.98
STORE_006,SKU20002,2025-05-16,5,29.95
STORE_006,SKU20002,2025-05-17,4,23.96
STORE_006,SKU20002,2025-05-18,5,29.95
STORE_006,SKU20002,2025-05-19,4,23.96
STORE_006,SKU20002,2025-05-20,3,17.97
STORE_006,SKU20002,2025-05-21,1,5.99
STORE_006,SKU20002,2025-05-24,4,23.96
STORE_006,SKU20002,2025-05-25,4,23.96
STORE_006,SKU20002,2025-05-26,4,23.96
STORE_006,SKU20002,2025-05-28,3,17.97
STORE_006,SKU20002,2025-05-29,2,11.98
STORE_006,SKU20002,2025-05-30,1,5.99
STORE_006,SKU20002,2025-06-01,1,5.99
STORE_006,SKU20002,2025-06-02,2,11.98
STORE_006,SKU20002,2025-06-03,3,17.97
STORE_006,SKU20002,2025-06-04,2,11.98
STORE_006,SKU20002,2025-06-05,3,17.97
STORE_006,SKU20002,2025-06-07,3,17.97
STORE_006,SKU20002,2025-06-08,5,29.95
STORE_006,SKU20002,2025-06-09,1,5.99
STORE_006,SKU20002,2025-06-10,1,5.99
STORE_006,SKU20002,2025-06-11,1,5.99
STORE_006,SKU20002,2025-06-12,3,17.97
STORE_006,SKU20002,2025-06-14,2,11.98
STORE_006,SKU20003,2025-04-20,1,4.99
STORE_006,SKU20003,2025-04-21,4,19.96
STORE_006,SKU20003,2025-04-22,1,4.99
STORE_006,SKU20003,2025-04-23,1,4.99
STORE_006,SKU20003,2025-04-24,2,9.98
STORE_006,SKU20003,2025-04-25,2,9.98
STORE_006,SKU20003,2025-04-26,1,4.99
STORE_006,SKU20003,2025-04-27,3,14.97
STORE_006,SKU20003,2025-04-29,1,4.99
STORE_006,SKU20003,2025-04-30,1,4.99
STORE_006,SKU20003,2025-05-01,1,4.99
STORE_006,SKU20003,2025-05-03,1,4.99
STORE_006,SKU20003,2025-05-04,2,9.98
STORE_006,SKU20003,2025-05-06,1,4.99
STORE_006,SKU20003,2025-05-09,4,19.96
STORE_006,SKU20003,2025-05-10,1,4.99
STORE_006,SKU20003,2025-05-11,4,19.96
STORE_006,SKU20003,2025-05-12,1,4.99
STORE_006,SKU20003,2025-05-14,1,4.99
STORE_006,SKU20003,2025-05-17,2,9.98
STORE_006,SKU20003,2025-05-18,4,19.96
STORE_006,SKU20003,2025-05-20,1,4.99
STORE_006,SKU20003,2025-05-21,4,19.96
STORE_006,SKU20003,2025-05-22,1,4.99
STORE_006,SKU20003,2025-05-23,2,9.98
STORE_006,SKU20003,2025-05-25,3,14.97
STORE_006,SKU20003,2025-05-27,2,9.98
STORE_006,SKU20003,2025-05-31,1,4.99
STORE_006,SKU20003,2025-06-01,2,9.98
STORE_006,SKU20003,2025-06-02,1,4.99
STORE_006,SKU20003,2025-06-03,4,19.96
STORE_006,SKU20003,2025-06-05,1,4.99
STORE_006,SKU20003,2025-06-06,1,4.99
STORE_006,SKU20003,2025-06-08,3,14.97
STORE_006,SKU20003,2025-06-09,1,4.99
STORE_006,SKU20003,2025-06-10,4,19.96
STORE_006,SKU20003,2025-06-11,2,9.98
STORE_006,SKU20003,2025-06-12,3,14.97
STORE_006,SKU20003,2025-06-13,1,4.99
STORE_006,SKU20004,2025-04-20,4,17.16
STORE_006,SKU20004,2025-04-21,2,8.58
STORE_006,SKU20004,2025-04-22,7,30.03
STORE_006,SKU20004,2025-04-24,6,25.74
STORE_006,SKU20004,2025-04-26,1,4.29
STORE_006,SKU20004,2025-04-28,2,8.58
STORE_006,SKU20004,2025-04-29,2,8.58
STORE_006,SKU20004,2025-04-30,1,4.29
STORE_006,SKU20004,2025-05-01,4,17.16
STORE_006,SKU20004,2025-05-02,2,8.58
STORE_006,SKU20004,2025-05-04,1,4.29
STORE_006,SKU20004,2025-05-05,2,8.58
STORE_006,SKU20004,2025-05-06,5,21.45
STORE_006,SKU20004,2025-05-07,3,12.87
STORE_006,SKU20004,2025-05-09,2,8.58
STORE_006,SKU20004,2025-05-10,3,12.87
STORE_006,SKU20004,2025-05-12,2,8.58
STORE_006,SKU20004,2025-05-13,5,21.45
STORE_006,SKU20004,2025-05-14,4,17.16
STORE_006,SKU20004,2025-05-15,1,4.29
STORE_006,SKU20004,2025-05-16,4,17.16
STORE_006,SKU20004,2025-05-18,5,21.45
STORE_006,SKU20004,2025-05-19,3,12.87
STORE_006,SKU20004,2025-05-20,2,8.58
STORE_006,SKU20004,2025-05-21,4,17.16
STORE_006,SKU20004,2025-05-22,4,17.16
STORE_006,SKU20004,2025-05-24,7,30.03
STORE_006,SKU20004,2025-05-25,2,8.58
STORE_006,SKU20004,2025-05-26,4,17.16
STORE_006,SKU20004,2025-05-28,3,12.87
STORE_006,SKU20004,2025-05-29,4,17.16
STORE_006,SKU20004,2025-05-30,4,17.16
STORE_006,SKU20004,2025-05-31,5,21.45
STORE_006,SKU20004,2025-06-01,3,12.87
STORE_006,SKU20004,2025-06-03,5,21.45
STORE_006,SKU20004,2025-06-04,1,4.29
STORE_006,SKU20004,2025-06-05,2,8.58
STORE_006,SKU20004,2025-06-06,5,21.45
STORE_006,SKU20004,2025-06-07,3,12.87
STORE_006,SKU20004,2025-06-08,7,30.03
STORE_006,SKU20004,2025-06-09,4,17.16
STORE_006,SKU20004,2025-06-10,1,4.29
STORE_006,SKU20004,2025-06-11,5,21.45
STORE_006,SKU20004,2025-06-12,4,17.16
STORE_006,SKU20004,2025-06-13,2,8.58
STORE_006,SKU20005,2025-04-20,11,43.89
STORE_006,SKU20005,2025-04-21,7,27.93
STORE_006,SKU20005,2025-04-22,5,19.95
STORE_006,SKU20005,2025-04-23,7,27.93
STORE_006,SKU20005,2025-04-24,4,15.96
STORE_006,SKU20005,2025-04-25,2,7.98
STORE_006,SKU20005,2025-04-26,1,3.99
STORE_006,SKU20005,2025-04-27,12,47.88
STORE_006,SKU20005,2025-04-28,8,31.92
STORE_006,SKU20005,2025-04-29,9,35.91
STORE_006,SKU20005,2025-04-30,7,27.93
STORE_006,SKU20005,2025-05-01,1,3.99
STORE_006,SKU20005,2025-05-02,11,43.89
STORE_006,SKU20005,2025-05-03,6,23.94
STORE_006,SKU20005,2025-05-04,1,3.99
STORE_006,SKU20005,2025-05-05,6,23.94
STORE_006,SKU20005,2025-05-06,10,39.9
STORE_006,SKU20005,2025-05-07,4,15.96
STORE_006,SKU20005,2025-05-08,5,19.95
STORE_006,SKU20005,2025-05-09,5,19.95
STORE_006,SKU20005,2025-05-10,4,15.96
STORE_006,SKU20005,2025-05-11,8,31.92
STORE_006,SKU20005,2025-05-12,4,15.96
STORE_006,SKU20005,2025-05-13,11,43.89
STORE_006,SKU20005,2025-05-14,2,7.98
STORE_006,SKU20005,2025-05-15,3,11.97
STORE_006,SKU20005,2025-05-16,5,19.95
STORE_006,SKU20005,2025-05-17,7,27.93
STORE_006,SKU20005,2025-05-18,5,19.95
STORE_006,SKU20005,2025-05-19,9,35.91
STORE_006,SKU20005,2025-05-20,6,23.94
STORE_006,SKU20005,2025-05-21,8,31.92
STORE_006,SKU20005,2025-05-22,11,43.89
STORE_006,SKU20005,2025-05-23,12,47.88
STORE_006,SKU20005,2025-05-24,6,23.94
STORE_006,SKU20005,2025-05-25,8,31.92
STORE_006,SKU20005,2025-05-27,7,27.93
STORE_006,SKU20005,2025-05-28,6,23.94
STORE_006,SKU20005,2025-05-29,3,11.97
STORE_006,SKU20005,2025-05-30,10,39.9
STORE_006,SKU20005,2025-05-31,4,15.96
STORE_006,SKU20005,2025-06-01,11,43.89
STORE_006,SKU20005,2025-06-02,8,31.92
STORE_006,SKU20005,2025-06-03,7,27.93
STORE_006,SKU20005,2025-06-04,4,15.96
STORE_006,SKU20005,2025-06-06,10,39.9
STORE_006,SKU20005,2025-06-07,5,19.95
STORE_006,SKU20005,2025-06-08,9,35.91
STORE_006,SKU20005,2025-06-09,8,31.92
STORE_006,SKU20005,2025-06-10,6,23.94
STORE_006,SKU20005,2025-06-11,7,27.93
STORE_006,SKU20005,2025-06-12,8,31.92
STORE_006,SKU20005,2025-06-13,7,27.93
STORE_006,SKU20005,2025-06-14,5,19.95
STORE_006,SKU20006,2025-04-21,1,2.99
STORE_006,SKU20006,2025-04-23,1,2.99
STORE_006,SKU20006,2025-04-24,1,2.99
STORE_006,SKU20006,2025-04-25,3,8.97
STORE_006,SKU20006,2025-04-26,3,8.97
STORE_006,SKU20006,2025-04-28,3,8.97
STORE_006,SKU20006,2025-04-29,4,11.96
STORE_006,SKU20006,2025-04-30,3,8.97
STORE_006,SKU20006,2025-05-02,1,2.99
STORE_006,SKU20006,2025-05-03,4,11.96
STORE_006,SKU20006,2025-05-06,4,11.96
STORE_006,SKU20006,2025-05-09,4,11.96
STORE_006,SKU20006,2025-05-11,2,5.98
STORE_006,SKU20006,2025-05-13,1,2.99
STORE_006,SKU20006,2025-05-14,3,8.97
STORE_006,SKU20006,2025-05-16,4,11.96
STORE_006,SKU20006,2025-05-17,1,2.99
STORE_006,SKU20006,2025-05-18,1,2.99
STORE_006,SKU20006,2025-05-22,4,11.96
STORE_006,SKU20006,2025-05-23,2,5.98
STORE_006,SKU20006,2025-05-24,1,2.99
STORE_006,SKU20006,2025-05-25,1,2.99
STORE_006,SKU20006,2025-05-26,5,14.95
STORE_006,SKU20006,2025-05-28,4,11.96
STORE_006,SKU20006,2025-05-30,1,2.99
STORE_006,SKU20006,2025-05-31,2,5.98
STORE_006,SKU20006,2025-06-01,3,8.97
STORE_006,SKU20006,2025-06-02,4,11.96
STORE_006,SKU20006,2025-06-04,1,2.99
STORE_006,SKU20006,2025-06-06,4,11.96
STORE_006,SKU20006,2025-06-07,4,11.96
STORE_006,SKU20006,2025-06-08,2,5.98
STORE_006,SKU20006,2025-06-10,1,2.99
STORE_006,SKU20006,2025-06-11,2,5.98
STORE_006,SKU20006,2025-06-12,1,2.99
STORE_006,SKU20006,2025-06-14,3,8.97
STORE_006,SKU20007,2025-04-20,1,3.49
STORE_006,SKU20007,2025-04-21,2,6.98
STORE_006,SKU20007,2025-04-22,2,6.98
STORE_006,SKU20007,2025-04-23,5,17.45
STORE_006,SKU20007,2025-04-24,2,6.98
STORE_006,SKU20007,2025-04-25,4,13.96
STORE_006,SKU20007,2025-04-26,2,6.98
STORE_006,SKU20007,2025-04-27,1,3.49
STORE_006,SKU20007,2025-04-28,3,10.47
STORE_006,SKU20007,2025-04-29,1,3.49
STORE_006,SKU20007,2025-04-30,4,13.96
STORE_006,SKU20007,2025-05-02,3,10.47
STORE_006,SKU20007,2025-05-03,3,10.47
STORE_006,SKU20007,2025-05-04,5,17.45
STORE_006,SKU20007,2025-05-05,3,10.47
STORE_006,SKU20007,2025-05-06,2,6.98
STORE_006,SKU20007,2025-05-07,4,13.96
STORE_006,SKU20007,2025-05-09,3,10.47
STORE_006,SKU20007,2025-05-10,4,13.96
STORE_006,SKU20007,2025-05-11,4,13.96
STORE_006,SKU20007,2025-05-12,3,10.47
STORE_006,SKU20007,2025-05-13,3,10.47
STORE_006,SKU20007,2025-05-14,2,6.98
STORE_006,SKU20007,2025-05-15,3,10.47
STORE_006,SKU20007,2025-05-16,1,3.49
STORE_006,SKU20007,2025-05-17,1,3.49
STORE_006,SKU20007,2025-05-18,2,6.98
STORE_006,SKU20007,2025-05-19,2,6.98
STORE_006,SKU20007,2025-05-20,3,10.47
STORE_006,SKU20007,2025-05-21,5,17.45
STORE_006,SKU20007,2025-05-22,4,13.96
STORE_006,SKU20007,2025-05-23,3,10.47
STORE_006,SKU20007,2025-05-24,5,17.45
STORE_006,SKU20007,2025-05-25,3,10.47
STORE_006,SKU20007,2025-05-26,3,10.47
STORE_006,SKU20007,2025-05-27,2,6.98
STORE_006,SKU20007,2025-05-28,2,6.98
STORE_006,SKU20007,2025-05-29,2,6.98
STORE_006,SKU20007,2025-06-03,3,10.47
STORE_006,SKU20007,2025-06-04,2,6.98
STORE_006,SKU20007,2025-06-07,2,6.98
STORE_006,SKU20007,2025-06-08,4,13.96
STORE_006,SKU20007,2025-06-09,2,6.98
STORE_006,SKU20007,2025-06-10,2,6.98
STORE_006,SKU20007,2025-06-11,2,6.98
STORE_006,SKU20007,2025-06-13,3,10.47
STORE_006,SKU20007,2025-06-14,2,6.98
STORE_006,SKU30000,2025-04-23,1,12.99
STORE_006,SKU30000,2025-05-18,1,12.99
STORE_006,SKU30000,2025-05-21,2,25.98
STORE_006,SKU30000,2025-05-24,1,12.99
STORE_006,SKU30000,2025-05-25,1,12.99
STORE_006,SKU30000,2025-05-26,1,12.99
STORE_006,SKU30000,2025-05-30,1,12.99
STORE_006,SKU30000,2025-06-04,1,12.99
STORE_006,SKU30000,2025-06-10,1,12.99
STORE_006,SKU30000,2025-06-12,2,25.98
STORE_006,SKU30001,2025-04-20,3,26.97
STORE_006,SKU30001,2025-04-22,1,8.99
STORE_006,SKU30001,2025-04-24,4,35.96
STORE_006,SKU30001,2025-04-25,1,8.99
STORE_006,SKU30001,2025-04-27,2,17.98
STORE_006,SKU30001,2025-04-29,3,26.97
STORE_006,SKU30001,2025-05-01,2,17.98
STORE_006,SKU30001,2025-05-02,2,17.98
STORE_006,SKU30001,2025-05-03,1,8.99
STORE_006,SKU30001,2025-05-06,3,26.97
STORE_006,SKU30001,2025-05-07,3,26.97
STORE_006,SKU30001,2025-05-09,3,26.97
STORE_006,SKU30001,2025-05-12,2,17.98
STORE_006,SKU30001,2025-05-15,1,8.99
STORE_006,SKU30001,2025-05-16,2,17.98
STORE_006,SKU30001,2025-05-17,3,26.97
STORE_006,SKU30001,2025-05-23,3,26.97
STORE_006,SKU30001,2025-05-25,1,8.99
STORE_006,SKU30001,2025-05-26,2,17.98
STORE_006,SKU30001,2025-05-28,4,35.96
STORE_006,SKU30001,2025-05-29,2,17.98
STORE_006,SKU30001,2025-05-30,1,8.99
STORE_006,SKU30001,2025-05-31,4,35.96
STORE_006,SKU30001,2025-06-01,3,26.97
STORE_006,SKU30001,2025-06-02,1,8.99
STORE_006,SKU30001,2025-06-03,1,8.99
STORE_006,SKU30001,2025-06-04,1,8.99
STORE_006,SKU30001,2025-06-05,2,17.98
STORE_006,SKU30001,2025-06-06,2,17.98
STORE_006,SKU30001,2025-06-08,2,17.98
STORE_006,SKU30001,2025-06-09,2,17.98
STORE_006,SKU30001,2025-06-11,1,8.99
STORE_006,SKU30001,2025-06-12,1,8.99
STORE_006,SKU30002,2025-04-20,2,15.98
STORE_006,SKU30002,2025-04-21,2,15.98
STORE_006,SKU30002,2025-04-22,2,15.98
STORE_006,SKU30002,2025-04-23,3,23.97
STORE_006,SKU30002,2025-04-24,1,7.99
STORE_006,SKU30002,2025-04-25,2,15.98
STORE_006,SKU30002,2025-04-27,3,23.97
STORE_006,SKU30002,2025-04-28,1,7.99
STORE_006,SKU30002,2025-04-29,2,15.98
STORE_006,SKU30002,2025-05-01,2,15.98
STORE_006,SKU30002,2025-05-02,1,7.99
STORE_006,SKU30002,2025-05-05,3,23.97
STORE_006,SKU30002,2025-05-06,2,15.98
STORE_006,SKU30002,2025-05-09,2,15.98
STORE_006,SKU30002,2025-05-11,3,23.97
STORE_006,SKU30002,2025-05-14,3,23.97
STORE_006,SKU30002,2025-05-15,1,7.99
STORE_006,SKU30002,2025-05-16,1,7.99
STORE_006,SKU30002,2025-05-18,4,31.96
STORE_006,SKU30002,2025-05-19,1,7.99
STORE_006,SKU30002,2025-05-21,2,15.98
STORE_006,SKU30002,2025-05-22,1,7.99
STORE_006,SKU30002,2025-05-24,1,7.99
STORE_006,SKU30002,2025-05-26,1,7.99
STORE_006,SKU30002,2025-05-27,2,15.98
STORE_006,SKU30002,2025-05-30,1,7.99
STORE_006,SKU30002,2025-06-01,2,15.98
STORE_006,SKU30002,2025-06-07,3,23.97
STORE_006,SKU30002,2025-06-08,3,23.97
STORE_006,SKU30002,2025-06-09,2,15.98
STORE_006,SKU30002,2025-06-10,2,15.98
STORE_006,SKU30002,2025-06-12,2,15.98
STORE_006,SKU30002,2025-06-13,2,15.98
STORE_006,SKU30002,2025-06-14,2,15.98
STORE_006,SKU30003,2025-04-22,1,9.49
STORE_006,SKU30003,2025-04-23,1,9.49
STORE_006,SKU30003,2025-04-25,2,18.98
STORE_006,SKU30003,2025-04-27,1,9.49
STORE_006,SKU30003,2025-05-01,1,9.49
STORE_006,SKU30003,2025-05-04,1,9.49
STORE_006,SKU30003,2025-05-12,2,18.98
STORE_006,SKU30003,2025-05-13,1,9.49
STORE_006,SKU30003,2025-05-14,1,9.49
STORE_006,SKU30003,2025-05-15,1,9.49
STORE_006,SKU30003,2025-05-17,1,9.49
STORE_006,SKU30003,2025-05-20,2,18.98
STORE_006,SKU30003,2025-05-21,1,9.49
STORE_006,SKU30003,2025-06-05,1,9.49
STORE_006,SKU30003,2025-06-09,1,9.49
STORE_006,SKU30003,2025-06-14,4,37.96
STORE_006,SKU30004,2025-04-20,1,6.99
STORE_006,SKU30004,2025-04-21,2,13.98
STORE_006,SKU30004,2025-04-23,3,20.97
STORE_006,SKU30004,2025-04-24,2,13.98
STORE_006,SKU30004,2025-04-25,1,6.99
STORE_006,SKU30004,2025-04-27,1,6.99
STORE_006,SKU30004,2025-04-28,1,6.99
STORE_006,SKU30004,2025-04-29,4,27.96
STORE_006,SKU30004,2025-05-01,1,6.99
STORE_006,SKU30004,2025-05-02,3,20.97
STORE_006,SKU30004,2025-05-03,1,6.99
STORE_006,SKU30004,2025-05-04,1,6.99
STORE_006,SKU30004,2025-05-06,2,13.98
STORE_006,SKU30004,2025-05-09,2,13.98
STORE_006,SKU30004,2025-05-10,1,6.99
STORE_006,SKU30004,2025-05-11,2,13.98
STORE_006,SKU30004,2025-05-13,1,6.99
STORE_006,SKU30004,2025-05-16,1,6.99
STORE_006,SKU30004,2025-05-17,2,13.98
STORE_006,SKU30004,2025-05-19,1,6.99
STORE_006,SKU30004,2025-05-20,4,27.96
STORE_006,SKU30004,2025-05-23,2,13.98
STORE_006,SKU30004,2025-05-25,2,13.98
STORE_006,SKU30004,2025-05-26,1,6.99
STORE_006,SKU30004,2025-06-01,4,27.96
STORE_006,SKU30004,2025-06-02,2,13.98
STORE_006,SKU30004,2025-06-03,2,13.98
STORE_006,SKU30004,2025-06-04,2,13.98
STORE_006,SKU30004,2025-06-05,2,13.98
STORE_006,SKU30004,2025-06-07,1,6.99
STORE_006,SKU30004,2025-06-08,1,6.99
STORE_006,SKU30004,2025-06-09,2,13.98
STORE_006,SKU30004,2025-06-11,1,6.99
STORE_006,SKU30004,2025-06-13,2,13.98
STORE_006,SKU40000,2025-04-20,2,5.98
STORE_006,SKU40000,2025-04-21,4,11.96
STORE_006,SKU40000,2025-04-22,1,2.99
STORE_006,SKU40000,2025-04-23,1,2.99
STORE_006,SKU40000,2025-04-24,4,11.96
STORE_006,SKU40000,2025-04-25,3,8.97
STORE_006,SKU40000,2025-04-26,3,8.97
STORE_006,SKU40000,2025-05-01,1,2.99
STORE_006,SKU40000,2025-05-02,1,2.99
STORE_006,SKU40000,2025-05-03,3,8.97
STORE_006,SKU40000,2025-05-06,2,5.98
STORE_006,SKU40000,2025-05-07,1,2.99
STORE_006,SKU40000,2025-05-08,2,5.98
STORE_006,SKU40000,2025-05-09,2,5.98
STORE_006,SKU40000,2025-05-10,5,14.95
STORE_006,SKU40000,2025-05-13,1,2.99
STORE_006,SKU40000,2025-05-14,1,2.99
STORE_006,SKU40000,2025-05-15,1,2.99
STORE_006,SKU40000,2025-05-18,1,2.99
STORE_006,SKU40000,2025-05-19,2,5.98
STORE_006,SKU40000,2025-05-20,2,5.98
STORE_006,SKU40000,2025-05-23,3,8.97
STORE_006,SKU40000,2025-05-24,2,5.98
STORE_006,SKU40000,2025-05-26,1,2.99
STORE_006,SKU40000,2025-05-27,1,2.99
STORE_006,SKU40000,2025-05-29,4,11.96
STORE_006,SKU40000,2025-05-30,2,5.98
STORE_006,SKU40000,2025-05-31,2,5.98
STORE_006,SKU40000,2025-06-02,3,8.97
STORE_006,SKU40000,2025-06-03,1,2.99
STORE_006,SKU40000,2025-06-04,2,5.98
STORE_006,SKU40000,2025-06-05,3,8.97
STORE_006,SKU40000,2025-06-09,3,8.97
STORE_006,SKU40000,2025-06-10,1,2.99
STORE_006,SKU40000,2025-06-11,1,2.99
STORE_006,SKU40000,2025-06-13,2,5.98
STORE_006,SKU40000,2025-06-14,1,2.99
STORE_006,SKU40001,2025-04-21,6,35.94
STORE_006,SKU40001,2025-04-22,4,23.96
STORE_006,SKU40001,2025-04-24,5,29.95
STORE_006,SKU40001,2025-04-25,3,17.97
STORE_006,SKU40001,2025-04-26,1,5.99
STORE_006,SKU40001,2025-04-27,2,11.98
STORE_006,SKU40001,2025-04-29,5,29.95
STORE_006,SKU40001,2025-04-30,5,29.95
STORE_006,SKU40001,2025-05-01,6,35.94
STORE_006,SKU40001,2025-05-02,2,11.98
STORE_006,SKU40001,2025-05-03,2,11.98
STORE_006,SKU40001,2025-05-04,4,23.96
STORE_006,SKU40001,2025-05-05,5,29.95
STORE_006,SKU40001,2025-05-06,1,5.99
STORE_006,SKU40001,2025-05-07,1,5.99
STORE_006,SKU40001,2025-05-08,5,29.95
STORE_006,SKU40001,2025-05-10,4,23.96
STORE_006,SKU40001,2025-05-11,3,17.97
STORE_006,SKU40001,2025-05-13,4,23.96
STORE_006,SKU40001,2025-05-14,4,23.96
STORE_006,SKU40001,2025-05-15,2,11.98
STORE_006,SKU40001,2025-05-18,7,41.93
STORE_006,SKU40001,2025-05-19,4,23.96
STORE_006,SKU40001,2025-05-20,5,29.95
STORE_006,SKU40001,2025-05-21,4,23.96
STORE_006,SKU40001,2025-05-22,6,35.94
STORE_006,SKU40001,2025-05-23,5,29.95
STORE_006,SKU40001,2025-05-24,6,35.94
STORE_006,SKU40001,2025-05-25,1,5.99
STORE_006,SKU40001,2025-05-26,4,23.96
STORE_006,SKU40001,2025-05-29,7,41.93
STORE_006,SKU40001,2025-05-30,2,11.98
STORE_006,SKU40001,2025-05-31,5,29.95
STORE_006,SKU40001,2025-06-02,3,17.97
STORE_006,SKU40001,2025-06-03,3,17.97
STORE_006,SKU40001,2025-06-05,6,35.94
STORE_006,SKU40001,2025-06-07,4,23.96
STORE_006,SKU40001,2025-06-08,1,5.99
STORE_006,SKU40001,2025-06-09,1,5.99
STORE_006,SKU40001,2025-06-10,6,35.94
STORE_006,SKU40001,2025-06-11,7,41.93
STORE_006,SKU40001,2025-06-12,4,23.96
STORE_006,SKU40001,2025-06-13,4,23.96
STORE_006,SKU40002,2025-04-20,4,27.96
STORE_006,SKU40002,2025-04-21,3,20.97
STORE_006,SKU40002,2025-04-22,3,20.97
STORE_006,SKU40002,2025-04-23,2,13.98
STORE_006,SKU40002,2025-04-25,2,13.98
STORE_006,SKU40002,2025-04-26,2,13.98
STORE_006,SKU40002,2025-04-27,5,34.95
STORE_006,SKU40002,2025-04-28,4,27.96
STORE_006,SKU40002,2025-05-01,2,13.98
STORE_006,SKU40002,2025-05-02,1,6.99
STORE_006,SKU40002,2025-05-03,6,41.94
STORE_006,SKU40002,2025-05-04,5,34.95
STORE_006,SKU40002,2025-05-06,4,27.96
STORE_006,SKU40002,2025-05-07,3,20.97
STORE_006,SKU40002,2025-05-08,3,20.97
STORE_006,SKU40002,2025-05-09,8,55.92
STORE_006,SKU40002,2025-05-10,3,20.97
STORE_006,SKU40002,2025-05-11,5,34.95
STORE_006,SKU40002,2025-05-12,4,27.96
STORE_006,SKU40002,2025-05-13,3,20.97
STORE_006,SKU40002,2025-05-14,6,41.94
STORE_006,SKU40002,2025-05-15,3,20.97
STORE_006,SKU40002,2025-05-16,4,27.96
STORE_006,SKU40002,2025-05-17,1,6.99
STORE_006,SKU40002,2025-05-19,4,27.96
STORE_006,SKU40002,2025-05-20,2,13.98
STORE_006,SKU40002,2025-05-22,1,6.99
STORE_006,SKU40002,2025-05-23,3,20.97
STORE_006,SKU40002,2025-05-24,3,20.97
STORE_006,SKU40002,2025-05-25,5,34.95
STORE_006,SKU40002,2025-05-26,2,13.98
STORE_006,SKU40002,2025-05-27,3,20.97
STORE_006,SKU40002,2025-05-28,5,34.95
STORE_006,SKU40002,2025-05-29,2,13.98
STORE_006,SKU40002,2025-05-30,1,6.99
STORE_006,SKU40002,2025-05-31,4,27.96
STORE_006,SKU40002,2025-06-01,7,48.93
STORE_006,SKU40002,2025-06-02,4,27.96
STORE_006,SKU40002,2025-06-04,2,13.98
STORE_006,SKU40002,2025-06-05,1,6.99
STORE_006,SKU40002,2025-06-06,3,20.97
STORE_006,SKU40002,2025-06-07,3,20.97
STORE_006,SKU40002,2025-06-08,5,34.95
STORE_006,SKU40002,2025-06-09,5,34.95
STORE_006,SKU40002,2025-06-10,1,6.99
STORE_006,SKU40002,2025-06-12,5,34.95
STORE_006,SKU40002,2025-06-13,4,27.96
STORE_006,SKU40002,2025-06-14,5,34.95
STORE_006,SKU40003,2025-04-21,3,22.47
STORE_006,SKU40003,2025-04-22,4,29.96
STORE_006,SKU40003,2025-04-23,2,14.98
STORE_006,SKU40003,2025-04-25,2,14.98
STORE_006,SKU40003,2025-04-26,2,14.98
STORE_006,SKU40003,2025-04-27,3,22.47
STORE_006,SKU40003,2025-04-28,5,37.45
STORE_006,SKU40003,2025-04-29,3,22.47
STORE_006,SKU40003,2025-04-30,5,37.45
STORE_006,SKU40003,2025-05-02,4,29.96
STORE_006,SKU40003,2025-05-03,4,29.96
STORE_006,SKU40003,2025-05-04,2,14.98
STORE_006,SKU40003,2025-05-06,2,14.98
STORE_006,SKU40003,2025-05-07,1,7.49
STORE_006,SKU40003,2025-05-09,1,7.49
STORE_006,SKU40003,2025-05-10,3,22.47
STORE_006,SKU40003,2025-05-11,3,22.47
STORE_006,SKU40003,2025-05-12,2,14.98
STORE_006,SKU40003,2025-05-15,5,37.45
STORE_006,SKU40003,2025-05-20,2,14.98
STORE_006,SKU40003,2025-05-21,4,29.96
STORE_006,SKU40003,2025-05-22,1,7.49
STORE_006,SKU40003,2025-05-23,1,7.49
STORE_006,SKU40003,2025-05-25,3,22.47
STORE_006,SKU40003,2025-05-27,6,44.94
STORE_006,SKU40003,2025-05-28,2,14.98
STORE_006,SKU40003,2025-05-30,2,14.98
STORE_006,SKU40003,2025-06-01,4,29.96
STORE_006,SKU40003,2025-06-02,4,29.96
STORE_006,SKU40003,2025-06-03,3,22.47
STORE_006,SKU40003,2025-06-04,1,7.49
STORE_006,SKU40003,2025-06-06,2,14.98
STORE_006,SKU40003,2025-06-11,1,7.49
STORE_006,SKU40003,2025-06-12,4,29.96
STORE_006,SKU40003,2025-06-13,2,14.98
STORE_007,SKU10000,2025-04-20,12,23.88
STORE_007,SKU10000,2025-04-21,7,13.93
STORE_007,SKU10000,2025-04-22,12,23.88
STORE_007,SKU10000,2025-04-23,16,31.84
STORE_007,SKU10000,2025-04-24,20,39.8
STORE_007,SKU10000,2025-04-25,9,17.91
STORE_007,SKU10000,2025-04-26,16,31.84
STORE_007,SKU10000,2025-04-27,21,41.79
STORE_007,SKU10000,2025-04-28,19,37.81
STORE_007,SKU10000,2025-04-29,16,31.84
STORE_007,SKU10000,2025-04-30,15,29.85
STORE_007,SKU10000,2025-05-01,14,27.86
STORE_007,SKU10000,2025-05-02,17,33.83
STORE_007,SKU10000,2025-05-03,12,23.88
STORE_007,SKU10000,2025-05-04,16,31.84
STORE_007,SKU10000,2025-05-05,12,23.88
STORE_007,SKU10000,2025-05-06,11,21.89
STORE_007,SKU10000,2025-05-07,9,17.91
STORE_007,SKU10000,2025-05-08,3,5.97
STORE_007,SKU10000,2025-05-09,20,39.8
STORE_007,SKU10000,2025-05-10,12,23.88
STORE_007,SKU10000,2025-05-11,15,29.85
STORE_007,SKU10000,2025-05-12,14,27.86
STORE_007,SKU10000,2025-05-13,8,15.92
STORE_007,SKU10000,2025-05-14,15,29.85
STORE_007,SKU10000,2025-05-16,18,35.82
STORE_007,SKU10000,2025-05-17,15,29.85
STORE_007,SKU10000,2025-05-18,17,33.83
STORE_007,SKU10000,2025-05-19,10,19.9
STORE_007,SKU10000,2025-05-20,17,33.83
STORE_007,SKU10000,2025-05-21,12,23.88
STORE_007,SKU10000,2025-05-22,12,23.88
STORE_007,SKU10000,2025-05-23,18,35.82
STORE_007,SKU10000,2025-05-24,12,23.88
STORE_007,SKU10000,2025-05-25,16,31.84
STORE_007,SKU10000,2025-05-26,13,25.87
STORE_007,SKU10000,2025-05-27,11,21.89
STORE_007,SKU10000,2025-05-28,15,29.85
STORE_007,SKU10000,2025-05-29,9,17.91
STORE_007,SKU10000,2025-05-30,10,19.9
STORE_007,SKU10000,2025-05-31,15,29.85
STORE_007,SKU10000,2025-06-01,21,41.79
STORE_007,SKU10000,2025-06-02,18,35.82
STORE_007,SKU10000,2025-06-03,14,27.86
STORE_007,SKU10000,2025-06-04,12,23.88
STORE_007,SKU10000,2025-06-05,6,11.94
STORE_007,SKU10000,2025-06-06,16,31.84
STORE_007,SKU10000,2025-06-07,19,37.81
STORE_007,SKU10000,2025-06-08,21,41.79
STORE_007,SKU10000,2025-06-09,14,27.86
STORE_007,SKU10000,2025-06-10,12,23.88
STORE_007,SKU10000,2025-06-11,16,31.84
STORE_007,SKU10000,2025-06-12,13,25.87
STORE_007,SKU10000,2025-06-13,12,23.88
STORE_007,SKU10000,2025-06-14,9,17.91
STORE_007,SKU10001,2025-04-20,10,49.9
STORE_007,SKU10001,2025-04-21,7,34.93
STORE_007,SKU10001,2025-04-22,10,49.9
STORE_007,SKU10001,2025-04-23,6,29.94
STORE_007,SKU10001,2025-04-24,5,24.95
STORE_007,SKU10001,2025-04-25,9,44.91
STORE_007,SKU10001,2025-04-26,11,54.89
STORE_007,SKU10001,2025-04-27,8,39.92
STORE_007,SKU10001,2025-04-28,9,44.91
STORE_007,SKU10001,2025-04-29,6,29.94
STORE_007,SKU10001,2025-04-30,7,34.93
STORE_007,SKU10001,2025-05-01,8,39.92
STORE_007,SKU10001,2025-05-02,6,29.94
STORE_007,SKU10001,2025-05-03,9,44.91
STORE_007,SKU10001,2025-05-04,8,39.92
STORE_007,SKU10001,2025-05-05,5,24.95
STORE_007,SKU10001,2025-05-06,8,39.92
STORE_007,SKU10001,2025-05-07,5,24.95
STORE_007,SKU10001,2025-05-08,9,44.91
STORE_007,SKU10001,2025-05-09,10,49.9
STORE_007,SKU10001,2025-05-10,8,39.92
STORE_007,SKU10001,2025-05-11,12,59.88
STORE_007,SKU10001,2025-05-12,10,49.9
STORE_007,SKU10001,2025-05-13,8,39.92
STORE_007,SKU10001,2025-05-14,7,34.93
STORE_007,SKU10001,2025-05-15,9,44.91
STORE_007,SKU10001,2025-05-16,11,54.89
STORE_007,SKU10001,2025-05-17,9,44.91
STORE_007,SKU10001,2025-05-19,11,54.89
STORE_007,SKU10001,2025-05-20,9,44.91
STORE_007,SKU10001,2025-05-21,4,19.96
STORE_007,SKU10001,2025-05-23,8,39.92
STORE_007,SKU10001,2025-05-24,7,34.93
STORE_007,SKU10001,2025-05-25,8,39.92
STORE_007,SKU10001,2025-05-27,5,24.95
STORE_007,SKU10001,2025-05-28,9,44.91
STORE_007,SKU10001,2025-05-29,8,39.92
STORE_007,SKU10001,2025-05-30,4,19.96
STORE_007,SKU10001,2025-05-31,11,54.89
STORE_007,SKU10001,2025-06-01,5,24.95
STORE_007,SKU10001,2025-06-02,5,24.95
STORE_007,SKU10001,2025-06-03,2,9.98
STORE_007,SKU10001,2025-06-04,5,24.95
STORE_007,SKU10001,2025-06-05,6,29.94
STORE_007,SKU10001,2025-06-07,9,44.91
STORE_007,SKU10001,2025-06-08,5,24.95
STORE_007,SKU10001,2025-06-09,3,14.97
STORE_007,SKU10001,2025-06-10,6,29.94
STORE_007,SKU10001,2025-06-11,7,34.93
STORE_007,SKU10001,2025-06-12,12,59.88
STORE_007,SKU10001,2025-06-13,3,14.97
STORE_007,SKU10001,2025-06-14,6,29.94
STORE_007,SKU10002,2025-04-20,8,19.92
STORE_007,SKU10002,2025-04-21,7,17.43
STORE_007,SKU10002,2025-04-22,6,14.94
STORE_007,SKU10002,2025-04-23,1,2.49
STORE_007,SKU10002,2025-04-24,6,14.94
STORE_007,SKU10002,2025-04-25,6,14.94
STORE_007,SKU10002,2025-04-26,7,17.43
STORE_007,SKU10002,2025-04-27,6,14.94
STORE_007,SKU10002,2025-04-29,5,12.45
STORE_007,SKU10002,2025-04-30,6,14.94
STORE_007,SKU10002,2025-05-01,3,7.47
STORE_007,SKU10002,2025-05-02,7,17.43
STORE_007,SKU10002,2025-05-03,5,12.45
STORE_007,SKU10002,2025-05-04,7,17.43
STORE_007,SKU10002,2025-05-05,4,9.96
STORE_007,SKU10002,2025-05-06,5,12.45
STORE_007,SKU10002,2025-05-07,6,14.94
STORE_007,SKU10002,2025-05-08,9,22.41
STORE_007,SKU10002,2025-05-09,7,17.43
STORE_007,SKU10002,2025-05-10,3,7.47
STORE_007,SKU10002,2025-05-11,10,24.9
STORE_007,SKU10002,2025-05-12,8,19.92
STORE_007,SKU10002,2025-05-14,3,7.47
STORE_007,SKU10002,2025-05-15,6,14.94
STORE_007,SKU10002,2025-05-16,5,12.45
STORE_007,SKU10002,2025-05-17,5,12.45
STORE_007,SKU10002,2025-05-18,7,17.43
STORE_007,SKU10002,2025-05-19,5,12.45
STORE_007,SKU10002,2025-05-20,5,12.45
STORE_007,SKU10002,2025-05-21,4,9.96
STORE_007,SKU10002,2025-05-22,6,14.94
STORE_007,SKU10002,2025-05-24,9,22.41
STORE_007,SKU10002,2025-05-25,5,12.45
STORE_007,SKU10002,2025-05-26,6,14.94
STORE_007,SKU10002,2025-05-27,7,17.43
STORE_007,SKU10002,2025-05-28,4,9.96
STORE_007,SKU10002,2025-05-29,5,12.45
STORE_007,SKU10002,2025-05-30,7,17.43
STORE_007,SKU10002,2025-05-31,4,9.96
STORE_007,SKU10002,2025-06-01,4,9.96
STORE_007,SKU10002,2025-06-02,4,9.96
STORE_007,SKU10002,2025-06-03,7,17.43
STORE_007,SKU10002,2025-06-04,3,7.47
STORE_007,SKU10002,2025-06-05,4,9.96
STORE_007,SKU10002,2025-06-06,5,12.45
STORE_007,SKU10002,2025-06-07,6,14.94
STORE_007,SKU10002,2025-06-08,6,14.94
STORE_007,SKU10002,2025-06-09,5,12.45
STORE_007,SKU10002,2025-06-12,2,4.98
STORE_007,SKU10002,2025-06-14,5,12.45
STORE_007,SKU10003,2025-04-20,13,42.77
STORE_007,SKU10003,2025-04-21,12,39.48
STORE_007,SKU10003,2025-04-22,7,23.03
STORE_007,SKU10003,2025-04-23,13,42.77
STORE_007,SKU10003,2025-04-24,13,42.77
STORE_007,SKU10003,2025-04-25,11,36.19
STORE_007,SKU10003,2025-04-26,6,19.74
STORE_007,SKU10003,2025-04-27,9,29.61
STORE_007,SKU10003,2025-04-28,9,29.61
STORE_007,SKU10003,2025-04-29,3,9.87
STORE_007,SKU10003,2025-04-30,11,36.19
STORE_007,SKU10003,2025-05-01,12,39.48
STORE_007,SKU10003,2025-05-02,10,32.9
STORE_007,SKU10003,2025-05-03,10,32.9
STORE_007,SKU10003,2025-05-04,10,32.9
STORE_007,SKU10003,2025-05-06,10,32.9
STORE_007,SKU10003,2025-05-07,10,32.9
STORE_007,SKU10003,2025-05-08,8,26.32
STORE_007,SKU10003,2025-05-09,8,26.32
STORE_007,SKU10003,2025-05-10,12,39.48
STORE_007,SKU10003,2025-05-11,10,32.9
STORE_007,SKU10003,2025-05-12,7,23.03
STORE_007,SKU10003,2025-05-13,10,32.9
STORE_007,SKU10003,2025-05-14,10,32.9
STORE_007,SKU10003,2025-05-15,6,19.74
STORE_007,SKU10003,2025-05-16,13,42.77
STORE_007,SKU10003,2025-05-17,7,23.03
STORE_007,SKU10003,2025-05-18,9,29.61
STORE_007,SKU10003,2025-05-19,6,19.74
STORE_007,SKU10003,2025-05-20,5,16.45
STORE_007,SKU10003,2025-05-21,9,29.61
STORE_007,SKU10003,2025-05-22,7,23.03
STORE_007,SKU10003,2025-05-23,12,39.48
STORE_007,SKU10003,2025-05-24,8,26.32
STORE_007,SKU10003,2025-05-25,9,29.61
STORE_007,SKU10003,2025-05-26,11,36.19
STORE_007,SKU10003,2025-05-27,6,19.74
STORE_007,SKU10003,2025-05-28,8,26.32
STORE_007,SKU10003,2025-05-29,13,42.77
STORE_007,SKU10003,2025-05-30,2,6.58
STORE_007,SKU10003,2025-05-31,2,6.58
STORE_007,SKU10003,2025-06-01,7,23.03
STORE_007,SKU10003,2025-06-02,13,42.77
STORE_007,SKU10003,2025-06-03,13,42.77
STORE_007,SKU10003,2025-06-04,10,32.9
STORE_007,SKU10003,2025-06-05,10,32.9
STORE_007,SKU10003,2025-06-06,5,16.45
STORE_007,SKU10003,2025-06-07,11,36.19
STORE_007,SKU10003,2025-06-08,8,26.32
STORE_007,SKU10003,2025-06-09,12,39.48
STORE_007,SKU10003,2025-06-10,12,39.48
STORE_007,SKU10003,2025-06-11,7,23.03
STORE_007,SKU10003,2025-06-12,10,32.9
STORE_007,SKU10003,2025-06-14,11,36.19
STORE_007,SKU10004,2025-04-20,9,35.91
STORE_007,SKU10004,2025-04-21,6,23.94
STORE_007,SKU10004,2025-04-22,4,15.96
STORE_007,SKU10004,2025-04-23,3,11.97
STORE_007,SKU10004,2025-04-24,5,19.95
STORE_007,SKU10004,2025-04-25,8,31.92
STORE_007,SKU10004,2025-04-26,7,27.93
STORE_007,SKU10004,2025-04-27,8,31.92
STORE_007,SKU10004,2025-04-28,5,19.95
STORE_007,SKU10004,2025-04-29,2,7.98
STORE_007,SKU10004,2025-04-30,5,19.95
STORE_007,SKU10004,2025-05-01,4,15.96
STORE_007,SKU10004,2025-05-02,7,27.93
STORE_007,SKU10004,2025-05-03,6,23.94
STORE_007,SKU10004,2025-05-04,5,19.95
STORE_007,SKU10004,2025-05-05,3,11.97
STORE_007,SKU10004,2025-05-06,6,23.94
STORE_007,SKU10004,2025-05-07,7,27.93
STORE_007,SKU10004,2025-05-08,4,15.96
STORE_007,SKU10004,2025-05-09,4,15.96
STORE_007,SKU10004,2025-05-10,5,19.95
STORE_007,SKU10004,2025-05-12,5,19.95
STORE_007,SKU10004,2025-05-13,5,19.95
STORE_007,SKU10004,2025-05-14,7,27.93
STORE_007,SKU10004,2025-05-15,3,11.97
STORE_007,SKU10004,2025-05-16,7,27.93
STORE_007,SKU10004,2025-05-18,9,35.91
STORE_007,SKU10004,2025-05-19,8,31.92
STORE_007,SKU10004,2025-05-21,4,15.96
STORE_007,SKU10004,2025-05-22,5,19.95
STORE_007,SKU10004,2025-05-23,2,7.98
STORE_007,SKU10004,2025-05-24,11,43.89
STORE_007,SKU10004,2025-05-25,6,23.94
STORE_007,SKU10004,2025-05-26,5,19.95
STORE_007,SKU10004,2025-05-27,10,39.9
STORE_007,SKU10004,2025-05-28,3,11.97
STORE_007,SKU10004,2025-05-29,6,23.94
STORE_007,SKU10004,2025-05-30,8,31.92
STORE_007,SKU10004,2025-05-31,11,43.89
STORE_007,SKU10004,2025-06-01,4,15.96
STORE_007,SKU10004,2025-06-02,10,39.9
STORE_007,SKU10004,2025-06-03,6,23.94
STORE_007,SKU10004,2025-06-04,6,23.94
STORE_007,SKU10004,2025-06-05,4,15.96
STORE_007,SKU10004,2025-06-06,6,23.94
STORE_007,SKU10004,2025-06-07,11,43.89
STORE_007,SKU10004,2025-06-08,7,27.93
STORE_007,SKU10004,2025-06-09,4,15.96
STORE_007,SKU10004,2025-06-11,10,39.9
STORE_007,SKU10004,2025-06-12,6,23.94
STORE_007,SKU10004,2025-06-13,10,39.9
STORE_007,SKU10004,2025-06-14,5,19.95
STORE_007,SKU10005,2025-04-20,6,26.94
STORE_007,SKU10005,2025-04-21,4,17.96
STORE_007,SKU10005,2025-04-22,4,17.96
STORE_007,SKU10005,2025-04-23,4,17.96
STORE_007,SKU10005,2025-04-24,5,22.45
STORE_007,SKU10005,2025-04-25,6,26.94
STORE_007,SKU10005,2025-04-26,5,22.45
STORE_007,SKU10005,2025-04-27,7,31.43
STORE_007,SKU10005,2025-04-28,1,4.49
STORE_007,SKU10005,2025-04-29,6,26.94
STORE_007,SKU10005,2025-05-01,5,22.45
STORE_007,SKU10005,2025-05-02,4,17.96
STORE_007,SKU10005,2025-05-03,3,13.47
STORE_007,SKU10005,2025-05-04,6,26.94
STORE_007,SKU10005,2025-05-06,2,8.98
STORE_007,SKU10005,2025-05-08,6,26.94
STORE_007,SKU10005,2025-05-09,3,13.47
STORE_007,SKU10005,2025-05-10,4,17.96
STORE_007,SKU10005,2025-05-11,4,17.96
STORE_007,SKU10005,2025-05-12,5,22.45
STORE_007,SKU10005,2025-05-13,6,26.94
STORE_007,SKU10005,2025-05-14,7,31.43
STORE_007,SKU10005,2025-05-15,6,26.94
STORE_007,SKU10005,2025-05-18,5,22.45
STORE_007,SKU10005,2025-05-19,3,13.47
STORE_007,SKU10005,2025-05-20,3,13.47
STORE_007,SKU10005,2025-05-21,3,13.47
STORE_007,SKU10005,2025-05-22,2,8.98
STORE_007,SKU10005,2025-05-23,6,26.94
STORE_007,SKU10005,2025-05-24,6,26.94
STORE_007,SKU10005,2025-05-25,7,31.43
STORE_007,SKU10005,2025-05-26,4,17.96
STORE_007,SKU10005,2025-05-27,3,13.47
STORE_007,SKU10005,2025-05-28,4,17.96
STORE_007,SKU10005,2025-05-30,5,22.45
STORE_007,SKU10005,2025-05-31,5,22.45
STORE_007,SKU10005,2025-06-01,4,17.96
STORE_007,SKU10005,2025-06-02,3,13.47
STORE_007,SKU10005,2025-06-03,7,31.43
STORE_007,SKU10005,2025-06-04,6,26.94
STORE_007,SKU10005,2025-06-05,5,22.45
STORE_007,SKU10005,2025-06-06,7,31.43
STORE_007,SKU10005,2025-06-07,4,17.96
STORE_007,SKU10005,2025-06-08,1,4.49
STORE_007,SKU10005,2025-06-09,6,26.94
STORE_007,SKU10005,2025-06-10,3,13.47
STORE_007,SKU10005,2025-06-11,3,13.47
STORE_007,SKU10005,2025-06-13,3,13.47
STORE_007,SKU10005,2025-06-14,4,17.96
STORE_007,SKU10006,2025-04-20,5,29.95
STORE_007,SKU10006,2025-04-21,4,23.96
STORE_007,SKU10006,2025-04-22,3,17.97
STORE_007,SKU10006,2025-04-23,2,11.98
STORE_007,SKU10006,2025-04-24,6,35.94
STORE_007,SKU10006,2025-04-26,5,29.95
STORE_007,SKU10006,2025-04-27,3,17.97
STORE_007,SKU10006,2025-04-28,2,11.98
STORE_007,SKU10006,2025-04-29,2,11.98
STORE_007,SKU10006,2025-04-30,4,23.96
STORE_007,SKU10006,2025-05-01,5,29.95
STORE_007,SKU10006,2025-05-02,4,23.96
STORE_007,SKU10006,2025-05-03,3,17.97
STORE_007,SKU10006,2025-05-04,6,35.94
STORE_007,SKU10006,2025-05-05,3,17.97
STORE_007,SKU10006,2025-05-06,2,11.98
STORE_007,SKU10006,2025-05-07,4,23.96
STORE_007,SKU10006,2025-05-08,5,29.95
STORE_007,SKU10006,2025-05-09,3,17.97
STORE_007,SKU10006,2025-05-10,4,23.96
STORE_007,SKU10006,2025-05-11,2,11.98
STORE_007,SKU10006,2025-05-12,2,11.98
STORE_007,SKU10006,2025-05-13,1,5.99
STORE_007,SKU10006,2025-05-14,2,11.98
STORE_007,SKU10006,2025-05-15,2,11.98
STORE_007,SKU10006,2025-05-16,4,23.96
STORE_007,SKU10006,2025-05-17,5,29.95
STORE_007,SKU10006,2025-05-18,3,17.97
STORE_007,SKU10006,2025-05-19,1,5.99
STORE_007,SKU10006,2025-05-20,3,17.97
STORE_007,SKU10006,2025-05-21,5,29.95
STORE_007,SKU10006,2025-05-22,4,23.96
STORE_007,SKU10006,2025-05-23,2,11.98
STORE_007,SKU10006,2025-05-24,5,29.95
STORE_007,SKU10006,2025-05-26,1,5.99
STORE_007,SKU10006,2025-05-27,1,5.99
STORE_007,SKU10006,2025-05-28,2,11.98
STORE_007,SKU10006,2025-05-29,2,11.98
STORE_007,SKU10006,2025-05-30,2,11.98
STORE_007,SKU10006,2025-05-31,5,29.95
STORE_007,SKU10006,2025-06-01,5,29.95
STORE_007,SKU10006,2025-06-02,3,17.97
STORE_007,SKU10006,2025-06-03,7,41.93
STORE_007,SKU10006,2025-06-04,2,11.98
STORE_007,SKU10006,2025-06-05,2,11.98
STORE_007,SKU10006,2025-06-06,6,35.94
STORE_007,SKU10006,2025-06-07,6,35.94
STORE_007,SKU10006,2025-06-08,3,17.97
STORE_007,SKU10006,2025-06-09,5,29.95
STORE_007,SKU10006,2025-06-10,4,23.96
STORE_007,SKU10006,2025-06-11,3,17.97
STORE_007,SKU10006,2025-06-12,2,11.98
STORE_007,SKU10006,2025-06-13,3,17.97
STORE_007,SKU10006,2025-06-14,3,17.97
STORE_007,SKU10007,2025-04-20,9,38.61
STORE_007,SKU10007,2025-04-21,6,25.74
STORE_007,SKU10007,2025-04-22,5,21.45
STORE_007,SKU10007,2025-04-23,11,47.19
STORE_007,SKU10007,2025-04-24,8,34.32
STORE_007,SKU10007,2025-04-25,9,38.61
STORE_007,SKU10007,2025-04-26,8,34.32
STORE_007,SKU10007,2025-04-27,9,38.61
STORE_007,SKU10007,2025-04-28,6,25.74
STORE_007,SKU10007,2025-04-29,12,51.48
STORE_007,SKU10007,2025-04-30,3,12.87
STORE_007,SKU10007,2025-05-01,10,42.9
STORE_007,SKU10007,2025-05-02,7,30.03
STORE_007,SKU10007,2025-05-03,7,30.03
STORE_007,SKU10007,2025-05-04,6,25.74
STORE_007,SKU10007,2025-05-05,8,34.32
STORE_007,SKU10007,2025-05-06,10,42.9
STORE_007,SKU10007,2025-05-08,6,25.74
STORE_007,SKU10007,2025-05-09,8,34.32
STORE_007,SKU10007,2025-05-10,13,55.77
STORE_007,SKU10007,2025-05-11,11,47.19
STORE_007,SKU10007,2025-05-12,6,25.74
STORE_007,SKU10007,2025-05-13,12,51.48
STORE_007,SKU10007,2025-05-14,12,51.48
STORE_007,SKU10007,2025-05-15,10,42.9
STORE_007,SKU10007,2025-05-16,10,42.9
STORE_007,SKU10007,2025-05-17,13,55.77
STORE_007,SKU10007,2025-05-18,11,47.19
STORE_007,SKU10007,2025-05-19,7,30.03
STORE_007,SKU10007,2025-05-20,6,25.74
STORE_007,SKU10007,2025-05-21,4,17.16
STORE_007,SKU10007,2025-05-22,10,42.9
STORE_007,SKU10007,2025-05-23,8,34.32
STORE_007,SKU10007,2025-05-24,7,30.03
STORE_007,SKU10007,2025-05-25,3,12.87
STORE_007,SKU10007,2025-05-26,4,17.16
STORE_007,SKU10007,2025-05-27,10,42.9
STORE_007,SKU10007,2025-05-28,6,25.74
STORE_007,SKU10007,2025-05-29,6,25.74
STORE_007,SKU10007,2025-05-30,6,25.74
STORE_007,SKU10007,2025-05-31,10,42.9
STORE_007,SKU10007,2025-06-01,10,42.9
STORE_007,SKU10007,2025-06-02,9,38.61
STORE_007,SKU10007,2025-06-03,6,25.74
STORE_007,SKU10007,2025-06-04,9,38.61
STORE_007,SKU10007,2025-06-05,11,47.19
STORE_007,SKU10007,2025-06-06,1,4.29
STORE_007,SKU10007,2025-06-07,8,34.32
STORE_007,SKU10007,2025-06-08,8,34.32
STORE_007,SKU10007,2025-06-09,7,30.03
STORE_007,SKU10007,2025-06-10,6,25.74
STORE_007,SKU10007,2025-06-11,8,34.32
STORE_007,SKU10007,2025-06-12,6,25.74
STORE_007,SKU10007,2025-06-13,5,21.45
STORE_007,SKU10007,2025-06-14,10,42.9
STORE_007,SKU10008,2025-04-20,15,44.85
STORE_007,SKU10008,2025-04-21,10,29.9
STORE_007,SKU10008,2025-04-22,12,35.88
STORE_007,SKU10008,2025-04-23,12,35.88
STORE_007,SKU10008,2025-04-24,14,41.86
STORE_007,SKU10008,2025-04-25,12,35.88
STORE_007,SKU10008,2025-04-26,12,35.88
STORE_007,SKU10008,2025-04-27,11,32.89
STORE_007,SKU10008,2025-04-28,8,23.92
STORE_007,SKU10008,2025-04-29,10,29.9
STORE_007,SKU10008,2025-04-30,12,35.88
STORE_007,SKU10008,2025-05-01,14,41.86
STORE_007,SKU10008,2025-05-02,8,23.92
STORE_007,SKU10008,2025-05-03,10,29.9
STORE_007,SKU10008,2025-05-04,15,44.85
STORE_007,SKU10008,2025-05-05,14,41.86
STORE_007,SKU10008,2025-05-06,5,14.95
STORE_007,SKU10008,2025-05-07,10,29.9
STORE_007,SKU10008,2025-05-08,12,35.88
STORE_007,SKU10008,2025-05-09,11,32.89
STORE_007,SKU10008,2025-05-10,7,20.93
STORE_007,SKU10008,2025-05-11,11,32.89
STORE_007,SKU10008,2025-05-12,9,26.91
STORE_007,SKU10008,2025-05-13,6,17.94
STORE_007,SKU10008,2025-05-14,12,35.88
STORE_007,SKU10008,2025-05-15,13,38.87
STORE_007,SKU10008,2025-05-16,10,29.9
STORE_007,SKU10008,2025-05-17,11,32.89
STORE_007,SKU10008,2025-05-18,12,35.88
STORE_007,SKU10008,2025-05-19,12,35.88
STORE_007,SKU10008,2025-05-20,4,11.96
STORE_007,SKU10008,2025-05-21,14,41.86
STORE_007,SKU10008,2025-05-22,8,23.92
STORE_007,SKU10008,2025-05-23,11,32.89
STORE_007,SKU10008,2025-05-24,12,35.88
STORE_007,SKU10008,2025-05-25,10,29.9
STORE_007,SKU10008,2025-05-26,15,44.85
STORE_007,SKU10008,2025-05-27,12,35.88
STORE_007,SKU10008,2025-05-28,13,38.87
STORE_007,SKU10008,2025-05-29,7,20.93
STORE_007,SKU10008,2025-05-31,12,35.88
STORE_007,SKU10008,2025-06-01,13,38.87
STORE_007,SKU10008,2025-06-02,15,44.85
STORE_007,SKU10008,2025-06-03,10,29.9
STORE_007,SKU10008,2025-06-04,7,20.93
STORE_007,SKU10008,2025-06-05,8,23.92
STORE_007,SKU10008,2025-06-06,7,20.93
STORE_007,SKU10008,2025-06-07,7,20.93
STORE_007,SKU10008,2025-06-08,15,44.85
STORE_007,SKU10008,2025-06-09,10,29.9
STORE_007,SKU10008,2025-06-10,10,29.9
STORE_007,SKU10008,2025-06-11,3,8.97
STORE_007,SKU10008,2025-06-12,9,26.91
STORE_007,SKU10008,2025-06-13,12,35.88
STORE_007,SKU10008,2025-06-14,16,47.84
STORE_007,SKU10009,2025-04-21,5,17.45
STORE_007,SKU10009,2025-04-22,4,13.96
STORE_007,SKU10009,2025-04-23,10,34.9
STORE_007,SKU10009,2025-04-24,4,13.96
STORE_007,SKU10009,2025-04-25,11,38.39
STORE_007,SKU10009,2025-04-26,8,27.92
STORE_007,SKU10009,2025-04-27,9,31.41
STORE_007,SKU10009,2025-04-28,8,27.92
STORE_007,SKU10009,2025-04-29,9,31.41
STORE_007,SKU10009,2025-04-30,9,31.41
STORE_007,SKU10009,2025-05-01,8,27.92
STORE_007,SKU10009,2025-05-02,8,27.92
STORE_007,SKU10009,2025-05-03,8,27.92
STORE_007,SKU10009,2025-05-04,8,27.92
STORE_007,SKU10009,2025-05-05,6,20.94
STORE_007,SKU10009,2025-05-07,8,27.92
STORE_007,SKU10009,2025-05-08,6,20.94
STORE_007,SKU10009,2025-05-09,11,38.39
STORE_007,SKU10009,2025-05-10,11,38.39
STORE_007,SKU10009,2025-05-11,10,34.9
STORE_007,SKU10009,2025-05-12,8,27.92
STORE_007,SKU10009,2025-05-13,6,20.94
STORE_007,SKU10009,2025-05-14,6,20.94
STORE_007,SKU10009,2025-05-15,6,20.94
STORE_007,SKU10009,2025-05-16,5,17.45
STORE_007,SKU10009,2025-05-17,8,27.92
STORE_007,SKU10009,2025-05-18,11,38.39
STORE_007,SKU10009,2025-05-19,7,24.43
STORE_007,SKU10009,2025-05-20,5,17.45
STORE_007,SKU10009,2025-05-21,7,24.43
STORE_007,SKU10009,2025-05-22,7,24.43
STORE_007,SKU10009,2025-05-23,6,20.94
STORE_007,SKU10009,2025-05-24,8,27.92
STORE_007,SKU10009,2025-05-25,15,52.35
STORE_007,SKU10009,2025-05-26,4,13.96
STORE_007,SKU10009,2025-05-27,3,10.47
STORE_007,SKU10009,2025-05-28,7,24.43
STORE_007,SKU10009,2025-05-29,8,27.92
STORE_007,SKU10009,2025-05-30,7,24.43
STORE_007,SKU10009,2025-05-31,6,20.94
STORE_007,SKU10009,2025-06-01,12,41.88
STORE_007,SKU10009,2025-06-02,7,24.43
STORE_007,SKU10009,2025-06-03,7,24.43
STORE_007,SKU10009,2025-06-04,9,31.41
STORE_007,SKU10009,2025-06-05,7,24.43
STORE_007,SKU10009,2025-06-06,6,20.94
STORE_007,SKU10009,2025-06-07,12,41.88
STORE_007,SKU10009,2025-06-08,4,13.96
STORE_007,SKU10009,2025-06-09,8,27.92
STORE_007,SKU10009,2025-06-10,8,27.92
STORE_007,SKU10009,2025-06-11,6,20.94
STORE_007,SKU10009,2025-06-12,7,24.43
STORE_007,SKU10009,2025-06-13,10,34.9
STORE_007,SKU10009,2025-06-14,6,20.94
STORE_007,SKU20000,2025-04-20,11,41.69
STORE_007,SKU20000,2025-04-21,8,30.32
STORE_007,SKU20000,2025-04-22,9,34.11
STORE_007,SKU20000,2025-04-23,9,34.11
STORE_007,SKU20000,2025-04-24,4,15.16
STORE_007,SKU20000,2025-04-25,6,22.74
STORE_007,SKU20000,2025-04-26,8,30.32
STORE_007,SKU20000,2025-04-27,7,26.53
STORE_007,SKU20000,2025-04-28,7,26.53
STORE_007,SKU20000,2025-04-29,8,30.32
STORE_007,SKU20000,2025-04-30,10,37.9
STORE_007,SKU20000,2025-05-01,6,22.74
STORE_007,SKU20000,2025-05-02,8,30.32
STORE_007,SKU20000,2025-05-03,10,37.9
STORE_007,SKU20000,2025-05-04,12,45.48
STORE_007,SKU20000,2025-05-05,11,41.69
STORE_007,SKU20000,2025-05-06,8,30.32
STORE_007,SKU20000,2025-05-07,6,22.74
STORE_007,SKU20000,2025-05-08,9,34.11
STORE_007,SKU20000,2025-05-09,6,22.74
STORE_007,SKU20000,2025-05-10,10,37.9
STORE_007,SKU20000,2025-05-11,8,30.32
STORE_007,SKU20000,2025-05-12,4,15.16
STORE_007,SKU20000,2025-05-13,9,34.11
STORE_007,SKU20000,2025-05-14,7,26.53
STORE_007,SKU20000,2025-05-15,11,41.69
STORE_007,SKU20000,2025-05-16,8,30.32
STORE_007,SKU20000,2025-05-17,6,22.74
STORE_007,SKU20000,2025-05-18,11,41.69
STORE_007,SKU20000,2025-05-19,8,30.32
STORE_007,SKU20000,2025-05-20,9,34.11
STORE_007,SKU20000,2025-05-21,10,37.9
STORE_007,SKU20000,2025-05-23,8,30.32
STORE_007,SKU20000,2025-05-24,9,34.11
STORE_007,SKU20000,2025-05-25,14,53.06
STORE_007,SKU20000,2025-05-26,6,22.74
STORE_007,SKU20000,2025-05-27,7,26.53
STORE_007,SKU20000,2025-05-28,7,26.53
STORE_007,SKU20000,2025-05-29,4,15.16
STORE_007,SKU20000,2025-05-30,13,49.27
STORE_007,SKU20000,2025-05-31,10,37.9
STORE_007,SKU20000,2025-06-01,11,41.69
STORE_007,SKU20000,2025-06-02,5,18.95
STORE_007,SKU20000,2025-06-03,9,34.11
STORE_007,SKU20000,2025-06-04,8,30.32
STORE_007,SKU20000,2025-06-05,5,18.95
STORE_007,SKU20000,2025-06-06,6,22.74
STORE_007,SKU20000,2025-06-07,8,30.32
STORE_007,SKU20000,2025-06-08,10,37.9
STORE_007,SKU20000,2025-06-09,8,30.32
STORE_007,SKU20000,2025-06-10,5,18.95
STORE_007,SKU20000,2025-06-11,7,26.53
STORE_007,SKU20000,2025-06-12,8,30.32
STORE_007,SKU20000,2025-06-13,9,34.11
STORE_007,SKU20000,2025-06-14,5,18.95
STORE_007,SKU20001,2025-04-20,9,34.11
STORE_007,SKU20001,2025-04-21,14,53.06
STORE_007,SKU20001,2025-04-22,17,64.43
STORE_007,SKU20001,2025-04-23,11,41.69
STORE_007,SKU20001,2025-04-24,10,37.9
STORE_007,SKU20001,2025-04-25,11,41.69
STORE_007,SKU20001,2025-04-26,14,53.06
STORE_007,SKU20001,2025-04-27,12,45.48
STORE_007,SKU20001,2025-04-28,15,56.85
STORE_007,SKU20001,2025-04-29,13,49.27
STORE_007,SKU20001,2025-04-30,12,45.48
STORE_007,SKU20001,2025-05-01,10,37.9
STORE_007,SKU20001,2025-05-02,8,30.32
STORE_007,SKU20001,2025-05-03,14,53.06
STORE_007,SKU20001,2025-05-04,15,56.85
STORE_007,SKU20001,2025-05-05,9,34.11
STORE_007,SKU20001,2025-05-06,15,56.85
STORE_007,SKU20001,2025-05-07,11,41.69
STORE_007,SKU20001,2025-05-08,13,49.27
STORE_007,SKU20001,2025-05-09,12,45.48
STORE_007,SKU20001,2025-05-10,10,37.9
STORE_007,SKU20001,2025-05-11,18,68.22
STORE_007,SKU20001,2025-05-12,11,41.69
STORE_007,SKU20001,2025-05-13,10,37.9
STORE_007,SKU20001,2025-05-14,12,45.48
STORE_007,SKU20001,2025-05-15,16,60.64
STORE_007,SKU20001,2025-05-16,8,30.32
STORE_007,SKU20001,2025-05-17,15,56.85
STORE_007,SKU20001,2025-05-18,12,45.48
STORE_007,SKU20001,2025-05-19,14,53.06
STORE_007,SKU20001,2025-05-20,13,49.27
STORE_007,SKU20001,2025-05-21,7,26.53
STORE_007,SKU20001,2025-05-22,10,37.9
STORE_007,SKU20001,2025-05-23,9,34.11
STORE_007,SKU20001,2025-05-24,16,60.64
STORE_007,SKU20001,2025-05-25,14,53.06
STORE_007,SKU20001,2025-05-26,14,53.06
STORE_007,SKU20001,2025-05-27,13,49.27
STORE_007,SKU20001,2025-05-28,9,34.11
STORE_007,SKU20001,2025-05-29,9,34.11
STORE_007,SKU20001,2025-05-30,12,45.48
STORE_007,SKU20001,2025-05-31,19,72.01
STORE_007,SKU20001,2025-06-01,12,45.48
STORE_007,SKU20001,2025-06-02,12,45.48
STORE_007,SKU20001,2025-06-03,13,49.27
STORE_007,SKU20001,2025-06-04,11,41.69
STORE_007,SKU20001,2025-06-05,18,68.22
STORE_007,SKU20001,2025-06-06,10,37.9
STORE_007,SKU20001,2025-06-07,9,34.11
STORE_007,SKU20001,2025-06-08,15,56.85
STORE_007,SKU20001,2025-06-09,9,34.11
STORE_007,SKU20001,2025-06-10,10,37.9
STORE_007,SKU20001,2025-06-11,12,45.48
STORE_007,SKU20001,2025-06-12,10,37.9
STORE_007,SKU20001,2025-06-13,11,41.69
STORE_007,SKU20001,2025-06-14,13,49.27
STORE_007,SKU20002,2025-04-20,10,59.9
STORE_007,SKU20002,2025-04-21,6,35.94
STORE_007,SKU20002,2025-04-22,5,29.95
STORE_007,SKU20002,2025-04-23,4,23.96
STORE_007,SKU20002,2025-04-24,4,23.96
STORE_007,SKU20002,2025-04-25,2,11.98
STORE_007,SKU20002,2025-04-26,9,53.91
STORE_007,SKU20002,2025-04-28,5,29.95
STORE_007,SKU20002,2025-04-29,3,17.97
STORE_007,SKU20002,2025-04-30,8,47.92
STORE_007,SKU20002,2025-05-02,7,41.93
STORE_007,SKU20002,2025-05-03,3,17.97
STORE_007,SKU20002,2025-05-04,6,35.94
STORE_007,SKU20002,2025-05-05,6,35.94
STORE_007,SKU20002,2025-05-06,6,35.94
STORE_007,SKU20002,2025-05-07,4,23.96
STORE_007,SKU20002,2025-05-08,2,11.98
STORE_007,SKU20002,2025-05-09,6,35.94
STORE_007,SKU20002,2025-05-10,5,29.95
STORE_007,SKU20002,2025-05-12,6,35.94
STORE_007,SKU20002,2025-05-13,2,11.98
STORE_007,SKU20002,2025-05-14,5,29.95
STORE_007,SKU20002,2025-05-15,6,35.94
STORE_007,SKU20002,2025-05-16,8,47.92
STORE_007,SKU20002,2025-05-17,7,41.93
STORE_007,SKU20002,2025-05-18,7,41.93
STORE_007,SKU20002,2025-05-19,2,11.98
STORE_007,SKU20002,2025-05-20,6,35.94
STORE_007,SKU20002,2025-05-21,8,47.92
STORE_007,SKU20002,2025-05-22,9,53.91
STORE_007,SKU20002,2025-05-23,4,23.96
STORE_007,SKU20002,2025-05-24,8,47.92
STORE_007,SKU20002,2025-05-25,5,29.95
STORE_007,SKU20002,2025-05-26,2,11.98
STORE_007,SKU20002,2025-05-27,3,17.97
STORE_007,SKU20002,2025-05-28,8,47.92
STORE_007,SKU20002,2025-05-29,4,23.96
STORE_007,SKU20002,2025-06-01,5,29.95
STORE_007,SKU20002,2025-06-03,4,23.96
STORE_007,SKU20002,2025-06-04,6,35.94
STORE_007,SKU20002,2025-06-05,4,23.96
STORE_007,SKU20002,2025-06-06,7,41.93
STORE_007,SKU20002,2025-06-07,6,35.94
STORE_007,SKU20002,2025-06-08,8,47.92
STORE_007,SKU20002,2025-06-09,4,23.96
STORE_007,SKU20002,2025-06-10,4,23.96
STORE_007,SKU20002,2025-06-11,5,29.95
STORE_007,SKU20002,2025-06-12,4,23.96
STORE_007,SKU20002,2025-06-13,5,29.95
STORE_007,SKU20002,2025-06-14,5,29.95
STORE_007,SKU20003,2025-04-21,4,19.96
STORE_007,SKU20003,2025-04-22,6,29.94
STORE_007,SKU20003,2025-04-23,2,9.98
STORE_007,SKU20003,2025-04-25,4,19.96
STORE_007,SKU20003,2025-04-26,3,14.97
STORE_007,SKU20003,2025-04-27,5,24.95
STORE_007,SKU20003,2025-04-28,3,14.97
STORE_007,SKU20003,2025-04-29,1,4.99
STORE_007,SKU20003,2025-04-30,3,14.97
STORE_007,SKU20003,2025-05-01,5,24.95
STORE_007,SKU20003,2025-05-02,3,14.97
STORE_007,SKU20003,2025-05-03,3,14.97
STORE_007,SKU20003,2025-05-04,2,9.98
STORE_007,SKU20003,2025-05-06,4,19.96
STORE_007,SKU20003,2025-05-08,6,29.94
STORE_007,SKU20003,2025-05-09,5,24.95
STORE_007,SKU20003,2025-05-10,5,24.95
STORE_007,SKU20003,2025-05-11,2,9.98
STORE_007,SKU20003,2025-05-12,2,9.98
STORE_007,SKU20003,2025-05-13,4,19.96
STORE_007,SKU20003,2025-05-14,4,19.96
STORE_007,SKU20003,2025-05-15,3,14.97
STORE_007,SKU20003,2025-05-16,3,14.97
STORE_007,SKU20003,2025-05-17,1,4.99
STORE_007,SKU20003,2025-05-18,5,24.95
STORE_007,SKU20003,2025-05-19,3,14.97
STORE_007,SKU20003,2025-05-20,2,9.98
STORE_007,SKU20003,2025-05-21,6,29.94
STORE_007,SKU20003,2025-05-22,2,9.98
STORE_007,SKU20003,2025-05-23,2,9.98
STORE_007,SKU20003,2025-05-24,4,19.96
STORE_007,SKU20003,2025-05-25,4,19.96
STORE_007,SKU20003,2025-05-26,5,24.95
STORE_007,SKU20003,2025-05-27,4,19.96
STORE_007,SKU20003,2025-05-28,4,19.96
STORE_007,SKU20003,2025-05-31,5,24.95
STORE_007,SKU20003,2025-06-01,2,9.98
STORE_007,SKU20003,2025-06-03,4,19.96
STORE_007,SKU20003,2025-06-04,6,29.94
STORE_007,SKU20003,2025-06-05,1,4.99
STORE_007,SKU20003,2025-06-06,2,9.98
STORE_007,SKU20003,2025-06-07,4,19.96
STORE_007,SKU20003,2025-06-08,5,24.95
STORE_007,SKU20003,2025-06-09,2,9.98
STORE_007,SKU20003,2025-06-10,2,9.98
STORE_007,SKU20003,2025-06-12,3,14.97
STORE_007,SKU20003,2025-06-13,4,19.96
STORE_007,SKU20003,2025-06-14,3,14.97
STORE_007,SKU20004,2025-04-20,8,34.32
STORE_007,SKU20004,2025-04-22,4,17.16
STORE_007,SKU20004,2025-04-23,5,21.45
STORE_007,SKU20004,2025-04-25,8,34.32
STORE_007,SKU20004,2025-04-26,6,25.74
STORE_007,SKU20004,2025-04-27,6,25.74
STORE_007,SKU20004,2025-04-28,3,12.87
STORE_007,SKU20004,2025-04-29,7,30.03
STORE_007,SKU20004,2025-04-30,6,25.74
STORE_007,SKU20004,2025-05-01,3,12.87
STORE_007,SKU20004,2025-05-02,7,30.03
STORE_007,SKU20004,2025-05-03,7,30.03
STORE_007,SKU20004,2025-05-04,6,25.74
STORE_007,SKU20004,2025-05-05,7,30.03
STORE_007,SKU20004,2025-05-06,6,25.74
STORE_007,SKU20004,2025-05-07,13,55.77
STORE_007,SKU20004,2025-05-08,10,42.9
STORE_007,SKU20004,2025-05-10,9,38.61
STORE_007,SKU20004,2025-05-11,6,25.74
STORE_007,SKU20004,2025-05-12,5,21.45
STORE_007,SKU20004,2025-05-13,8,34.32
STORE_007,SKU20004,2025-05-14,7,30.03
STORE_007,SKU20004,2025-05-15,5,21.45
STORE_007,SKU20004,2025-05-16,9,38.61
STORE_007,SKU20004,2025-05-17,7,30.03
STORE_007,SKU20004,2025-05-18,8,34.32
STORE_007,SKU20004,2025-05-19,5,21.45
STORE_007,SKU20004,2025-05-20,8,34.32
STORE_007,SKU20004,2025-05-21,2,8.58
STORE_007,SKU20004,2025-05-22,3,12.87
STORE_007,SKU20004,2025-05-23,7,30.03
STORE_007,SKU20004,2025-05-24,8,34.32
STORE_007,SKU20004,2025-05-25,9,38.61
STORE_007,SKU20004,2025-05-26,6,25.74
STORE_007,SKU20004,2025-05-27,9,38.61
STORE_007,SKU20004,2025-05-28,7,30.03
STORE_007,SKU20004,2025-05-29,5,21.45
STORE_007,SKU20004,2025-05-30,9,38.61
STORE_007,SKU20004,2025-05-31,8,34.32
STORE_007,SKU20004,2025-06-01,7,30.03
STORE_007,SKU20004,2025-06-02,8,34.32
STORE_007,SKU20004,2025-06-03,6,25.74
STORE_007,SKU20004,2025-06-04,8,34.32
STORE_007,SKU20004,2025-06-05,4,17.16
STORE_007,SKU20004,2025-06-06,6,25.74
STORE_007,SKU20004,2025-06-07,6,25.74
STORE_007,SKU20004,2025-06-08,11,47.19
STORE_007,SKU20004,2025-06-09,9,38.61
STORE_007,SKU20004,2025-06-10,7,30.03
STORE_007,SKU20004,2025-06-11,9,38.61
STORE_007,SKU20004,2025-06-12,5,21.45
STORE_007,SKU20004,2025-06-13,5,21.45
STORE_007,SKU20004,2025-06-14,3,12.87
STORE_007,SKU20005,2025-04-20,18,71.82
STORE_007,SKU20005,2025-04-21,7,27.93
STORE_007,SKU20005,2025-04-22,12,47.88
STORE_007,SKU20005,2025-04-23,10,39.9
STORE_007,SKU20005,2025-04-24,17,67.83
STORE_007,SKU20005,2025-04-25,20,79.8
STORE_007,SKU20005,2025-04-26,19,75.81
STORE_007,SKU20005,2025-04-27,18,71.82
STORE_007,SKU20005,2025-04-28,14,55.86
STORE_007,SKU20005,2025-04-29,14,55.86
STORE_007,SKU20005,2025-04-30,11,43.89
STORE_007,SKU20005,2025-05-01,9,35.91
STORE_007,SKU20005,2025-05-02,14,55.86
STORE_007,SKU20005,2025-05-03,17,67.83
STORE_007,SKU20005,2025-05-04,17,67.83
STORE_007,SKU20005,2025-05-05,15,59.85
STORE_007,SKU20005,2025-05-06,16,63.84
STORE_007,SKU20005,2025-05-07,14,55.86
STORE_007,SKU20005,2025-05-08,11,43.89
STORE_007,SKU20005,2025-05-09,15,59.85
STORE_007,SKU20005,2025-05-10,18,71.82
STORE_007,SKU20005,2025-05-11,15,59.85
STORE_007,SKU20005,2025-05-12,16,63.84
STORE_007,SKU20005,2025-05-13,14,55.86
STORE_007,SKU20005,2025-05-14,10,39.9
STORE_007,SKU20005,2025-05-15,22,87.78
STORE_007,SKU20005,2025-05-16,13,51.87
STORE_007,SKU20005,2025-05-17,13,51.87
STORE_007,SKU20005,2025-05-18,14,55.86
STORE_007,SKU20005,2025-05-19,7,27.93
STORE_007,SKU20005,2025-05-20,13,51.87
STORE_007,SKU20005,2025-05-21,18,71.82
STORE_007,SKU20005,2025-05-22,14,55.86
STORE_007,SKU20005,2025-05-23,11,43.89
STORE_007,SKU20005,2025-05-24,16,63.84
STORE_007,SKU20005,2025-05-25,10,39.9
STORE_007,SKU20005,2025-05-26,14,55.86
STORE_007,SKU20005,2025-05-27,13,51.87
STORE_007,SKU20005,2025-05-28,17,67.83
STORE_007,SKU20005,2025-05-29,15,59.85
STORE_007,SKU20005,2025-05-30,11,43.89
STORE_007,SKU20005,2025-05-31,19,75.81
STORE_007,SKU20005,2025-06-01,20,79.8
STORE_007,SKU20005,2025-06-02,15,59.85
STORE_007,SKU20005,2025-06-03,13,51.87
STORE_007,SKU20005,2025-06-04,12,47.88
STORE_007,SKU20005,2025-06-05,19,75.81
STORE_007,SKU20005,2025-06-06,15,59.85
STORE_007,SKU20005,2025-06-07,16,63.84
STORE_007,SKU20005,2025-06-08,12,47.88
STORE_007,SKU20005,2025-06-09,11,43.89
STORE_007,SKU20005,2025-06-10,9,35.91
STORE_007,SKU20005,2025-06-11,13,51.87
STORE_007,SKU20005,2025-06-12,12,47.88
STORE_007,SKU20005,2025-06-13,14,55.86
STORE_007,SKU20005,2025-06-14,19,75.81
STORE_007,SKU20006,2025-04-20,6,17.94
STORE_007,SKU20006,2025-04-21,6,17.94
STORE_007,SKU20006,2025-04-22,6,17.94
STORE_007,SKU20006,2025-04-23,3,8.97
STORE_007,SKU20006,2025-04-24,4,11.96
STORE_007,SKU20006,2025-04-26,6,17.94
STORE_007,SKU20006,2025-04-27,4,11.96
STORE_007,SKU20006,2025-04-28,3,8.97
STORE_007,SKU20006,2025-04-29,4,11.96
STORE_007,SKU20006,2025-04-30,6,17.94
STORE_007,SKU20006,2025-05-01,1,2.99
STORE_007,SKU20006,2025-05-02,5,14.95
STORE_007,SKU20006,2025-05-04,3,8.97
STORE_007,SKU20006,2025-05-05,2,5.98
STORE_007,SKU20006,2025-05-06,4,11.96
STORE_007,SKU20006,2025-05-07,3,8.97
STORE_007,SKU20006,2025-05-08,4,11.96
STORE_007,SKU20006,2025-05-09,4,11.96
STORE_007,SKU20006,2025-05-10,8,23.92
STORE_007,SKU20006,2025-05-11,6,17.94
STORE_007,SKU20006,2025-05-12,5,14.95
STORE_007,SKU20006,2025-05-13,1,2.99
STORE_007,SKU20006,2025-05-14,6,17.94
STORE_007,SKU20006,2025-05-15,1,2.99
STORE_007,SKU20006,2025-05-16,3,8.97
STORE_007,SKU20006,2025-05-17,4,11.96
STORE_007,SKU20006,2025-05-18,7,20.93
STORE_007,SKU20006,2025-05-19,3,8.97
STORE_007,SKU20006,2025-05-20,4,11.96
STORE_007,SKU20006,2025-05-21,2,5.98
STORE_007,SKU20006,2025-05-22,5,14.95
STORE_007,SKU20006,2025-05-23,3,8.97
STORE_007,SKU20006,2025-05-24,5,14.95
STORE_007,SKU20006,2025-05-25,1,2.99
STORE_007,SKU20006,2025-05-26,2,5.98
STORE_007,SKU20006,2025-05-28,2,5.98
STORE_007,SKU20006,2025-05-29,5,14.95
STORE_007,SKU20006,2025-05-30,4,11.96
STORE_007,SKU20006,2025-05-31,5,14.95
STORE_007,SKU20006,2025-06-01,6,17.94
STORE_007,SKU20006,2025-06-03,2,5.98
STORE_007,SKU20006,2025-06-04,6,17.94
STORE_007,SKU20006,2025-06-05,5,14.95
STORE_007,SKU20006,2025-06-06,4,11.96
STORE_007,SKU20006,2025-06-08,5,14.95
STORE_007,SKU20006,2025-06-09,3,8.97
STORE_007,SKU20006,2025-06-10,6,17.94
STORE_007,SKU20006,2025-06-11,5,14.95
STORE_007,SKU20006,2025-06-12,5,14.95
STORE_007,SKU20006,2025-06-13,3,8.97
STORE_007,SKU20006,2025-06-14,5,14.95
STORE_007,SKU20007,2025-04-20,10,34.9
STORE_007,SKU20007,2025-04-21,7,24.43
STORE_007,SKU20007,2025-04-22,5,17.45
STORE_007,SKU20007,2025-04-23,7,24.43
STORE_007,SKU20007,2025-04-24,7,24.43
STORE_007,SKU20007,2025-04-25,7,24.43
STORE_007,SKU20007,2025-04-26,3,10.47
STORE_007,SKU20007,2025-04-27,7,24.43
STORE_007,SKU20007,2025-04-28,4,13.96
STORE_007,SKU20007,2025-04-29,6,20.94
STORE_007,SKU20007,2025-04-30,6,20.94
STORE_007,SKU20007,2025-05-02,4,13.96
STORE_007,SKU20007,2025-05-04,5,17.45
STORE_007,SKU20007,2025-05-05,6,20.94
STORE_007,SKU20007,2025-05-06,3,10.47
STORE_007,SKU20007,2025-05-07,6,20.94
STORE_007,SKU20007,2025-05-08,8,27.92
STORE_007,SKU20007,2025-05-09,7,24.43
STORE_007,SKU20007,2025-05-10,9,31.41
STORE_007,SKU20007,2025-05-12,5,17.45
STORE_007,SKU20007,2025-05-13,4,13.96
STORE_007,SKU20007,2025-05-14,3,10.47
STORE_007,SKU20007,2025-05-15,3,10.47
STORE_007,SKU20007,2025-05-16,7,24.43
STORE_007,SKU20007,2025-05-17,5,17.45
STORE_007,SKU20007,2025-05-18,3,10.47
STORE_007,SKU20007,2025-05-19,7,24.43
STORE_007,SKU20007,2025-05-20,5,17.45
STORE_007,SKU20007,2025-05-21,5,17.45
STORE_007,SKU20007,2025-05-22,6,20.94
STORE_007,SKU20007,2025-05-23,5,17.45
STORE_007,SKU20007,2025-05-24,7,24.43
STORE_007,SKU20007,2025-05-25,5,17.45
STORE_007,SKU20007,2025-05-26,8,27.92
STORE_007,SKU20007,2025-05-28,4,13.96
STORE_007,SKU20007,2025-05-29,4,13.96
STORE_007,SKU20007,2025-05-30,10,34.9
STORE_007,SKU20007,2025-05-31,8,27.92
STORE_007,SKU20007,2025-06-01,5,17.45
STORE_007,SKU20007,2025-06-02,8,27.92
STORE_007,SKU20007,2025-06-03,6,20.94
STORE_007,SKU20007,2025-06-05,6,20.94
STORE_007,SKU20007,2025-06-06,6,20.94
STORE_007,SKU20007,2025-06-07,6,20.94
STORE_007,SKU20007,2025-06-08,8,27.92
STORE_007,SKU20007,2025-06-09,3,10.47
STORE_007,SKU20007,2025-06-10,7,24.43
STORE_007,SKU20007,2025-06-11,1,3.49
STORE_007,SKU20007,2025-06-12,4,13.96
STORE_007,SKU20007,2025-06-13,2,6.98
STORE_007,SKU20007,2025-06-14,6,20.94
STORE_007,SKU30000,2025-04-22,1,12.99
STORE_007,SKU30000,2025-04-23,1,12.99
STORE_007,SKU30000,2025-04-24,2,25.98
STORE_007,SKU30000,2025-04-27,2,25.98
STORE_007,SKU30000,2025-04-29,1,12.99
STORE_007,SKU30000,2025-05-02,1,12.99
STORE_007,SKU30000,2025-05-03,1,12.99
STORE_007,SKU30000,2025-05-04,2,25.98
STORE_007,SKU30000,2025-05-06,2,25.98
STORE_007,SKU30000,2025-05-09,1,12.99
STORE_007,SKU30000,2025-05-11,2,25.98
STORE_007,SKU30000,2025-05-12,2,25.98
STORE_007,SKU30000,2025-05-21,1,12.99
STORE_007,SKU30000,2025-05-30,1,12.99
STORE_007,SKU30000,2025-06-01,2,25.98
STORE_007,SKU30000,2025-06-02,2,25.98
STORE_007,SKU30000,2025-06-06,2,25.98
STORE_007,SKU30000,2025-06-09,1,12.99
STORE_007,SKU30000,2025-06-10,1,12.99
STORE_007,SKU30000,2025-06-13,1,12.99
STORE_007,SKU30000,2025-06-14,3,38.97
STORE_007,SKU30001,2025-04-20,3,26.97
STORE_007,SKU30001,2025-04-22,3,26.97
STORE_007,SKU30001,2025-04-23,5,44.95
STORE_007,SKU30001,2025-04-24,4,35.96
STORE_007,SKU30001,2025-04-26,4,35.96
STORE_007,SKU30001,2025-04-27,2,17.98
STORE_007,SKU30001,2025-04-28,3,26.97
STORE_007,SKU30001,2025-04-29,1,8.99
STORE_007,SKU30001,2025-04-30,1,8.99
STORE_007,SKU30001,2025-05-01,3,26.97
STORE_007,SKU30001,2025-05-02,4,35.96
STORE_007,SKU30001,2025-05-03,4,35.96
STORE_007,SKU30001,2025-05-04,4,35.96
STORE_007,SKU30001,2025-05-05,4,35.96
STORE_007,SKU30001,2025-05-10,4,35.96
STORE_007,SKU30001,2025-05-11,3,26.97
STORE_007,SKU30001,2025-05-12,1,8.99
STORE_007,SKU30001,2025-05-13,5,44.95
STORE_007,SKU30001,2025-05-14,3,26.97
STORE_007,SKU30001,2025-05-15,5,44.95
STORE_007,SKU30001,2025-05-16,3,26.97
STORE_007,SKU30001,2025-05-17,3,26.97
STORE_007,SKU30001,2025-05-18,3,26.97
STORE_007,SKU30001,2025-05-19,3,26.97
STORE_007,SKU30001,2025-05-20,3,26.97
STORE_007,SKU30001,2025-05-22,5,44.95
STORE_007,SKU30001,2025-05-24,3,26.97
STORE_007,SKU30001,2025-05-25,2,17.98
STORE_007,SKU30001,2025-05-26,4,35.96
STORE_007,SKU30001,2025-05-28,4,35.96
STORE_007,SKU30001,2025-05-29,4,35.96
STORE_007,SKU30001,2025-05-30,6,53.94
STORE_007,SKU30001,2025-05-31,5,44.95
STORE_007,SKU30001,2025-06-01,4,35.96
STORE_007,SKU30001,2025-06-02,4,35.96
STORE_007,SKU30001,2025-06-03,5,44.95
STORE_007,SKU30001,2025-06-04,4,35.96
STORE_007,SKU30001,2025-06-06,4,35.96
STORE_007,SKU30001,2025-06-07,1,8.99
STORE_007,SKU30001,2025-06-08,6,53.94
STORE_007,SKU30001,2025-06-09,2,17.98
STORE_007,SKU30001,2025-06-10,4,35.96
STORE_007,SKU30001,2025-06-11,1,8.99
STORE_007,SKU30001,2025-06-12,4,35.96
STORE_007,SKU30001,2025-06-13,3,26.97
STORE_007,SKU30001,2025-06-14,3,26.97
STORE_007,SKU30002,2025-04-20,1,7.99
STORE_007,SKU30002,2025-04-21,3,23.97
STORE_007,SKU30002,2025-04-22,2,15.98
STORE_007,SKU30002,2025-04-23,5,39.95
STORE_007,SKU30002,2025-04-24,2,15.98
STORE_007,SKU30002,2025-04-26,2,15.98
STORE_007,SKU30002,2025-04-27,5,39.95
STORE_007,SKU30002,2025-04-28,4,31.96
STORE_007,SKU30002,2025-04-29,5,39.95
STORE_007,SKU30002,2025-04-30,2,15.98
STORE_007,SKU30002,2025-05-01,4,31.96
STORE_007,SKU30002,2025-05-02,3,23.97
STORE_007,SKU30002,2025-05-03,2,15.98
STORE_007,SKU30002,2025-05-04,3,23.97
STORE_007,SKU30002,2025-05-05,2,15.98
STORE_007,SKU30002,2025-05-06,4,31.96
STORE_007,SKU30002,2025-05-07,2,15.98
STORE_007,SKU30002,2025-05-08,5,39.95
STORE_007,SKU30002,2025-05-09,2,15.98
STORE_007,SKU30002,2025-05-10,3,23.97
STORE_007,SKU30002,2025-05-11,3,23.97
STORE_007,SKU30002,2025-05-12,2,15.98
STORE_007,SKU30002,2025-05-13,3,23.97
STORE_007,SKU30002,2025-05-14,3,23.97
STORE_007,SKU30002,2025-05-16,5,39.95
STORE_007,SKU30002,2025-05-17,4,31.96
STORE_007,SKU30002,2025-05-18,5,39.95
STORE_007,SKU30002,2025-05-22,2,15.98
STORE_007,SKU30002,2025-05-24,3,23.97
STORE_007,SKU30002,2025-05-25,1,7.99
STORE_007,SKU30002,2025-05-26,2,15.98
STORE_007,SKU30002,2025-05-27,1,7.99
STORE_007,SKU30002,2025-05-28,1,7.99
STORE_007,SKU30002,2025-05-29,6,47.94
STORE_007,SKU30002,2025-05-30,4,31.96
STORE_007,SKU30002,2025-05-31,4,31.96
STORE_007,SKU30002,2025-06-01,2,15.98
STORE_007,SKU30002,2025-06-02,1,7.99
STORE_007,SKU30002,2025-06-03,1,7.99
STORE_007,SKU30002,2025-06-05,4,31.96
STORE_007,SKU30002,2025-06-06,2,15.98
STORE_007,SKU30002,2025-06-07,1,7.99
STORE_007,SKU30002,2025-06-08,2,15.98
STORE_007,SKU30002,2025-06-09,3,23.97
STORE_007,SKU30002,2025-06-10,4,31.96
STORE_007,SKU30002,2025-06-11,2,15.98
STORE_007,SKU30002,2025-06-12,4,31.96
STORE_007,SKU30002,2025-06-13,5,39.95
STORE_007,SKU30002,2025-06-14,5,39.95
STORE_007,SKU30003,2025-04-20,1,9.49
STORE_007,SKU30003,2025-04-21,1,9.49
STORE_007,SKU30003,2025-04-23,1,9.49
STORE_007,SKU30003,2025-04-26,1,9.49
STORE_007,SKU30003,2025-04-27,2,18.98
STORE_007,SKU30003,2025-04-28,1,9.49
STORE_007,SKU30003,2025-04-29,1,9.49
STORE_007,SKU30003,2025-04-30,2,18.98
STORE_007,SKU30003,2025-05-03,2,18.98
STORE_007,SKU30003,2025-05-04,3,28.47
STORE_007,SKU30003,2025-05-06,1,9.49
STORE_007,SKU30003,2025-05-13,1,9.49
STORE_007,SKU30003,2025-05-16,3,28.47
STORE_007,SKU30003,2025-05-17,1,9.49
STORE_007,SKU30003,2025-05-18,3,28.47
STORE_007,SKU30003,2025-05-22,3,28.47
STORE_007,SKU30003,2025-05-23,1,9.49
STORE_007,SKU30003,2025-05-28,1,9.49
STORE_007,SKU30003,2025-05-29,1,9.49
STORE_007,SKU30003,2025-05-30,1,9.49
STORE_007,SKU30003,2025-06-02,1,9.49
STORE_007,SKU30003,2025-06-10,2,18.98
STORE_007,SKU30004,2025-04-21,3,20.97
STORE_007,SKU30004,2025-04-22,2,13.98
STORE_007,SKU30004,2025-04-23,1,6.99
STORE_007,SKU30004,2025-04-25,5,34.95
STORE_007,SKU30004,2025-04-27,3,20.97
STORE_007,SKU30004,2025-04-29,1,6.99
STORE_007,SKU30004,2025-04-30,2,13.98
STORE_007,SKU30004,2025-05-01,2,13.98
STORE_007,SKU30004,2025-05-02,2,13.98
STORE_007,SKU30004,2025-05-03,1,6.99
STORE_007,SKU30004,2025-05-05,2,13.98
STORE_007,SKU30004,2025-05-06,1,6.99
STORE_007,SKU30004,2025-05-07,1,6.99
STORE_007,SKU30004,2025-05-08,2,13.98
STORE_007,SKU30004,2025-05-09,2,13.98
STORE_007,SKU30004,2025-05-10,3,20.97
STORE_007,SKU30004,2025-05-12,2,13.98
STORE_007,SKU30004,2025-05-14,2,13.98
STORE_007,SKU30004,2025-05-16,1,6.99
STORE_007,SKU30004,2025-05-18,3,20.97
STORE_007,SKU30004,2025-05-19,2,13.98
STORE_007,SKU30004,2025-05-20,1,6.99
STORE_007,SKU30004,2025-05-21,2,13.98
STORE_007,SKU30004,2025-05-22,4,27.96
STORE_007,SKU30004,2025-05-23,1,6.99
STORE_007,SKU30004,2025-05-24,2,13.98
STORE_007,SKU30004,2025-05-25,3,20.97
STORE_007,SKU30004,2025-05-26,2,13.98
STORE_007,SKU30004,2025-05-27,1,6.99
STORE_007,SKU30004,2025-05-28,4,27.96
STORE_007,SKU30004,2025-05-29,2,13.98
STORE_007,SKU30004,2025-05-30,3,20.97
STORE_007,SKU30004,2025-05-31,3,20.97
STORE_007,SKU30004,2025-06-01,3,20.97
STORE_007,SKU30004,2025-06-02,1,6.99
STORE_007,SKU30004,2025-06-05,2,13.98
STORE_007,SKU30004,2025-06-06,2,13.98
STORE_007,SKU30004,2025-06-07,2,13.98
STORE_007,SKU30004,2025-06-08,4,27.96
STORE_007,SKU30004,2025-06-09,2,13.98
STORE_007,SKU30004,2025-06-10,2,13.98
STORE_007,SKU30004,2025-06-11,2,13.98
STORE_007,SKU30004,2025-06-12,2,13.98
STORE_007,SKU30004,2025-06-13,1,6.99
STORE_007,SKU30004,2025-06-14,2,13.98
STORE_007,SKU40000,2025-04-20,7,20.93
STORE_007,SKU40000,2025-04-21,4,11.96
STORE_007,SKU40000,2025-04-22,4,11.96
STORE_007,SKU40000,2025-04-23,6,17.94
STORE_007,SKU40000,2025-04-24,7,20.93
STORE_007,SKU40000,2025-04-25,3,8.97
STORE_007,SKU40000,2025-04-26,5,14.95
STORE_007,SKU40000,2025-04-27,2,5.98
STORE_007,SKU40000,2025-04-28,1,2.99
STORE_007,SKU40000,2025-04-29,3,8.97
STORE_007,SKU40000,2025-04-30,2,5.98
STORE_007,SKU40000,2025-05-01,3,8.97
STORE_007,SKU40000,2025-05-02,4,11.96
STORE_007,SKU40000,2025-05-03,7,20.93
STORE_007,SKU40000,2025-05-04,5,14.95
STORE_007,SKU40000,2025-05-05,3,8.97
STORE_007,SKU40000,2025-05-06,7,20.93
STORE_007,SKU40000,2025-05-08,3,8.97
STORE_007,SKU40000,2025-05-09,4,11.96
STORE_007,SKU40000,2025-05-10,5,14.95
STORE_007,SKU40000,2025-05-11,4,11.96
STORE_007,SKU40000,2025-05-12,2,5.98
STORE_007,SKU40000,2025-05-13,3,8.97
STORE_007,SKU40000,2025-05-14,5,14.95
STORE_007,SKU40000,2025-05-15,2,5.98
STORE_007,SKU40000,2025-05-17,7,20.93
STORE_007,SKU40000,2025-05-18,6,17.94
STORE_007,SKU40000,2025-05-20,3,8.97
STORE_007,SKU40000,2025-05-21,1,2.99
STORE_007,SKU40000,2025-05-22,4,11.96
STORE_007,SKU40000,2025-05-23,5,14.95
STORE_007,SKU40000,2025-05-25,8,23.92
STORE_007,SKU40000,2025-05-26,5,14.95
STORE_007,SKU40000,2025-05-27,4,11.96
STORE_007,SKU40000,2025-05-28,5,14.95
STORE_007,SKU40000,2025-05-29,7,20.93
STORE_007,SKU40000,2025-05-31,3,8.97
STORE_007,SKU40000,2025-06-03,4,11.96
STORE_007,SKU40000,2025-06-04,1,2.99
STORE_007,SKU40000,2025-06-05,4,11.96
STORE_007,SKU40000,2025-06-06,5,14.95
STORE_007,SKU40000,2025-06-07,4,11.96
STORE_007,SKU40000,2025-06-08,6,17.94
STORE_007,SKU40000,2025-06-09,2,5.98
STORE_007,SKU40000,2025-06-10,5,14.95
STORE_007,SKU40000,2025-06-11,2,5.98
STORE_007,SKU40000,2025-06-12,3,8.97
STORE_007,SKU40000,2025-06-13,1,2.99
STORE_007,SKU40000,2025-06-14,5,14.95
STORE_007,SKU40001,2025-04-20,12,71.88
STORE_007,SKU40001,2025-04-21,8,47.92
STORE_007,SKU40001,2025-04-22,7,41.93
STORE_007,SKU40001,2025-04-23,6,35.94
STORE_007,SKU40001,2025-04-24,10,59.9
STORE_007,SKU40001,2025-04-26,8,47.92
STORE_007,SKU40001,2025-04-27,9,53.91
STORE_007,SKU40001,2025-04-28,8,47.92
STORE_007,SKU40001,2025-04-29,8,47.92
STORE_007,SKU40001,2025-04-30,5,29.95
STORE_007,SKU40001,2025-05-01,5,29.95
STORE_007,SKU40001,2025-05-02,8,47.92
STORE_007,SKU40001,2025-05-03,6,35.94
STORE_007,SKU40001,2025-05-04,8,47.92
STORE_007,SKU40001,2025-05-05,7,41.93
STORE_007,SKU40001,2025-05-06,9,53.91
STORE_007,SKU40001,2025-05-07,9,53.91
STORE_007,SKU40001,2025-05-08,9,53.91
STORE_007,SKU40001,2025-05-09,6,35.94
STORE_007,SKU40001,2025-05-10,10,59.9
STORE_007,SKU40001,2025-05-11,9,53.91
STORE_007,SKU40001,2025-05-12,5,29.95
STORE_007,SKU40001,2025-05-13,3,17.97
STORE_007,SKU40001,2025-05-14,6,35.94
STORE_007,SKU40001,2025-05-15,9,53.91
STORE_007,SKU40001,2025-05-16,6,35.94
STORE_007,SKU40001,2025-05-17,10,59.9
STORE_007,SKU40001,2025-05-18,8,47.92
STORE_007,SKU40001,2025-05-19,10,59.9
STORE_007,SKU40001,2025-05-20,6,35.94
STORE_007,SKU40001,2025-05-21,9,53.91
STORE_007,SKU40001,2025-05-22,6,35.94
STORE_007,SKU40001,2025-05-23,6,35.94
STORE_007,SKU40001,2025-05-24,9,53.91
STORE_007,SKU40001,2025-05-25,7,41.93
STORE_007,SKU40001,2025-05-26,5,29.95
STORE_007,SKU40001,2025-05-27,8,47.92
STORE_007,SKU40001,2025-05-28,11,65.89
STORE_007,SKU40001,2025-05-29,11,65.89
STORE_007,SKU40001,2025-05-30,8,47.92
STORE_007,SKU40001,2025-06-01,9,53.91
STORE_007,SKU40001,2025-06-02,10,59.9
STORE_007,SKU40001,2025-06-03,7,41.93
STORE_007,SKU40001,2025-06-04,7,41.93
STORE_007,SKU40001,2025-06-05,9,53.91
STORE_007,SKU40001,2025-06-06,5,29.95
STORE_007,SKU40001,2025-06-07,4,23.96
STORE_007,SKU40001,2025-06-08,10,59.9
STORE_007,SKU40001,2025-06-10,9,53.91
STORE_007,SKU40001,2025-06-11,10,59.9
STORE_007,SKU40001,2025-06-12,7,41.93
STORE_007,SKU40001,2025-06-13,8,47.92
STORE_007,SKU40001,2025-06-14,12,71.88
STORE_007,SKU40002,2025-04-22,2,13.98
STORE_007,SKU40002,2025-04-23,5,34.95
STORE_007,SKU40002,2025-04-24,3,20.97
STORE_007,SKU40002,2025-04-25,8,55.92
STORE_007,SKU40002,2025-04-26,6,41.94
STORE_007,SKU40002,2025-04-27,11,76.89
STORE_007,SKU40002,2025-04-28,5,34.95
STORE_007,SKU40002,2025-04-29,6,41.94
STORE_007,SKU40002,2025-04-30,3,20.97
STORE_007,SKU40002,2025-05-01,8,55.92
STORE_007,SKU40002,2025-05-02,6,41.94
STORE_007,SKU40002,2025-05-03,7,48.93
STORE_007,SKU40002,2025-05-04,7,48.93
STORE_007,SKU40002,2025-05-06,2,13.98
STORE_007,SKU40002,2025-05-07,7,48.93
STORE_007,SKU40002,2025-05-08,9,62.91
STORE_007,SKU40002,2025-05-09,8,55.92
STORE_007,SKU40002,2025-05-10,5,34.95
STORE_007,SKU40002,2025-05-11,4,27.96
STORE_007,SKU40002,2025-05-12,7,48.93
STORE_007,SKU40002,2025-05-13,2,13.98
STORE_007,SKU40002,2025-05-14,6,41.94
STORE_007,SKU40002,2025-05-15,3,20.97
STORE_007,SKU40002,2025-05-16,7,48.93
STORE_007,SKU40002,2025-05-17,6,41.94
STORE_007,SKU40002,2025-05-19,5,34.95
STORE_007,SKU40002,2025-05-20,8,55.92
STORE_007,SKU40002,2025-05-22,3,20.97
STORE_007,SKU40002,2025-05-23,3,20.97
STORE_007,SKU40002,2025-05-24,3,20.97
STORE_007,SKU40002,2025-05-25,5,34.95
STORE_007,SKU40002,2025-05-26,5,34.95
STORE_007,SKU40002,2025-05-27,4,27.96
STORE_007,SKU40002,2025-05-29,10,69.9
STORE_007,SKU40002,2025-05-30,7,48.93
STORE_007,SKU40002,2025-06-01,8,55.92
STORE_007,SKU40002,2025-06-02,5,34.95
STORE_007,SKU40002,2025-06-03,4,27.96
STORE_007,SKU40002,2025-06-04,7,48.93
STORE_007,SKU40002,2025-06-05,8,55.92
STORE_007,SKU40002,2025-06-06,7,48.93
STORE_007,SKU40002,2025-06-07,7,48.93
STORE_007,SKU40002,2025-06-08,8,55.92
STORE_007,SKU40002,2025-06-09,2,13.98
STORE_007,SKU40002,2025-06-10,3,20.97
STORE_007,SKU40002,2025-06-11,4,27.96
STORE_007,SKU40002,2025-06-12,5,34.95
STORE_007,SKU40002,2025-06-13,7,48.93
STORE_007,SKU40002,2025-06-14,4,27.96
STORE_007,SKU40003,2025-04-20,5,37.45
STORE_007,SKU40003,2025-04-21,5,37.45
STORE_007,SKU40003,2025-04-22,5,37.45
STORE_007,SKU40003,2025-04-23,6,44.94
STORE_007,SKU40003,2025-04-25,4,29.96
STORE_007,SKU40003,2025-04-26,7,52.43
STORE_007,SKU40003,2025-04-27,2,14.98
STORE_007,SKU40003,2025-04-28,3,22.47
STORE_007,SKU40003,2025-04-29,3,22.47
STORE_007,SKU40003,2025-04-30,4,29.96
STORE_007,SKU40003,2025-05-01,4,29.96
STORE_007,SKU40003,2025-05-03,9,67.41
STORE_007,SKU40003,2025-05-04,9,67.41
STORE_007,SKU40003,2025-05-05,6,44.94
STORE_007,SKU40003,2025-05-06,6,44.94
STORE_007,SKU40003,2025-05-08,5,37.45
STORE_007,SKU40003,2025-05-09,3,22.47
STORE_007,SKU40003,2025-05-10,7,52.43
STORE_007,SKU40003,2025-05-12,3,22.47
STORE_007,SKU40003,2025-05-13,3,22.47
STORE_007,SKU40003,2025-05-14,5,37.45
STORE_007,SKU40003,2025-05-16,3,22.47
STORE_007,SKU40003,2025-05-17,2,14.98
STORE_007,SKU40003,2025-05-18,4,29.96
STORE_007,SKU40003,2025-05-19,5,37.45
STORE_007,SKU40003,2025-05-20,6,44.94
STORE_007,SKU40003,2025-05-21,5,37.45
STORE_007,SKU40003,2025-05-22,5,37.45
STORE_007,SKU40003,2025-05-23,5,37.45
STORE_007,SKU40003,2025-05-26,6,44.94
STORE_007,SKU40003,2025-05-27,1,7.49
STORE_007,SKU40003,2025-05-28,3,22.47
STORE_007,SKU40003,2025-05-30,5,37.45
STORE_007,SKU40003,2025-05-31,4,29.96
STORE_007,SKU40003,2025-06-01,5,37.45
STORE_007,SKU40003,2025-06-02,3,22.47
STORE_007,SKU40003,2025-06-03,3,22.47
STORE_007,SKU40003,2025-06-04,6,44.94
STORE_007,SKU40003,2025-06-05,5,37.45
STORE_007,SKU40003,2025-06-06,1,7.49
STORE_007,SKU40003,2025-06-07,4,29.96
STORE_007,SKU40003,2025-06-08,5,37.45
STORE_007,SKU40003,2025-06-09,5,37.45
STORE_007,SKU40003,2025-06-10,8,59.92
STORE_007,SKU40003,2025-06-11,5,37.45
STORE_007,SKU40003,2025-06-12,1,7.49
STORE_007,SKU40003,2025-06-13,5,37.45
STORE_007,SKU40003,2025-06-14,3,22.47
STORE_008,SKU10000,2025-04-20,18,35.82
STORE_008,SKU10000,2025-04-21,24,47.76
STORE_008,SKU10000,2025-04-22,15,29.85
STORE_008,SKU10000,2025-04-23,19,37.81
STORE_008,SKU10000,2025-04-24,16,31.84
STORE_008,SKU10000,2025-04-25,22,43.78
STORE_008,SKU10000,2025-04-26,21,41.79
STORE_008,SKU10000,2025-04-27,22,43.78
STORE_008,SKU10000,2025-04-28,18,35.82
STORE_008,SKU10000,2025-04-29,15,29.85
STORE_008,SKU10000,2025-04-30,21,41.79
STORE_008,SKU10000,2025-05-01,17,33.83
STORE_008,SKU10000,2025-05-02,15,29.85
STORE_008,SKU10000,2025-05-03,16,31.84
STORE_008,SKU10000,2025-05-04,20,39.8
STORE_008,SKU10000,2025-05-05,20,39.8
STORE_008,SKU10000,2025-05-06,18,35.82
STORE_008,SKU10000,2025-05-07,15,29.85
STORE_008,SKU10000,2025-05-08,18,35.82
STORE_008,SKU10000,2025-05-09,19,37.81
STORE_008,SKU10000,2025-05-10,13,25.87
STORE_008,SKU10000,2025-05-11,15,29.85
STORE_008,SKU10000,2025-05-12,19,37.81
STORE_008,SKU10000,2025-05-13,12,23.88
STORE_008,SKU10000,2025-05-14,16,31.84
STORE_008,SKU10000,2025-05-15,17,33.83
STORE_008,SKU10000,2025-05-16,13,25.87
STORE_008,SKU10000,2025-05-17,18,35.82
STORE_008,SKU10000,2025-05-18,19,37.81
STORE_008,SKU10000,2025-05-19,20,39.8
STORE_008,SKU10000,2025-05-20,20,39.8
STORE_008,SKU10000,2025-05-21,17,33.83
STORE_008,SKU10000,2025-05-22,14,27.86
STORE_008,SKU10000,2025-05-23,20,39.8
STORE_008,SKU10000,2025-05-24,23,45.77
STORE_008,SKU10000,2025-05-25,16,31.84
STORE_008,SKU10000,2025-05-26,17,33.83
STORE_008,SKU10000,2025-05-27,15,29.85
STORE_008,SKU10000,2025-05-28,17,33.83
STORE_008,SKU10000,2025-05-29,14,27.86
STORE_008,SKU10000,2025-05-30,19,37.81
STORE_008,SKU10000,2025-05-31,20,39.8
STORE_008,SKU10000,2025-06-01,16,31.84
STORE_008,SKU10000,2025-06-02,19,37.81
STORE_008,SKU10000,2025-06-03,14,27.86
STORE_008,SKU10000,2025-06-04,10,19.9
STORE_008,SKU10000,2025-06-05,13,25.87
STORE_008,SKU10000,2025-06-06,19,37.81
STORE_008,SKU10000,2025-06-07,25,49.75
STORE_008,SKU10000,2025-06-08,25,49.75
STORE_008,SKU10000,2025-06-09,14,27.86
STORE_008,SKU10000,2025-06-10,16,31.84
STORE_008,SKU10000,2025-06-11,15,29.85
STORE_008,SKU10000,2025-06-12,16,31.84
STORE_008,SKU10000,2025-06-13,12,23.88
STORE_008,SKU10000,2025-06-14,17,33.83
STORE_008,SKU10001,2025-04-20,11,54.89
STORE_008,SKU10001,2025-04-21,11,54.89
STORE_008,SKU10001,2025-04-22,10,49.9
STORE_008,SKU10001,2025-04-23,9,44.91
STORE_008,SKU10001,2025-04-24,7,34.93
STORE_008,SKU10001,2025-04-25,11,54.89
STORE_008,SKU10001,2025-04-26,7,34.93
STORE_008,SKU10001,2025-04-27,8,39.92
STORE_008,SKU10001,2025-04-28,10,49.9
STORE_008,SKU10001,2025-04-29,11,54.89
STORE_008,SKU10001,2025-04-30,4,19.96
STORE_008,SKU10001,2025-05-01,9,44.91
STORE_008,SKU10001,2025-05-02,5,24.95
STORE_008,SKU10001,2025-05-03,10,49.9
STORE_008,SKU10001,2025-05-04,10,49.9
STORE_008,SKU10001,2025-05-05,12,59.88
STORE_008,SKU10001,2025-05-07,10,49.9
STORE_008,SKU10001,2025-05-08,6,29.94
STORE_008,SKU10001,2025-05-09,10,49.9
STORE_008,SKU10001,2025-05-10,14,69.86
STORE_008,SKU10001,2025-05-11,12,59.88
STORE_008,SKU10001,2025-05-12,11,54.89
STORE_008,SKU10001,2025-05-13,7,34.93
STORE_008,SKU10001,2025-05-14,8,39.92
STORE_008,SKU10001,2025-05-15,11,54.89
STORE_008,SKU10001,2025-05-16,9,44.91
STORE_008,SKU10001,2025-05-17,11,54.89
STORE_008,SKU10001,2025-05-19,8,39.92
STORE_008,SKU10001,2025-05-20,9,44.91
STORE_008,SKU10001,2025-05-21,7,34.93
STORE_008,SKU10001,2025-05-22,11,54.89
STORE_008,SKU10001,2025-05-23,9,44.91
STORE_008,SKU10001,2025-05-24,7,34.93
STORE_008,SKU10001,2025-05-25,11,54.89
STORE_008,SKU10001,2025-05-26,9,44.91
STORE_008,SKU10001,2025-05-27,9,44.91
STORE_008,SKU10001,2025-05-28,10,49.9
STORE_008,SKU10001,2025-05-29,8,39.92
STORE_008,SKU10001,2025-05-30,8,39.92
STORE_008,SKU10001,2025-05-31,12,59.88
STORE_008,SKU10001,2025-06-01,8,39.92
STORE_008,SKU10001,2025-06-02,7,34.93
STORE_008,SKU10001,2025-06-03,8,39.92
STORE_008,SKU10001,2025-06-04,11,54.89
STORE_008,SKU10001,2025-06-06,12,59.88
STORE_008,SKU10001,2025-06-07,9,44.91
STORE_008,SKU10001,2025-06-08,10,49.9
STORE_008,SKU10001,2025-06-09,11,54.89
STORE_008,SKU10001,2025-06-10,11,54.89
STORE_008,SKU10001,2025-06-11,11,54.89
STORE_008,SKU10001,2025-06-12,7,34.93
STORE_008,SKU10001,2025-06-13,9,44.91
STORE_008,SKU10001,2025-06-14,6,29.94
STORE_008,SKU10002,2025-04-20,8,19.92
STORE_008,SKU10002,2025-04-21,7,17.43
STORE_008,SKU10002,2025-04-22,5,12.45
STORE_008,SKU10002,2025-04-23,8,19.92
STORE_008,SKU10002,2025-04-24,4,9.96
STORE_008,SKU10002,2025-04-25,7,17.43
STORE_008,SKU10002,2025-04-26,4,9.96
STORE_008,SKU10002,2025-04-27,9,22.41
STORE_008,SKU10002,2025-04-29,5,12.45
STORE_008,SKU10002,2025-04-30,7,17.43
STORE_008,SKU10002,2025-05-01,5,12.45
STORE_008,SKU10002,2025-05-02,10,24.9
STORE_008,SKU10002,2025-05-03,11,27.39
STORE_008,SKU10002,2025-05-04,8,19.92
STORE_008,SKU10002,2025-05-05,8,19.92
STORE_008,SKU10002,2025-05-06,9,22.41
STORE_008,SKU10002,2025-05-07,6,14.94
STORE_008,SKU10002,2025-05-08,8,19.92
STORE_008,SKU10002,2025-05-09,4,9.96
STORE_008,SKU10002,2025-05-10,4,9.96
STORE_008,SKU10002,2025-05-11,10,24.9
STORE_008,SKU10002,2025-05-12,7,17.43
STORE_008,SKU10002,2025-05-14,6,14.94
STORE_008,SKU10002,2025-05-15,10,24.9
STORE_008,SKU10002,2025-05-16,8,19.92
STORE_008,SKU10002,2025-05-17,6,14.94
STORE_008,SKU10002,2025-05-18,10,24.9
STORE_008,SKU10002,2025-05-19,8,19.92
STORE_008,SKU10002,2025-05-20,5,12.45
STORE_008,SKU10002,2025-05-21,6,14.94
STORE_008,SKU10002,2025-05-22,7,17.43
STORE_008,SKU10002,2025-05-23,5,12.45
STORE_008,SKU10002,2025-05-24,10,24.9
STORE_008,SKU10002,2025-05-25,9,22.41
STORE_008,SKU10002,2025-05-26,5,12.45
STORE_008,SKU10002,2025-05-27,6,14.94
STORE_008,SKU10002,2025-05-28,6,14.94
STORE_008,SKU10002,2025-05-29,6,14.94
STORE_008,SKU10002,2025-05-30,4,9.96
STORE_008,SKU10002,2025-05-31,8,19.92
STORE_008,SKU10002,2025-06-01,7,17.43
STORE_008,SKU10002,2025-06-02,8,19.92
STORE_008,SKU10002,2025-06-03,4,9.96
STORE_008,SKU10002,2025-06-04,7,17.43
STORE_008,SKU10002,2025-06-05,9,22.41
STORE_008,SKU10002,2025-06-06,8,19.92
STORE_008,SKU10002,2025-06-07,11,27.39
STORE_008,SKU10002,2025-06-08,7,17.43
STORE_008,SKU10002,2025-06-09,2,4.98
STORE_008,SKU10002,2025-06-10,6,14.94
STORE_008,SKU10002,2025-06-11,9,22.41
STORE_008,SKU10002,2025-06-12,5,12.45
STORE_008,SKU10002,2025-06-13,7,17.43
STORE_008,SKU10002,2025-06-14,9,22.41
STORE_008,SKU10003,2025-04-20,17,55.93
STORE_008,SKU10003,2025-04-21,13,42.77
STORE_008,SKU10003,2025-04-22,13,42.77
STORE_008,SKU10003,2025-04-23,13,42.77
STORE_008,SKU10003,2025-04-24,15,49.35
STORE_008,SKU10003,2025-04-25,9,29.61
STORE_008,SKU10003,2025-04-26,10,32.9
STORE_008,SKU10003,2025-04-27,12,39.48
STORE_008,SKU10003,2025-04-28,14,46.06
STORE_008,SKU10003,2025-04-30,12,39.48
STORE_008,SKU10003,2025-05-01,10,32.9
STORE_008,SKU10003,2025-05-02,13,42.77
STORE_008,SKU10003,2025-05-03,9,29.61
STORE_008,SKU10003,2025-05-04,12,39.48
STORE_008,SKU10003,2025-05-05,9,29.61
STORE_008,SKU10003,2025-05-06,12,39.48
STORE_008,SKU10003,2025-05-07,11,36.19
STORE_008,SKU10003,2025-05-08,12,39.48
STORE_008,SKU10003,2025-05-09,12,39.48
STORE_008,SKU10003,2025-05-10,13,42.77
STORE_008,SKU10003,2025-05-11,12,39.48
STORE_008,SKU10003,2025-05-12,10,32.9
STORE_008,SKU10003,2025-05-13,5,16.45
STORE_008,SKU10003,2025-05-14,11,36.19
STORE_008,SKU10003,2025-05-15,6,19.74
STORE_008,SKU10003,2025-05-16,9,29.61
STORE_008,SKU10003,2025-05-17,12,39.48
STORE_008,SKU10003,2025-05-18,13,42.77
STORE_008,SKU10003,2025-05-19,8,26.32
STORE_008,SKU10003,2025-05-20,13,42.77
STORE_008,SKU10003,2025-05-21,10,32.9
STORE_008,SKU10003,2025-05-22,14,46.06
STORE_008,SKU10003,2025-05-23,15,49.35
STORE_008,SKU10003,2025-05-24,12,39.48
STORE_008,SKU10003,2025-05-25,15,49.35
STORE_008,SKU10003,2025-05-26,12,39.48
STORE_008,SKU10003,2025-05-27,11,36.19
STORE_008,SKU10003,2025-05-28,8,26.32
STORE_008,SKU10003,2025-05-29,11,36.19
STORE_008,SKU10003,2025-05-30,14,46.06
STORE_008,SKU10003,2025-05-31,14,46.06
STORE_008,SKU10003,2025-06-01,11,36.19
STORE_008,SKU10003,2025-06-02,8,26.32
STORE_008,SKU10003,2025-06-03,11,36.19
STORE_008,SKU10003,2025-06-04,9,29.61
STORE_008,SKU10003,2025-06-05,10,32.9
STORE_008,SKU10003,2025-06-06,10,32.9
STORE_008,SKU10003,2025-06-07,13,42.77
STORE_008,SKU10003,2025-06-08,15,49.35
STORE_008,SKU10003,2025-06-09,9,29.61
STORE_008,SKU10003,2025-06-10,9,29.61
STORE_008,SKU10003,2025-06-11,8,26.32
STORE_008,SKU10003,2025-06-12,12,39.48
STORE_008,SKU10003,2025-06-13,14,46.06
STORE_008,SKU10003,2025-06-14,13,42.77
STORE_008,SKU10004,2025-04-20,10,39.9
STORE_008,SKU10004,2025-04-21,10,39.9
STORE_008,SKU10004,2025-04-22,8,31.92
STORE_008,SKU10004,2025-04-23,6,23.94
STORE_008,SKU10004,2025-04-24,6,23.94
STORE_008,SKU10004,2025-04-25,6,23.94
STORE_008,SKU10004,2025-04-26,13,51.87
STORE_008,SKU10004,2025-04-27,14,55.86
STORE_008,SKU10004,2025-04-29,7,27.93
STORE_008,SKU10004,2025-04-30,8,31.92
STORE_008,SKU10004,2025-05-01,8,31.92
STORE_008,SKU10004,2025-05-02,9,35.91
STORE_008,SKU10004,2025-05-03,13,51.87
STORE_008,SKU10004,2025-05-04,7,27.93
STORE_008,SKU10004,2025-05-05,7,27.93
STORE_008,SKU10004,2025-05-06,9,35.91
STORE_008,SKU10004,2025-05-07,7,27.93
STORE_008,SKU10004,2025-05-08,4,15.96
STORE_008,SKU10004,2025-05-09,5,19.95
STORE_008,SKU10004,2025-05-10,10,39.9
STORE_008,SKU10004,2025-05-11,9,35.91
STORE_008,SKU10004,2025-05-12,8,31.92
STORE_008,SKU10004,2025-05-13,11,43.89
STORE_008,SKU10004,2025-05-15,8,31.92
STORE_008,SKU10004,2025-05-16,8,31.92
STORE_008,SKU10004,2025-05-17,7,27.93
STORE_008,SKU10004,2025-05-18,8,31.92
STORE_008,SKU10004,2025-05-19,10,39.9
STORE_008,SKU10004,2025-05-20,4,15.96
STORE_008,SKU10004,2025-05-21,9,35.91
STORE_008,SKU10004,2025-05-22,11,43.89
STORE_008,SKU10004,2025-05-25,10,39.9
STORE_008,SKU10004,2025-05-26,6,23.94
STORE_008,SKU10004,2025-05-27,8,31.92
STORE_008,SKU10004,2025-05-28,8,31.92
STORE_008,SKU10004,2025-05-29,8,31.92
STORE_008,SKU10004,2025-05-30,10,39.9
STORE_008,SKU10004,2025-05-31,6,23.94
STORE_008,SKU10004,2025-06-01,9,35.91
STORE_008,SKU10004,2025-06-02,9,35.91
STORE_008,SKU10004,2025-06-03,9,35.91
STORE_008,SKU10004,2025-06-04,5,19.95
STORE_008,SKU10004,2025-06-05,4,15.96
STORE_008,SKU10004,2025-06-06,9,35.91
STORE_008,SKU10004,2025-06-07,3,11.97
STORE_008,SKU10004,2025-06-08,6,23.94
STORE_008,SKU10004,2025-06-09,8,31.92
STORE_008,SKU10004,2025-06-10,10,39.9
STORE_008,SKU10004,2025-06-11,5,19.95
STORE_008,SKU10004,2025-06-12,12,47.88
STORE_008,SKU10004,2025-06-13,9,35.91
STORE_008,SKU10004,2025-06-14,15,59.85
STORE_008,SKU10005,2025-04-20,6,26.94
STORE_008,SKU10005,2025-04-22,7,31.43
STORE_008,SKU10005,2025-04-23,7,31.43
STORE_008,SKU10005,2025-04-25,5,22.45
STORE_008,SKU10005,2025-04-26,6,26.94
STORE_008,SKU10005,2025-04-27,10,44.9
STORE_008,SKU10005,2025-04-28,4,17.96
STORE_008,SKU10005,2025-04-29,6,26.94
STORE_008,SKU10005,2025-04-30,5,22.45
STORE_008,SKU10005,2025-05-01,6,26.94
STORE_008,SKU10005,2025-05-02,7,31.43
STORE_008,SKU10005,2025-05-03,6,26.94
STORE_008,SKU10005,2025-05-05,6,26.94
STORE_008,SKU10005,2025-05-07,4,17.96
STORE_008,SKU10005,2025-05-08,8,35.92
STORE_008,SKU10005,2025-05-09,7,31.43
STORE_008,SKU10005,2025-05-10,5,22.45
STORE_008,SKU10005,2025-05-11,5,22.45
STORE_008,SKU10005,2025-05-12,8,35.92
STORE_008,SKU10005,2025-05-13,9,40.41
STORE_008,SKU10005,2025-05-14,4,17.96
STORE_008,SKU10005,2025-05-15,7,31.43
STORE_008,SKU10005,2025-05-16,5,22.45
STORE_008,SKU10005,2025-05-18,10,44.9
STORE_008,SKU10005,2025-05-19,8,35.92
STORE_008,SKU10005,2025-05-20,5,22.45
STORE_008,SKU10005,2025-05-21,2,8.98
STORE_008,SKU10005,2025-05-22,8,35.92
STORE_008,SKU10005,2025-05-23,7,31.43
STORE_008,SKU10005,2025-05-24,7,31.43
STORE_008,SKU10005,2025-05-25,6,26.94
STORE_008,SKU10005,2025-05-26,8,35.92
STORE_008,SKU10005,2025-05-27,6,26.94
STORE_008,SKU10005,2025-05-28,6,26.94
STORE_008,SKU10005,2025-05-29,6,26.94
STORE_008,SKU10005,2025-05-31,3,13.47
STORE_008,SKU10005,2025-06-02,7,31.43
STORE_008,SKU10005,2025-06-03,5,22.45
STORE_008,SKU10005,2025-06-04,5,22.45
STORE_008,SKU10005,2025-06-05,6,26.94
STORE_008,SKU10005,2025-06-06,3,13.47
STORE_008,SKU10005,2025-06-07,11,49.39
STORE_008,SKU10005,2025-06-08,5,22.45
STORE_008,SKU10005,2025-06-09,4,17.96
STORE_008,SKU10005,2025-06-10,4,17.96
STORE_008,SKU10005,2025-06-12,6,26.94
STORE_008,SKU10005,2025-06-13,7,31.43
STORE_008,SKU10005,2025-06-14,6,26.94
STORE_008,SKU10006,2025-04-20,6,35.94
STORE_008,SKU10006,2025-04-21,4,23.96
STORE_008,SKU10006,2025-04-22,5,29.95
STORE_008,SKU10006,2025-04-23,3,17.97
STORE_008,SKU10006,2025-04-24,4,23.96
STORE_008,SKU10006,2025-04-25,2,11.98
STORE_008,SKU10006,2025-04-26,5,29.95
STORE_008,SKU10006,2025-04-27,6,35.94
STORE_008,SKU10006,2025-04-28,4,23.96
STORE_008,SKU10006,2025-04-29,4,23.96
STORE_008,SKU10006,2025-04-30,5,29.95
STORE_008,SKU10006,2025-05-01,5,29.95
STORE_008,SKU10006,2025-05-02,2,11.98
STORE_008,SKU10006,2025-05-03,4,23.96
STORE_008,SKU10006,2025-05-04,3,17.97
STORE_008,SKU10006,2025-05-05,4,23.96
STORE_008,SKU10006,2025-05-06,7,41.93
STORE_008,SKU10006,2025-05-08,5,29.95
STORE_008,SKU10006,2025-05-09,1,5.99
STORE_008,SKU10006,2025-05-10,5,29.95
STORE_008,SKU10006,2025-05-11,4,23.96
STORE_008,SKU10006,2025-05-14,5,29.95
STORE_008,SKU10006,2025-05-15,1,5.99
STORE_008,SKU10006,2025-05-16,5,29.95
STORE_008,SKU10006,2025-05-17,5,29.95
STORE_008,SKU10006,2025-05-18,5,29.95
STORE_008,SKU10006,2025-05-19,4,23.96
STORE_008,SKU10006,2025-05-20,4,23.96
STORE_008,SKU10006,2025-05-21,3,17.97
STORE_008,SKU10006,2025-05-22,1,5.99
STORE_008,SKU10006,2025-05-23,1,5.99
STORE_008,SKU10006,2025-05-24,4,23.96
STORE_008,SKU10006,2025-05-26,6,35.94
STORE_008,SKU10006,2025-05-27,7,41.93
STORE_008,SKU10006,2025-05-28,3,17.97
STORE_008,SKU10006,2025-05-29,8,47.92
STORE_008,SKU10006,2025-05-30,1,5.99
STORE_008,SKU10006,2025-05-31,5,29.95
STORE_008,SKU10006,2025-06-01,6,35.94
STORE_008,SKU10006,2025-06-02,4,23.96
STORE_008,SKU10006,2025-06-04,3,17.97
STORE_008,SKU10006,2025-06-05,6,35.94
STORE_008,SKU10006,2025-06-07,6,35.94
STORE_008,SKU10006,2025-06-08,8,47.92
STORE_008,SKU10006,2025-06-09,3,17.97
STORE_008,SKU10006,2025-06-10,3,17.97
STORE_008,SKU10006,2025-06-11,2,11.98
STORE_008,SKU10006,2025-06-12,4,23.96
STORE_008,SKU10006,2025-06-13,4,23.96
STORE_008,SKU10006,2025-06-14,7,41.93
STORE_008,SKU10007,2025-04-20,13,55.77
STORE_008,SKU10007,2025-04-21,14,60.06
STORE_008,SKU10007,2025-04-22,10,42.9
STORE_008,SKU10007,2025-04-23,3,12.87
STORE_008,SKU10007,2025-04-24,11,47.19
STORE_008,SKU10007,2025-04-25,6,25.74
STORE_008,SKU10007,2025-04-26,14,60.06
STORE_008,SKU10007,2025-04-27,12,51.48
STORE_008,SKU10007,2025-04-29,9,38.61
STORE_008,SKU10007,2025-04-30,11,47.19
STORE_008,SKU10007,2025-05-01,7,30.03
STORE_008,SKU10007,2025-05-02,14,60.06
STORE_008,SKU10007,2025-05-03,12,51.48
STORE_008,SKU10007,2025-05-04,13,55.77
STORE_008,SKU10007,2025-05-05,9,38.61
STORE_008,SKU10007,2025-05-06,11,47.19
STORE_008,SKU10007,2025-05-07,10,42.9
STORE_008,SKU10007,2025-05-08,10,42.9
STORE_008,SKU10007,2025-05-09,7,30.03
STORE_008,SKU10007,2025-05-10,17,72.93
STORE_008,SKU10007,2025-05-11,13,55.77
STORE_008,SKU10007,2025-05-12,8,34.32
STORE_008,SKU10007,2025-05-13,8,34.32
STORE_008,SKU10007,2025-05-14,9,38.61
STORE_008,SKU10007,2025-05-15,8,34.32
STORE_008,SKU10007,2025-05-16,5,21.45
STORE_008,SKU10007,2025-05-17,15,64.35
STORE_008,SKU10007,2025-05-18,14,60.06
STORE_008,SKU10007,2025-05-19,10,42.9
STORE_008,SKU10007,2025-05-20,12,51.48
STORE_008,SKU10007,2025-05-21,12,51.48
STORE_008,SKU10007,2025-05-22,9,38.61
STORE_008,SKU10007,2025-05-23,14,60.06
STORE_008,SKU10007,2025-05-24,10,42.9
STORE_008,SKU10007,2025-05-25,9,38.61
STORE_008,SKU10007,2025-05-26,13,55.77
STORE_008,SKU10007,2025-05-27,11,47.19
STORE_008,SKU10007,2025-05-28,8,34.32
STORE_008,SKU10007,2025-05-29,10,42.9
STORE_008,SKU10007,2025-05-30,10,42.9
STORE_008,SKU10007,2025-06-01,11,47.19
STORE_008,SKU10007,2025-06-02,12,51.48
STORE_008,SKU10007,2025-06-03,8,34.32
STORE_008,SKU10007,2025-06-04,9,38.61
STORE_008,SKU10007,2025-06-05,12,51.48
STORE_008,SKU10007,2025-06-06,6,25.74
STORE_008,SKU10007,2025-06-07,15,64.35
STORE_008,SKU10007,2025-06-08,9,38.61
STORE_008,SKU10007,2025-06-09,14,60.06
STORE_008,SKU10007,2025-06-10,8,34.32
STORE_008,SKU10007,2025-06-11,12,51.48
STORE_008,SKU10007,2025-06-12,9,38.61
STORE_008,SKU10007,2025-06-13,15,64.35
STORE_008,SKU10007,2025-06-14,11,47.19
STORE_008,SKU10008,2025-04-20,11,32.89
STORE_008,SKU10008,2025-04-21,14,41.86
STORE_008,SKU10008,2025-04-22,11,32.89
STORE_008,SKU10008,2025-04-23,14,41.86
STORE_008,SKU10008,2025-04-24,16,47.84
STORE_008,SKU10008,2025-04-25,15,44.85
STORE_008,SKU10008,2025-04-26,10,29.9
STORE_008,SKU10008,2025-04-27,12,35.88
STORE_008,SKU10008,2025-04-28,13,38.87
STORE_008,SKU10008,2025-04-29,14,41.86
STORE_008,SKU10008,2025-04-30,6,17.94
STORE_008,SKU10008,2025-05-01,9,26.91
STORE_008,SKU10008,2025-05-02,10,29.9
STORE_008,SKU10008,2025-05-03,18,53.82
STORE_008,SKU10008,2025-05-04,13,38.87
STORE_008,SKU10008,2025-05-05,15,44.85
STORE_008,SKU10008,2025-05-06,16,47.84
STORE_008,SKU10008,2025-05-07,11,32.89
STORE_008,SKU10008,2025-05-08,12,35.88
STORE_008,SKU10008,2025-05-09,15,44.85
STORE_008,SKU10008,2025-05-10,10,29.9
STORE_008,SKU10008,2025-05-11,14,41.86
STORE_008,SKU10008,2025-05-12,16,47.84
STORE_008,SKU10008,2025-05-13,14,41.86
STORE_008,SKU10008,2025-05-14,14,41.86
STORE_008,SKU10008,2025-05-15,15,44.85
STORE_008,SKU10008,2025-05-16,11,32.89
STORE_008,SKU10008,2025-05-17,12,35.88
STORE_008,SKU10008,2025-05-18,15,44.85
STORE_008,SKU10008,2025-05-19,11,32.89
STORE_008,SKU10008,2025-05-21,11,32.89
STORE_008,SKU10008,2025-05-22,14,41.86
STORE_008,SKU10008,2025-05-23,11,32.89
STORE_008,SKU10008,2025-05-24,12,35.88
STORE_008,SKU10008,2025-05-25,14,41.86
STORE_008,SKU10008,2025-05-26,14,41.86
STORE_008,SKU10008,2025-05-27,14,41.86
STORE_008,SKU10008,2025-05-28,8,23.92
STORE_008,SKU10008,2025-05-29,15,44.85
STORE_008,SKU10008,2025-05-30,17,50.83
STORE_008,SKU10008,2025-05-31,19,56.81
STORE_008,SKU10008,2025-06-01,14,41.86
STORE_008,SKU10008,2025-06-02,15,44.85
STORE_008,SKU10008,2025-06-03,16,47.84
STORE_008,SKU10008,2025-06-04,11,32.89
STORE_008,SKU10008,2025-06-05,10,29.9
STORE_008,SKU10008,2025-06-06,11,32.89
STORE_008,SKU10008,2025-06-07,17,50.83
STORE_008,SKU10008,2025-06-08,20,59.8
STORE_008,SKU10008,2025-06-09,12,35.88
STORE_008,SKU10008,2025-06-10,12,35.88
STORE_008,SKU10008,2025-06-11,20,59.8
STORE_008,SKU10008,2025-06-12,15,44.85
STORE_008,SKU10008,2025-06-13,9,26.91
STORE_008,SKU10008,2025-06-14,13,38.87
STORE_008,SKU10009,2025-04-20,7,24.43
STORE_008,SKU10009,2025-04-21,10,34.9
STORE_008,SKU10009,2025-04-22,9,31.41
STORE_008,SKU10009,2025-04-23,8,27.92
STORE_008,SKU10009,2025-04-24,6,20.94
STORE_008,SKU10009,2025-04-25,7,24.43
STORE_008,SKU10009,2025-04-26,10,34.9
STORE_008,SKU10009,2025-04-27,10,34.9
STORE_008,SKU10009,2025-04-29,5,17.45
STORE_008,SKU10009,2025-04-30,13,45.37
STORE_008,SKU10009,2025-05-01,8,27.92
STORE_008,SKU10009,2025-05-03,10,34.9
STORE_008,SKU10009,2025-05-04,12,41.88
STORE_008,SKU10009,2025-05-05,11,38.39
STORE_008,SKU10009,2025-05-06,9,31.41
STORE_008,SKU10009,2025-05-07,12,41.88
STORE_008,SKU10009,2025-05-08,15,52.35
STORE_008,SKU10009,2025-05-09,9,31.41
STORE_008,SKU10009,2025-05-10,16,55.84
STORE_008,SKU10009,2025-05-11,9,31.41
STORE_008,SKU10009,2025-05-12,10,34.9
STORE_008,SKU10009,2025-05-13,8,27.92
STORE_008,SKU10009,2025-05-14,9,31.41
STORE_008,SKU10009,2025-05-15,9,31.41
STORE_008,SKU10009,2025-05-16,5,17.45
STORE_008,SKU10009,2025-05-17,11,38.39
STORE_008,SKU10009,2025-05-18,9,31.41
STORE_008,SKU10009,2025-05-19,11,38.39
STORE_008,SKU10009,2025-05-20,12,41.88
STORE_008,SKU10009,2025-05-21,7,24.43
STORE_008,SKU10009,2025-05-22,6,20.94
STORE_008,SKU10009,2025-05-23,7,24.43
STORE_008,SKU10009,2025-05-24,8,27.92
STORE_008,SKU10009,2025-05-25,9,31.41
STORE_008,SKU10009,2025-05-26,9,31.41
STORE_008,SKU10009,2025-05-27,11,38.39
STORE_008,SKU10009,2025-05-28,12,41.88
STORE_008,SKU10009,2025-05-29,11,38.39
STORE_008,SKU10009,2025-05-31,10,34.9
STORE_008,SKU10009,2025-06-01,11,38.39
STORE_008,SKU10009,2025-06-02,8,27.92
STORE_008,SKU10009,2025-06-03,9,31.41
STORE_008,SKU10009,2025-06-04,9,31.41
STORE_008,SKU10009,2025-06-05,8,27.92
STORE_008,SKU10009,2025-06-06,10,34.9
STORE_008,SKU10009,2025-06-07,9,31.41
STORE_008,SKU10009,2025-06-08,7,24.43
STORE_008,SKU10009,2025-06-09,5,17.45
STORE_008,SKU10009,2025-06-10,11,38.39
STORE_008,SKU10009,2025-06-11,4,13.96
STORE_008,SKU10009,2025-06-12,9,31.41
STORE_008,SKU10009,2025-06-14,8,27.92
STORE_008,SKU20000,2025-04-20,12,45.48
STORE_008,SKU20000,2025-04-21,9,34.11
STORE_008,SKU20000,2025-04-22,6,22.74
STORE_008,SKU20000,2025-04-23,11,41.69
STORE_008,SKU20000,2025-04-24,5,18.95
STORE_008,SKU20000,2025-04-25,11,41.69
STORE_008,SKU20000,2025-04-26,12,45.48
STORE_008,SKU20000,2025-04-27,8,30.32
STORE_008,SKU20000,2025-04-28,10,37.9
STORE_008,SKU20000,2025-04-29,12,45.48
STORE_008,SKU20000,2025-04-30,10,37.9
STORE_008,SKU20000,2025-05-01,10,37.9
STORE_008,SKU20000,2025-05-02,9,34.11
STORE_008,SKU20000,2025-05-03,12,45.48
STORE_008,SKU20000,2025-05-04,13,49.27
STORE_008,SKU20000,2025-05-05,10,37.9
STORE_008,SKU20000,2025-05-06,10,37.9
STORE_008,SKU20000,2025-05-07,9,34.11
STORE_008,SKU20000,2025-05-08,12,45.48
STORE_008,SKU20000,2025-05-09,9,34.11
STORE_008,SKU20000,2025-05-10,12,45.48
STORE_008,SKU20000,2025-05-11,12,45.48
STORE_008,SKU20000,2025-05-12,9,34.11
STORE_008,SKU20000,2025-05-13,12,45.48
STORE_008,SKU20000,2025-05-14,7,26.53
STORE_008,SKU20000,2025-05-15,10,37.9
STORE_008,SKU20000,2025-05-16,10,37.9
STORE_008,SKU20000,2025-05-17,15,56.85
STORE_008,SKU20000,2025-05-18,13,49.27
STORE_008,SKU20000,2025-05-19,8,30.32
STORE_008,SKU20000,2025-05-20,7,26.53
STORE_008,SKU20000,2025-05-21,13,49.27
STORE_008,SKU20000,2025-05-22,13,49.27
STORE_008,SKU20000,2025-05-23,12,45.48
STORE_008,SKU20000,2025-05-24,11,41.69
STORE_008,SKU20000,2025-05-25,11,41.69
STORE_008,SKU20000,2025-05-26,7,26.53
STORE_008,SKU20000,2025-05-27,12,45.48
STORE_008,SKU20000,2025-05-28,8,30.32
STORE_008,SKU20000,2025-05-29,11,41.69
STORE_008,SKU20000,2025-05-30,10,37.9
STORE_008,SKU20000,2025-05-31,11,41.69
STORE_008,SKU20000,2025-06-01,11,41.69
STORE_008,SKU20000,2025-06-02,11,41.69
STORE_008,SKU20000,2025-06-03,13,49.27
STORE_008,SKU20000,2025-06-04,11,41.69
STORE_008,SKU20000,2025-06-05,10,37.9
STORE_008,SKU20000,2025-06-06,12,45.48
STORE_008,SKU20000,2025-06-07,15,56.85
STORE_008,SKU20000,2025-06-08,10,37.9
STORE_008,SKU20000,2025-06-09,11,41.69
STORE_008,SKU20000,2025-06-10,8,30.32
STORE_008,SKU20000,2025-06-11,13,49.27
STORE_008,SKU20000,2025-06-12,11,41.69
STORE_008,SKU20000,2025-06-13,10,37.9
STORE_008,SKU20000,2025-06-14,11,41.69
STORE_008,SKU20001,2025-04-20,17,64.43
STORE_008,SKU20001,2025-04-21,21,79.59
STORE_008,SKU20001,2025-04-22,20,75.8
STORE_008,SKU20001,2025-04-23,12,45.48
STORE_008,SKU20001,2025-04-24,8,30.32
STORE_008,SKU20001,2025-04-25,15,56.85
STORE_008,SKU20001,2025-04-26,15,56.85
STORE_008,SKU20001,2025-04-27,14,53.06
STORE_008,SKU20001,2025-04-28,16,60.64
STORE_008,SKU20001,2025-04-29,15,56.85
STORE_008,SKU20001,2025-04-30,12,45.48
STORE_008,SKU20001,2025-05-01,19,72.01
STORE_008,SKU20001,2025-05-02,19,72.01
STORE_008,SKU20001,2025-05-03,14,53.06
STORE_008,SKU20001,2025-05-04,15,56.85
STORE_008,SKU20001,2025-05-05,19,72.01
STORE_008,SKU20001,2025-05-06,12,45.48
STORE_008,SKU20001,2025-05-07,14,53.06
STORE_008,SKU20001,2025-05-08,15,56.85
STORE_008,SKU20001,2025-05-09,16,60.64
STORE_008,SKU20001,2025-05-10,22,83.38
STORE_008,SKU20001,2025-05-11,20,75.8
STORE_008,SKU20001,2025-05-12,13,49.27
STORE_008,SKU20001,2025-05-13,15,56.85
STORE_008,SKU20001,2025-05-14,15,56.85
STORE_008,SKU20001,2025-05-15,11,41.69
STORE_008,SKU20001,2025-05-16,11,41.69
STORE_008,SKU20001,2025-05-17,15,56.85
STORE_008,SKU20001,2025-05-18,17,64.43
STORE_008,SKU20001,2025-05-19,14,53.06
STORE_008,SKU20001,2025-05-20,7,26.53
STORE_008,SKU20001,2025-05-21,11,41.69
STORE_008,SKU20001,2025-05-22,20,75.8
STORE_008,SKU20001,2025-05-23,20,75.8
STORE_008,SKU20001,2025-05-24,18,68.22
STORE_008,SKU20001,2025-05-25,21,79.59
STORE_008,SKU20001,2025-05-26,18,68.22
STORE_008,SKU20001,2025-05-27,18,68.22
STORE_008,SKU20001,2025-05-28,14,53.06
STORE_008,SKU20001,2025-05-29,11,41.69
STORE_008,SKU20001,2025-05-30,16,60.64
STORE_008,SKU20001,2025-05-31,17,64.43
STORE_008,SKU20001,2025-06-01,13,49.27
STORE_008,SKU20001,2025-06-02,15,56.85
STORE_008,SKU20001,2025-06-03,14,53.06
STORE_008,SKU20001,2025-06-04,12,45.48
STORE_008,SKU20001,2025-06-05,13,49.27
STORE_008,SKU20001,2025-06-06,19,72.01
STORE_008,SKU20001,2025-06-07,14,53.06
STORE_008,SKU20001,2025-06-08,16,60.64
STORE_008,SKU20001,2025-06-09,13,49.27
STORE_008,SKU20001,2025-06-10,12,45.48
STORE_008,SKU20001,2025-06-11,8,30.32
STORE_008,SKU20001,2025-06-12,16,60.64
STORE_008,SKU20001,2025-06-13,15,56.85
STORE_008,SKU20001,2025-06-14,13,49.27
STORE_008,SKU20002,2025-04-20,9,53.91
STORE_008,SKU20002,2025-04-21,10,59.9
STORE_008,SKU20002,2025-04-22,8,47.92
STORE_008,SKU20002,2025-04-24,7,41.93
STORE_008,SKU20002,2025-04-25,7,41.93
STORE_008,SKU20002,2025-04-26,6,35.94
STORE_008,SKU20002,2025-04-27,8,47.92
STORE_008,SKU20002,2025-04-28,11,65.89
STORE_008,SKU20002,2025-04-29,4,23.96
STORE_008,SKU20002,2025-04-30,4,23.96
STORE_008,SKU20002,2025-05-01,7,41.93
STORE_008,SKU20002,2025-05-02,5,29.95
STORE_008,SKU20002,2025-05-03,7,41.93
STORE_008,SKU20002,2025-05-04,6,35.94
STORE_008,SKU20002,2025-05-05,6,35.94
STORE_008,SKU20002,2025-05-06,7,41.93
STORE_008,SKU20002,2025-05-07,5,29.95
STORE_008,SKU20002,2025-05-08,6,35.94
STORE_008,SKU20002,2025-05-09,10,59.9
STORE_008,SKU20002,2025-05-10,10,59.9
STORE_008,SKU20002,2025-05-11,10,59.9
STORE_008,SKU20002,2025-05-12,9,53.91
STORE_008,SKU20002,2025-05-13,6,35.94
STORE_008,SKU20002,2025-05-14,10,59.9
STORE_008,SKU20002,2025-05-15,8,47.92
STORE_008,SKU20002,2025-05-16,10,59.9
STORE_008,SKU20002,2025-05-18,7,41.93
STORE_008,SKU20002,2025-05-19,6,35.94
STORE_008,SKU20002,2025-05-20,8,47.92
STORE_008,SKU20002,2025-05-21,4,23.96
STORE_008,SKU20002,2025-05-22,8,47.92
STORE_008,SKU20002,2025-05-23,8,47.92
STORE_008,SKU20002,2025-05-24,10,59.9
STORE_008,SKU20002,2025-05-25,8,47.92
STORE_008,SKU20002,2025-05-27,7,41.93
STORE_008,SKU20002,2025-05-28,7,41.93
STORE_008,SKU20002,2025-05-29,8,47.92
STORE_008,SKU20002,2025-05-30,6,35.94
STORE_008,SKU20002,2025-05-31,9,53.91
STORE_008,SKU20002,2025-06-01,9,53.91
STORE_008,SKU20002,2025-06-02,8,47.92
STORE_008,SKU20002,2025-06-03,8,47.92
STORE_008,SKU20002,2025-06-04,6,35.94
STORE_008,SKU20002,2025-06-05,5,29.95
STORE_008,SKU20002,2025-06-06,8,47.92
STORE_008,SKU20002,2025-06-07,7,41.93
STORE_008,SKU20002,2025-06-08,5,29.95
STORE_008,SKU20002,2025-06-09,6,35.94
STORE_008,SKU20002,2025-06-10,7,41.93
STORE_008,SKU20002,2025-06-11,9,53.91
STORE_008,SKU20002,2025-06-12,12,71.88
STORE_008,SKU20002,2025-06-13,7,41.93
STORE_008,SKU20002,2025-06-14,9,53.91
STORE_008,SKU20003,2025-04-20,6,29.94
STORE_008,SKU20003,2025-04-21,5,24.95
STORE_008,SKU20003,2025-04-22,4,19.96
STORE_008,SKU20003,2025-04-23,3,14.97
STORE_008,SKU20003,2025-04-24,7,34.93
STORE_008,SKU20003,2025-04-25,4,19.96
STORE_008,SKU20003,2025-04-26,5,24.95
STORE_008,SKU20003,2025-04-27,5,24.95
STORE_008,SKU20003,2025-04-28,4,19.96
STORE_008,SKU20003,2025-04-30,4,19.96
STORE_008,SKU20003,2025-05-01,4,19.96
STORE_008,SKU20003,2025-05-02,6,29.94
STORE_008,SKU20003,2025-05-03,4,19.96
STORE_008,SKU20003,2025-05-04,7,34.93
STORE_008,SKU20003,2025-05-06,1,4.99
STORE_008,SKU20003,2025-05-07,6,29.94
STORE_008,SKU20003,2025-05-08,6,29.94
STORE_008,SKU20003,2025-05-09,6,29.94
STORE_008,SKU20003,2025-05-10,4,19.96
STORE_008,SKU20003,2025-05-12,3,14.97
STORE_008,SKU20003,2025-05-13,6,29.94
STORE_008,SKU20003,2025-05-14,7,34.93
STORE_008,SKU20003,2025-05-15,4,19.96
STORE_008,SKU20003,2025-05-16,5,24.95
STORE_008,SKU20003,2025-05-17,5,24.95
STORE_008,SKU20003,2025-05-18,6,29.94
STORE_008,SKU20003,2025-05-19,4,19.96
STORE_008,SKU20003,2025-05-20,4,19.96
STORE_008,SKU20003,2025-05-21,5,24.95
STORE_008,SKU20003,2025-05-22,4,19.96
STORE_008,SKU20003,2025-05-23,4,19.96
STORE_008,SKU20003,2025-05-24,5,24.95
STORE_008,SKU20003,2025-05-25,5,24.95
STORE_008,SKU20003,2025-05-26,5,24.95
STORE_008,SKU20003,2025-05-27,5,24.95
STORE_008,SKU20003,2025-05-28,5,24.95
STORE_008,SKU20003,2025-05-29,5,24.95
STORE_008,SKU20003,2025-05-30,2,9.98
STORE_008,SKU20003,2025-05-31,6,29.94
STORE_008,SKU20003,2025-06-01,5,24.95
STORE_008,SKU20003,2025-06-02,2,9.98
STORE_008,SKU20003,2025-06-03,6,29.94
STORE_008,SKU20003,2025-06-04,4,19.96
STORE_008,SKU20003,2025-06-05,3,14.97
STORE_008,SKU20003,2025-06-07,6,29.94
STORE_008,SKU20003,2025-06-08,7,34.93
STORE_008,SKU20003,2025-06-09,4,19.96
STORE_008,SKU20003,2025-06-10,7,34.93
STORE_008,SKU20003,2025-06-11,3,14.97
STORE_008,SKU20003,2025-06-12,6,29.94
STORE_008,SKU20003,2025-06-14,4,19.96
STORE_008,SKU20004,2025-04-20,8,34.32
STORE_008,SKU20004,2025-04-21,11,47.19
STORE_008,SKU20004,2025-04-22,9,38.61
STORE_008,SKU20004,2025-04-23,10,42.9
STORE_008,SKU20004,2025-04-24,10,42.9
STORE_008,SKU20004,2025-04-25,7,30.03
STORE_008,SKU20004,2025-04-26,8,34.32
STORE_008,SKU20004,2025-04-27,11,47.19
STORE_008,SKU20004,2025-04-28,7,30.03
STORE_008,SKU20004,2025-04-29,6,25.74
STORE_008,SKU20004,2025-04-30,7,30.03
STORE_008,SKU20004,2025-05-01,5,21.45
STORE_008,SKU20004,2025-05-02,7,30.03
STORE_008,SKU20004,2025-05-03,11,47.19
STORE_008,SKU20004,2025-05-04,9,38.61
STORE_008,SKU20004,2025-05-06,7,30.03
STORE_008,SKU20004,2025-05-07,10,42.9
STORE_008,SKU20004,2025-05-08,6,25.74
STORE_008,SKU20004,2025-05-10,9,38.61
STORE_008,SKU20004,2025-05-11,11,47.19
STORE_008,SKU20004,2025-05-12,7,30.03
STORE_008,SKU20004,2025-05-13,9,38.61
STORE_008,SKU20004,2025-05-14,8,34.32
STORE_008,SKU20004,2025-05-15,11,47.19
STORE_008,SKU20004,2025-05-16,14,60.06
STORE_008,SKU20004,2025-05-17,6,25.74
STORE_008,SKU20004,2025-05-18,5,21.45
STORE_008,SKU20004,2025-05-19,4,17.16
STORE_008,SKU20004,2025-05-20,8,34.32
STORE_008,SKU20004,2025-05-21,9,38.61
STORE_008,SKU20004,2025-05-22,11,47.19
STORE_008,SKU20004,2025-05-23,11,47.19
STORE_008,SKU20004,2025-05-24,9,38.61
STORE_008,SKU20004,2025-05-25,9,38.61
STORE_008,SKU20004,2025-05-27,9,38.61
STORE_008,SKU20004,2025-05-28,7,30.03
STORE_008,SKU20004,2025-05-30,8,34.32
STORE_008,SKU20004,2025-05-31,9,38.61
STORE_008,SKU20004,2025-06-01,9,38.61
STORE_008,SKU20004,2025-06-02,7,30.03
STORE_008,SKU20004,2025-06-03,10,42.9
STORE_008,SKU20004,2025-06-04,8,34.32
STORE_008,SKU20004,2025-06-06,9,38.61
STORE_008,SKU20004,2025-06-07,6,25.74
STORE_008,SKU20004,2025-06-08,8,34.32
STORE_008,SKU20004,2025-06-09,8,34.32
STORE_008,SKU20004,2025-06-10,6,25.74
STORE_008,SKU20004,2025-06-11,7,30.03
STORE_008,SKU20004,2025-06-12,5,21.45
STORE_008,SKU20004,2025-06-13,8,34.32
STORE_008,SKU20004,2025-06-14,10,42.9
STORE_008,SKU20005,2025-04-20,20,79.8
STORE_008,SKU20005,2025-04-21,11,43.89
STORE_008,SKU20005,2025-04-22,12,47.88
STORE_008,SKU20005,2025-04-23,21,83.79
STORE_008,SKU20005,2025-04-24,16,63.84
STORE_008,SKU20005,2025-04-25,25,99.75
STORE_008,SKU20005,2025-04-26,21,83.79
STORE_008,SKU20005,2025-04-27,27,107.73
STORE_008,SKU20005,2025-04-28,17,67.83
STORE_008,SKU20005,2025-04-29,16,63.84
STORE_008,SKU20005,2025-04-30,20,79.8
STORE_008,SKU20005,2025-05-01,21,83.79
STORE_008,SKU20005,2025-05-02,17,67.83
STORE_008,SKU20005,2025-05-03,22,87.78
STORE_008,SKU20005,2025-05-04,15,59.85
STORE_008,SKU20005,2025-05-05,15,59.85
STORE_008,SKU20005,2025-05-06,19,75.81
STORE_008,SKU20005,2025-05-07,16,63.84
STORE_008,SKU20005,2025-05-08,18,71.82
STORE_008,SKU20005,2025-05-09,19,75.81
STORE_008,SKU20005,2025-05-10,22,87.78
STORE_008,SKU20005,2025-05-11,23,91.77
STORE_008,SKU20005,2025-05-12,21,83.79
STORE_008,SKU20005,2025-05-13,14,55.86
STORE_008,SKU20005,2025-05-14,17,67.83
STORE_008,SKU20005,2025-05-15,17,67.83
STORE_008,SKU20005,2025-05-16,17,67.83
STORE_008,SKU20005,2025-05-17,19,75.81
STORE_008,SKU20005,2025-05-18,20,79.8
STORE_008,SKU20005,2025-05-19,10,39.9
STORE_008,SKU20005,2025-05-20,16,63.84
STORE_008,SKU20005,2025-05-21,20,79.8
STORE_008,SKU20005,2025-05-22,19,75.81
STORE_008,SKU20005,2025-05-23,16,63.84
STORE_008,SKU20005,2025-05-24,20,79.8
STORE_008,SKU20005,2025-05-25,30,119.7
STORE_008,SKU20005,2025-05-26,23,91.77
STORE_008,SKU20005,2025-05-27,14,55.86
STORE_008,SKU20005,2025-05-28,15,59.85
STORE_008,SKU20005,2025-05-29,20,79.8
STORE_008,SKU20005,2025-05-30,23,91.77
STORE_008,SKU20005,2025-05-31,21,83.79
STORE_008,SKU20005,2025-06-01,21,83.79
STORE_008,SKU20005,2025-06-02,14,55.86
STORE_008,SKU20005,2025-06-03,16,63.84
STORE_008,SKU20005,2025-06-04,16,63.84
STORE_008,SKU20005,2025-06-05,16,63.84
STORE_008,SKU20005,2025-06-06,15,59.85
STORE_008,SKU20005,2025-06-07,16,63.84
STORE_008,SKU20005,2025-06-08,22,87.78
STORE_008,SKU20005,2025-06-09,19,75.81
STORE_008,SKU20005,2025-06-10,14,55.86
STORE_008,SKU20005,2025-06-11,18,71.82
STORE_008,SKU20005,2025-06-12,17,67.83
STORE_008,SKU20005,2025-06-13,23,91.77
STORE_008,SKU20005,2025-06-14,24,95.76
STORE_008,SKU20006,2025-04-20,9,26.91
STORE_008,SKU20006,2025-04-21,5,14.95
STORE_008,SKU20006,2025-04-22,3,8.97
STORE_008,SKU20006,2025-04-23,4,11.96
STORE_008,SKU20006,2025-04-24,5,14.95
STORE_008,SKU20006,2025-04-25,5,14.95
STORE_008,SKU20006,2025-04-26,9,26.91
STORE_008,SKU20006,2025-04-27,8,23.92
STORE_008,SKU20006,2025-04-28,6,17.94
STORE_008,SKU20006,2025-04-29,8,23.92
STORE_008,SKU20006,2025-04-30,6,17.94
STORE_008,SKU20006,2025-05-01,7,20.93
STORE_008,SKU20006,2025-05-03,6,17.94
STORE_008,SKU20006,2025-05-04,8,23.92
STORE_008,SKU20006,2025-05-05,5,14.95
STORE_008,SKU20006,2025-05-06,5,14.95
STORE_008,SKU20006,2025-05-07,3,8.97
STORE_008,SKU20006,2025-05-08,6,17.94
STORE_008,SKU20006,2025-05-09,4,11.96
STORE_008,SKU20006,2025-05-10,5,14.95
STORE_008,SKU20006,2025-05-12,2,5.98
STORE_008,SKU20006,2025-05-13,6,17.94
STORE_008,SKU20006,2025-05-14,5,14.95
STORE_008,SKU20006,2025-05-15,4,11.96
STORE_008,SKU20006,2025-05-16,6,17.94
STORE_008,SKU20006,2025-05-17,8,23.92
STORE_008,SKU20006,2025-05-18,7,20.93
STORE_008,SKU20006,2025-05-19,6,17.94
STORE_008,SKU20006,2025-05-21,7,20.93
STORE_008,SKU20006,2025-05-22,6,17.94
STORE_008,SKU20006,2025-05-23,5,14.95
STORE_008,SKU20006,2025-05-24,3,8.97
STORE_008,SKU20006,2025-05-25,7,20.93
STORE_008,SKU20006,2025-05-26,5,14.95
STORE_008,SKU20006,2025-05-27,4,11.96
STORE_008,SKU20006,2025-05-28,10,29.9
STORE_008,SKU20006,2025-05-29,7,20.93
STORE_008,SKU20006,2025-05-30,6,17.94
STORE_008,SKU20006,2025-05-31,3,8.97
STORE_008,SKU20006,2025-06-01,6,17.94
STORE_008,SKU20006,2025-06-02,5,14.95
STORE_008,SKU20006,2025-06-03,6,17.94
STORE_008,SKU20006,2025-06-05,4,11.96
STORE_008,SKU20006,2025-06-06,5,14.95
STORE_008,SKU20006,2025-06-07,5,14.95
STORE_008,SKU20006,2025-06-08,7,20.93
STORE_008,SKU20006,2025-06-09,6,17.94
STORE_008,SKU20006,2025-06-10,6,17.94
STORE_008,SKU20006,2025-06-11,4,11.96
STORE_008,SKU20006,2025-06-12,8,23.92
STORE_008,SKU20006,2025-06-13,9,26.91
STORE_008,SKU20007,2025-04-20,7,24.43
STORE_008,SKU20007,2025-04-21,7,24.43
STORE_008,SKU20007,2025-04-22,7,24.43
STORE_008,SKU20007,2025-04-23,4,13.96
STORE_008,SKU20007,2025-04-24,7,24.43
STORE_008,SKU20007,2025-04-25,6,20.94
STORE_008,SKU20007,2025-04-26,8,27.92
STORE_008,SKU20007,2025-04-27,9,31.41
STORE_008,SKU20007,2025-04-28,5,17.45
STORE_008,SKU20007,2025-04-29,6,20.94
STORE_008,SKU20007,2025-05-01,7,24.43
STORE_008,SKU20007,2025-05-02,3,10.47
STORE_008,SKU20007,2025-05-03,11,38.39
STORE_008,SKU20007,2025-05-04,8,27.92
STORE_008,SKU20007,2025-05-05,8,27.92
STORE_008,SKU20007,2025-05-06,6,20.94
STORE_008,SKU20007,2025-05-07,8,27.92
STORE_008,SKU20007,2025-05-08,7,24.43
STORE_008,SKU20007,2025-05-09,6,20.94
STORE_008,SKU20007,2025-05-10,6,20.94
STORE_008,SKU20007,2025-05-11,11,38.39
STORE_008,SKU20007,2025-05-13,8,27.92
STORE_008,SKU20007,2025-05-14,6,20.94
STORE_008,SKU20007,2025-05-15,8,27.92
STORE_008,SKU20007,2025-05-16,5,17.45
STORE_008,SKU20007,2025-05-17,5,17.45
STORE_008,SKU20007,2025-05-18,8,27.92
STORE_008,SKU20007,2025-05-19,12,41.88
STORE_008,SKU20007,2025-05-20,8,27.92
STORE_008,SKU20007,2025-05-21,4,13.96
STORE_008,SKU20007,2025-05-22,8,27.92
STORE_008,SKU20007,2025-05-23,8,27.92
STORE_008,SKU20007,2025-05-24,8,27.92
STORE_008,SKU20007,2025-05-25,9,31.41
STORE_008,SKU20007,2025-05-26,9,31.41
STORE_008,SKU20007,2025-05-27,5,17.45
STORE_008,SKU20007,2025-05-28,7,24.43
STORE_008,SKU20007,2025-05-29,6,20.94
STORE_008,SKU20007,2025-05-30,5,17.45
STORE_008,SKU20007,2025-06-01,6,20.94
STORE_008,SKU20007,2025-06-02,6,20.94
STORE_008,SKU20007,2025-06-04,7,24.43
STORE_008,SKU20007,2025-06-05,9,31.41
STORE_008,SKU20007,2025-06-06,7,24.43
STORE_008,SKU20007,2025-06-08,7,24.43
STORE_008,SKU20007,2025-06-09,10,34.9
STORE_008,SKU20007,2025-06-10,8,27.92
STORE_008,SKU20007,2025-06-11,6,20.94
STORE_008,SKU20007,2025-06-12,10,34.9
STORE_008,SKU20007,2025-06-13,7,24.43
STORE_008,SKU20007,2025-06-14,8,27.92
STORE_008,SKU30000,2025-04-21,2,25.98
STORE_008,SKU30000,2025-04-22,1,12.99
STORE_008,SKU30000,2025-04-27,3,38.97
STORE_008,SKU30000,2025-04-29,3,38.97
STORE_008,SKU30000,2025-04-30,2,25.98
STORE_008,SKU30000,2025-05-02,1,12.99
STORE_008,SKU30000,2025-05-06,1,12.99
STORE_008,SKU30000,2025-05-09,1,12.99
STORE_008,SKU30000,2025-05-12,2,25.98
STORE_008,SKU30000,2025-05-16,1,12.99
STORE_008,SKU30000,2025-05-17,2,25.98
STORE_008,SKU30000,2025-05-18,3,38.97
STORE_008,SKU30000,2025-05-19,1,12.99
STORE_008,SKU30000,2025-05-20,1,12.99
STORE_008,SKU30000,2025-05-22,2,25.98
STORE_008,SKU30000,2025-05-24,1,12.99
STORE_008,SKU30000,2025-05-25,2,25.98
STORE_008,SKU30000,2025-05-27,1,12.99
STORE_008,SKU30000,2025-05-28,1,12.99
STORE_008,SKU30000,2025-05-29,1,12.99
STORE_008,SKU30000,2025-06-02,1,12.99
STORE_008,SKU30000,2025-06-06,1,12.99
STORE_008,SKU30000,2025-06-07,1,12.99
STORE_008,SKU30000,2025-06-08,2,25.98
STORE_008,SKU30000,2025-06-12,2,25.98
STORE_008,SKU30001,2025-04-20,5,44.95
STORE_008,SKU30001,2025-04-21,5,44.95
STORE_008,SKU30001,2025-04-23,3,26.97
STORE_008,SKU30001,2025-04-24,3,26.97
STORE_008,SKU30001,2025-04-25,3,26.97
STORE_008,SKU30001,2025-04-26,4,35.96
STORE_008,SKU30001,2025-04-27,4,35.96
STORE_008,SKU30001,2025-04-28,4,35.96
STORE_008,SKU30001,2025-04-29,5,44.95
STORE_008,SKU30001,2025-04-30,4,35.96
STORE_008,SKU30001,2025-05-01,3,26.97
STORE_008,SKU30001,2025-05-02,2,17.98
STORE_008,SKU30001,2025-05-04,7,62.93
STORE_008,SKU30001,2025-05-05,2,17.98
STORE_008,SKU30001,2025-05-06,5,44.95
STORE_008,SKU30001,2025-05-08,6,53.94
STORE_008,SKU30001,2025-05-09,2,17.98
STORE_008,SKU30001,2025-05-10,4,35.96
STORE_008,SKU30001,2025-05-11,6,53.94
STORE_008,SKU30001,2025-05-12,6,53.94
STORE_008,SKU30001,2025-05-13,3,26.97
STORE_008,SKU30001,2025-05-14,7,62.93
STORE_008,SKU30001,2025-05-15,4,35.96
STORE_008,SKU30001,2025-05-16,5,44.95
STORE_008,SKU30001,2025-05-17,5,44.95
STORE_008,SKU30001,2025-05-18,5,44.95
STORE_008,SKU30001,2025-05-19,2,17.98
STORE_008,SKU30001,2025-05-21,5,44.95
STORE_008,SKU30001,2025-05-22,5,44.95
STORE_008,SKU30001,2025-05-23,2,17.98
STORE_008,SKU30001,2025-05-24,5,44.95
STORE_008,SKU30001,2025-05-26,6,53.94
STORE_008,SKU30001,2025-05-27,2,17.98
STORE_008,SKU30001,2025-05-28,3,26.97
STORE_008,SKU30001,2025-05-30,4,35.96
STORE_008,SKU30001,2025-05-31,4,35.96
STORE_008,SKU30001,2025-06-01,1,8.99
STORE_008,SKU30001,2025-06-02,5,44.95
STORE_008,SKU30001,2025-06-03,3,26.97
STORE_008,SKU30001,2025-06-04,6,53.94
STORE_008,SKU30001,2025-06-05,4,35.96
STORE_008,SKU30001,2025-06-06,3,26.97
STORE_008,SKU30001,2025-06-08,6,53.94
STORE_008,SKU30001,2025-06-09,7,62.93
STORE_008,SKU30001,2025-06-10,4,35.96
STORE_008,SKU30001,2025-06-12,3,26.97
STORE_008,SKU30001,2025-06-14,3,26.97
STORE_008,SKU30002,2025-04-20,2,15.98
STORE_008,SKU30002,2025-04-21,4,31.96
STORE_008,SKU30002,2025-04-22,3,23.97
STORE_008,SKU30002,2025-04-23,4,31.96
STORE_008,SKU30002,2025-04-24,4,31.96
STORE_008,SKU30002,2025-04-25,4,31.96
STORE_008,SKU30002,2025-04-27,1,7.99
STORE_008,SKU30002,2025-04-28,4,31.96
STORE_008,SKU30002,2025-04-29,2,15.98
STORE_008,SKU30002,2025-05-01,4,31.96
STORE_008,SKU30002,2025-05-02,1,7.99
STORE_008,SKU30002,2025-05-03,3,23.97
STORE_008,SKU30002,2025-05-04,4,31.96
STORE_008,SKU30002,2025-05-05,4,31.96
STORE_008,SKU30002,2025-05-06,7,55.93
STORE_008,SKU30002,2025-05-07,4,31.96
STORE_008,SKU30002,2025-05-08,4,31.96
STORE_008,SKU30002,2025-05-09,2,15.98
STORE_008,SKU30002,2025-05-10,3,23.97
STORE_008,SKU30002,2025-05-11,4,31.96
STORE_008,SKU30002,2025-05-12,2,15.98
STORE_008,SKU30002,2025-05-13,4,31.96
STORE_008,SKU30002,2025-05-14,2,15.98
STORE_008,SKU30002,2025-05-15,2,15.98
STORE_008,SKU30002,2025-05-16,5,39.95
STORE_008,SKU30002,2025-05-17,4,31.96
STORE_008,SKU30002,2025-05-18,4,31.96
STORE_008,SKU30002,2025-05-19,2,15.98
STORE_008,SKU30002,2025-05-20,4,31.96
STORE_008,SKU30002,2025-05-22,4,31.96
STORE_008,SKU30002,2025-05-23,2,15.98
STORE_008,SKU30002,2025-05-25,4,31.96
STORE_008,SKU30002,2025-05-27,2,15.98
STORE_008,SKU30002,2025-05-29,3,23.97
STORE_008,SKU30002,2025-05-31,3,23.97
STORE_008,SKU30002,2025-06-01,4,31.96
STORE_008,SKU30002,2025-06-02,4,31.96
STORE_008,SKU30002,2025-06-03,4,31.96
STORE_008,SKU30002,2025-06-04,5,39.95
STORE_008,SKU30002,2025-06-05,3,23.97
STORE_008,SKU30002,2025-06-06,5,39.95
STORE_008,SKU30002,2025-06-07,5,39.95
STORE_008,SKU30002,2025-06-08,2,15.98
STORE_008,SKU30002,2025-06-09,5,39.95
STORE_008,SKU30002,2025-06-10,2,15.98
STORE_008,SKU30002,2025-06-11,4,31.96
STORE_008,SKU30002,2025-06-14,6,47.94
STORE_008,SKU30003,2025-04-20,2,18.98
STORE_008,SKU30003,2025-04-22,2,18.98
STORE_008,SKU30003,2025-04-23,2,18.98
STORE_008,SKU30003,2025-04-24,3,28.47
STORE_008,SKU30003,2025-04-26,2,18.98
STORE_008,SKU30003,2025-04-27,3,28.47
STORE_008,SKU30003,2025-04-29,2,18.98
STORE_008,SKU30003,2025-04-30,2,18.98
STORE_008,SKU30003,2025-05-04,1,9.49
STORE_008,SKU30003,2025-05-05,1,9.49
STORE_008,SKU30003,2025-05-06,4,37.96
STORE_008,SKU30003,2025-05-07,1,9.49
STORE_008,SKU30003,2025-05-08,1,9.49
STORE_008,SKU30003,2025-05-11,4,37.96
STORE_008,SKU30003,2025-05-13,2,18.98
STORE_008,SKU30003,2025-05-15,1,9.49
STORE_008,SKU30003,2025-05-16,1,9.49
STORE_008,SKU30003,2025-05-17,2,18.98
STORE_008,SKU30003,2025-05-18,3,28.47
STORE_008,SKU30003,2025-05-21,3,28.47
STORE_008,SKU30003,2025-05-22,2,18.98
STORE_008,SKU30003,2025-05-23,3,28.47
STORE_008,SKU30003,2025-05-26,3,28.47
STORE_008,SKU30003,2025-05-30,1,9.49
STORE_008,SKU30003,2025-06-01,2,18.98
STORE_008,SKU30003,2025-06-02,2,18.98
STORE_008,SKU30003,2025-06-04,3,28.47
STORE_008,SKU30003,2025-06-05,1,9.49
STORE_008,SKU30003,2025-06-06,3,28.47
STORE_008,SKU30003,2025-06-09,2,18.98
STORE_008,SKU30003,2025-06-11,2,18.98
STORE_008,SKU30003,2025-06-12,2,18.98
STORE_008,SKU30003,2025-06-14,2,18.98
STORE_008,SKU30004,2025-04-20,2,13.98
STORE_008,SKU30004,2025-04-21,3,20.97
STORE_008,SKU30004,2025-04-22,2,13.98
STORE_008,SKU30004,2025-04-25,2,13.98
STORE_008,SKU30004,2025-04-27,3,20.97
STORE_008,SKU30004,2025-04-28,3,20.97
STORE_008,SKU30004,2025-04-29,3,20.97
STORE_008,SKU30004,2025-04-30,2,13.98
STORE_008,SKU30004,2025-05-02,5,34.95
STORE_008,SKU30004,2025-05-03,3,20.97
STORE_008,SKU30004,2025-05-04,2,13.98
STORE_008,SKU30004,2025-05-05,3,20.97
STORE_008,SKU30004,2025-05-06,4,27.96
STORE_008,SKU30004,2025-05-08,3,20.97
STORE_008,SKU30004,2025-05-11,1,6.99
STORE_008,SKU30004,2025-05-12,2,13.98
STORE_008,SKU30004,2025-05-13,2,13.98
STORE_008,SKU30004,2025-05-14,2,13.98
STORE_008,SKU30004,2025-05-15,4,27.96
STORE_008,SKU30004,2025-05-16,2,13.98
STORE_008,SKU30004,2025-05-17,2,13.98
STORE_008,SKU30004,2025-05-18,1,6.99
STORE_008,SKU30004,2025-05-20,1,6.99
STORE_008,SKU30004,2025-05-21,3,20.97
STORE_008,SKU30004,2025-05-22,3,20.97
STORE_008,SKU30004,2025-05-23,1,6.99
STORE_008,SKU30004,2025-05-24,3,20.97
STORE_008,SKU30004,2025-05-25,6,41.94
STORE_008,SKU30004,2025-05-26,4,27.96
STORE_008,SKU30004,2025-05-27,4,27.96
STORE_008,SKU30004,2025-05-29,3,20.97
STORE_008,SKU30004,2025-05-30,2,13.98
STORE_008,SKU30004,2025-05-31,2,13.98
STORE_008,SKU30004,2025-06-01,3,20.97
STORE_008,SKU30004,2025-06-02,3,20.97
STORE_008,SKU30004,2025-06-03,2,13.98
STORE_008,SKU30004,2025-06-04,3,20.97
STORE_008,SKU30004,2025-06-05,4,27.96
STORE_008,SKU30004,2025-06-07,2,13.98
STORE_008,SKU30004,2025-06-08,1,6.99
STORE_008,SKU30004,2025-06-10,1,6.99
STORE_008,SKU30004,2025-06-11,1,6.99
STORE_008,SKU30004,2025-06-12,3,20.97
STORE_008,SKU40000,2025-04-20,6,17.94
STORE_008,SKU40000,2025-04-21,4,11.96
STORE_008,SKU40000,2025-04-23,5,14.95
STORE_008,SKU40000,2025-04-24,4,11.96
STORE_008,SKU40000,2025-04-25,4,11.96
STORE_008,SKU40000,2025-04-27,5,14.95
STORE_008,SKU40000,2025-04-28,6,17.94
STORE_008,SKU40000,2025-04-29,6,17.94
STORE_008,SKU40000,2025-04-30,3,8.97
STORE_008,SKU40000,2025-05-01,5,14.95
STORE_008,SKU40000,2025-05-02,7,20.93
STORE_008,SKU40000,2025-05-03,8,23.92
STORE_008,SKU40000,2025-05-04,8,23.92
STORE_008,SKU40000,2025-05-05,6,17.94
STORE_008,SKU40000,2025-05-06,5,14.95
STORE_008,SKU40000,2025-05-08,2,5.98
STORE_008,SKU40000,2025-05-09,8,23.92
STORE_008,SKU40000,2025-05-10,5,14.95
STORE_008,SKU40000,2025-05-11,2,5.98
STORE_008,SKU40000,2025-05-12,4,11.96
STORE_008,SKU40000,2025-05-13,5,14.95
STORE_008,SKU40000,2025-05-14,7,20.93
STORE_008,SKU40000,2025-05-15,5,14.95
STORE_008,SKU40000,2025-05-16,3,8.97
STORE_008,SKU40000,2025-05-17,6,17.94
STORE_008,SKU40000,2025-05-18,6,17.94
STORE_008,SKU40000,2025-05-19,5,14.95
STORE_008,SKU40000,2025-05-20,4,11.96
STORE_008,SKU40000,2025-05-21,6,17.94
STORE_008,SKU40000,2025-05-22,5,14.95
STORE_008,SKU40000,2025-05-23,5,14.95
STORE_008,SKU40000,2025-05-24,8,23.92
STORE_008,SKU40000,2025-05-25,7,20.93
STORE_008,SKU40000,2025-05-26,5,14.95
STORE_008,SKU40000,2025-05-27,4,11.96
STORE_008,SKU40000,2025-05-28,4,11.96
STORE_008,SKU40000,2025-05-29,5,14.95
STORE_008,SKU40000,2025-05-30,3,8.97
STORE_008,SKU40000,2025-05-31,5,14.95
STORE_008,SKU40000,2025-06-01,6,17.94
STORE_008,SKU40000,2025-06-02,6,17.94
STORE_008,SKU40000,2025-06-03,6,17.94
STORE_008,SKU40000,2025-06-05,5,14.95
STORE_008,SKU40000,2025-06-06,6,17.94
STORE_008,SKU40000,2025-06-07,4,11.96
STORE_008,SKU40000,2025-06-08,4,11.96
STORE_008,SKU40000,2025-06-09,6,17.94
STORE_008,SKU40000,2025-06-10,4,11.96
STORE_008,SKU40000,2025-06-11,2,5.98
STORE_008,SKU40000,2025-06-12,5,14.95
STORE_008,SKU40000,2025-06-13,9,26.91
STORE_008,SKU40000,2025-06-14,7,20.93
STORE_008,SKU40001,2025-04-20,5,29.95
STORE_008,SKU40001,2025-04-21,11,65.89
STORE_008,SKU40001,2025-04-22,8,47.92
STORE_008,SKU40001,2025-04-23,6,35.94
STORE_008,SKU40001,2025-04-24,8,47.92
STORE_008,SKU40001,2025-04-25,7,41.93
STORE_008,SKU40001,2025-04-26,6,35.94
STORE_008,SKU40001,2025-04-27,9,53.91
STORE_008,SKU40001,2025-04-29,6,35.94
STORE_008,SKU40001,2025-04-30,10,59.9
STORE_008,SKU40001,2025-05-01,10,59.9
STORE_008,SKU40001,2025-05-02,8,47.92
STORE_008,SKU40001,2025-05-03,12,71.88
STORE_008,SKU40001,2025-05-04,6,35.94
STORE_008,SKU40001,2025-05-05,7,41.93
STORE_008,SKU40001,2025-05-06,10,59.9
STORE_008,SKU40001,2025-05-07,9,53.91
STORE_008,SKU40001,2025-05-08,8,47.92
STORE_008,SKU40001,2025-05-09,9,53.91
STORE_008,SKU40001,2025-05-10,13,77.87
STORE_008,SKU40001,2025-05-11,11,65.89
STORE_008,SKU40001,2025-05-12,11,65.89
STORE_008,SKU40001,2025-05-13,10,59.9
STORE_008,SKU40001,2025-05-14,12,71.88
STORE_008,SKU40001,2025-05-15,8,47.92
STORE_008,SKU40001,2025-05-16,12,71.88
STORE_008,SKU40001,2025-05-17,7,41.93
STORE_008,SKU40001,2025-05-18,8,47.92
STORE_008,SKU40001,2025-05-19,11,65.89
STORE_008,SKU40001,2025-05-20,6,35.94
STORE_008,SKU40001,2025-05-22,13,77.87
STORE_008,SKU40001,2025-05-23,7,41.93
STORE_008,SKU40001,2025-05-24,10,59.9
STORE_008,SKU40001,2025-05-25,11,65.89
STORE_008,SKU40001,2025-05-26,10,59.9
STORE_008,SKU40001,2025-05-27,8,47.92
STORE_008,SKU40001,2025-05-28,6,35.94
STORE_008,SKU40001,2025-05-29,12,71.88
STORE_008,SKU40001,2025-05-30,7,41.93
STORE_008,SKU40001,2025-05-31,9,53.91
STORE_008,SKU40001,2025-06-01,19,113.81
STORE_008,SKU40001,2025-06-02,8,47.92
STORE_008,SKU40001,2025-06-03,10,59.9
STORE_008,SKU40001,2025-06-04,6,35.94
STORE_008,SKU40001,2025-06-05,8,47.92
STORE_008,SKU40001,2025-06-06,11,65.89
STORE_008,SKU40001,2025-06-07,14,83.86
STORE_008,SKU40001,2025-06-08,9,53.91
STORE_008,SKU40001,2025-06-09,5,29.95
STORE_008,SKU40001,2025-06-10,10,59.9
STORE_008,SKU40001,2025-06-11,6,35.94
STORE_008,SKU40001,2025-06-12,10,59.9
STORE_008,SKU40001,2025-06-13,9,53.91
STORE_008,SKU40001,2025-06-14,6,35.94
STORE_008,SKU40002,2025-04-20,8,55.92
STORE_008,SKU40002,2025-04-22,5,34.95
STORE_008,SKU40002,2025-04-23,5,34.95
STORE_008,SKU40002,2025-04-24,10,69.9
STORE_008,SKU40002,2025-04-25,11,76.89
STORE_008,SKU40002,2025-04-26,9,62.91
STORE_008,SKU40002,2025-04-28,5,34.95
STORE_008,SKU40002,2025-04-29,6,41.94
STORE_008,SKU40002,2025-04-30,6,41.94
STORE_008,SKU40002,2025-05-01,10,69.9
STORE_008,SKU40002,2025-05-02,9,62.91
STORE_008,SKU40002,2025-05-03,8,55.92
STORE_008,SKU40002,2025-05-04,8,55.92
STORE_008,SKU40002,2025-05-05,6,41.94
STORE_008,SKU40002,2025-05-06,8,55.92
STORE_008,SKU40002,2025-05-07,10,69.9
STORE_008,SKU40002,2025-05-08,8,55.92
STORE_008,SKU40002,2025-05-09,7,48.93
STORE_008,SKU40002,2025-05-10,10,69.9
STORE_008,SKU40002,2025-05-11,7,48.93
STORE_008,SKU40002,2025-05-12,11,76.89
STORE_008,SKU40002,2025-05-13,11,76.89
STORE_008,SKU40002,2025-05-14,7,48.93
STORE_008,SKU40002,2025-05-15,6,41.94
STORE_008,SKU40002,2025-05-16,6,41.94
STORE_008,SKU40002,2025-05-17,8,55.92
STORE_008,SKU40002,2025-05-18,9,62.91
STORE_008,SKU40002,2025-05-19,4,27.96
STORE_008,SKU40002,2025-05-21,9,62.91
STORE_008,SKU40002,2025-05-23,7,48.93
STORE_008,SKU40002,2025-05-24,10,69.9
STORE_008,SKU40002,2025-05-26,6,41.94
STORE_008,SKU40002,2025-05-27,8,55.92
STORE_008,SKU40002,2025-05-28,9,62.91
STORE_008,SKU40002,2025-05-29,5,34.95
STORE_008,SKU40002,2025-05-30,8,55.92
STORE_008,SKU40002,2025-05-31,11,76.89
STORE_008,SKU40002,2025-06-01,13,90.87
STORE_008,SKU40002,2025-06-02,9,62.91
STORE_008,SKU40002,2025-06-03,7,48.93
STORE_008,SKU40002,2025-06-04,6,41.94
STORE_008,SKU40002,2025-06-05,8,55.92
STORE_008,SKU40002,2025-06-06,8,55.92
STORE_008,SKU40002,2025-06-07,9,62.91
STORE_008,SKU40002,2025-06-08,9,62.91
STORE_008,SKU40002,2025-06-09,5,34.95
STORE_008,SKU40002,2025-06-10,9,62.91
STORE_008,SKU40002,2025-06-11,4,27.96
STORE_008,SKU40002,2025-06-12,4,27.96
STORE_008,SKU40002,2025-06-13,3,20.97
STORE_008,SKU40002,2025-06-14,10,69.9
STORE_008,SKU40003,2025-04-20,8,59.92
STORE_008,SKU40003,2025-04-21,6,44.94
STORE_008,SKU40003,2025-04-22,5,37.45
STORE_008,SKU40003,2025-04-23,5,37.45
STORE_008,SKU40003,2025-04-24,4,29.96
STORE_008,SKU40003,2025-04-25,6,44.94
STORE_008,SKU40003,2025-04-26,3,22.47
STORE_008,SKU40003,2025-04-27,4,29.96
STORE_008,SKU40003,2025-04-29,4,29.96
STORE_008,SKU40003,2025-05-01,7,52.43
STORE_008,SKU40003,2025-05-02,6,44.94
STORE_008,SKU40003,2025-05-03,5,37.45
STORE_008,SKU40003,2025-05-04,5,37.45
STORE_008,SKU40003,2025-05-05,7,52.43
STORE_008,SKU40003,2025-05-06,6,44.94
STORE_008,SKU40003,2025-05-07,2,14.98
STORE_008,SKU40003,2025-05-08,4,29.96
STORE_008,SKU40003,2025-05-09,4,29.96
STORE_008,SKU40003,2025-05-10,6,44.94
STORE_008,SKU40003,2025-05-12,4,29.96
STORE_008,SKU40003,2025-05-13,3,22.47
STORE_008,SKU40003,2025-05-15,6,44.94
STORE_008,SKU40003,2025-05-16,6,44.94
STORE_008,SKU40003,2025-05-17,3,22.47
STORE_008,SKU40003,2025-05-18,7,52.43
STORE_008,SKU40003,2025-05-19,8,59.92
STORE_008,SKU40003,2025-05-20,6,44.94
STORE_008,SKU40003,2025-05-21,4,29.96
STORE_008,SKU40003,2025-05-22,7,52.43
STORE_008,SKU40003,2025-05-23,4,29.96
STORE_008,SKU40003,2025-05-24,7,52.43
STORE_008,SKU40003,2025-05-25,6,44.94
STORE_008,SKU40003,2025-05-26,3,22.47
STORE_008,SKU40003,2025-05-27,8,59.92
STORE_008,SKU40003,2025-05-28,7,52.43
STORE_008,SKU40003,2025-05-30,5,37.45
STORE_008,SKU40003,2025-06-01,8,59.92
STORE_008,SKU40003,2025-06-02,5,37.45
STORE_008,SKU40003,2025-06-03,5,37.45
STORE_008,SKU40003,2025-06-04,9,67.41
STORE_008,SKU40003,2025-06-05,4,29.96
STORE_008,SKU40003,2025-06-06,6,44.94
STORE_008,SKU40003,2025-06-08,4,29.96
STORE_008,SKU40003,2025-06-09,5,37.45
STORE_008,SKU40003,2025-06-10,5,37.45
STORE_008,SKU40003,2025-06-12,10,74.9
STORE_008,SKU40003,2025-06-13,5,37.45
STORE_008,SKU40003,2025-06-14,8,59.92
STORE_009,SKU10000,2025-04-20,9,17.91
STORE_009,SKU10000,2025-04-21,10,19.9
STORE_009,SKU10000,2025-04-22,7,13.93
STORE_009,SKU10000,2025-04-23,6,11.94
STORE_009,SKU10000,2025-04-24,3,5.97
STORE_009,SKU10000,2025-04-25,8,15.92
STORE_009,SKU10000,2025-04-26,8,15.92
STORE_009,SKU10000,2025-04-27,6,11.94
STORE_009,SKU10000,2025-04-28,8,15.92
STORE_009,SKU10000,2025-04-29,6,11.94
STORE_009,SKU10000,2025-04-30,7,13.93
STORE_009,SKU10000,2025-05-01,9,17.91
STORE_009,SKU10000,2025-05-02,7,13.93
STORE_009,SKU10000,2025-05-03,10,19.9
STORE_009,SKU10000,2025-05-04,8,15.92
STORE_009,SKU10000,2025-05-05,10,19.9
STORE_009,SKU10000,2025-05-06,5,9.95
STORE_009,SKU10000,2025-05-07,3,5.97
STORE_009,SKU10000,2025-05-09,7,13.93
STORE_009,SKU10000,2025-05-10,10,19.9
STORE_009,SKU10000,2025-05-11,9,17.91
STORE_009,SKU10000,2025-05-12,6,11.94
STORE_009,SKU10000,2025-05-13,7,13.93
STORE_009,SKU10000,2025-05-14,1,1.99
STORE_009,SKU10000,2025-05-15,6,11.94
STORE_009,SKU10000,2025-05-16,9,17.91
STORE_009,SKU10000,2025-05-18,8,15.92
STORE_009,SKU10000,2025-05-19,4,7.96
STORE_009,SKU10000,2025-05-20,11,21.89
STORE_009,SKU10000,2025-05-21,5,9.95
STORE_009,SKU10000,2025-05-22,14,27.86
STORE_009,SKU10000,2025-05-23,7,13.93
STORE_009,SKU10000,2025-05-24,7,13.93
STORE_009,SKU10000,2025-05-25,5,9.95
STORE_009,SKU10000,2025-05-26,5,9.95
STORE_009,SKU10000,2025-05-27,9,17.91
STORE_009,SKU10000,2025-05-28,5,9.95
STORE_009,SKU10000,2025-05-29,4,7.96
STORE_009,SKU10000,2025-05-30,2,3.98
STORE_009,SKU10000,2025-05-31,6,11.94
STORE_009,SKU10000,2025-06-01,10,19.9
STORE_009,SKU10000,2025-06-02,4,7.96
STORE_009,SKU10000,2025-06-03,16,31.84
STORE_009,SKU10000,2025-06-04,11,21.89
STORE_009,SKU10000,2025-06-06,5,9.95
STORE_009,SKU10000,2025-06-07,6,11.94
STORE_009,SKU10000,2025-06-08,1,1.99
STORE_009,SKU10000,2025-06-09,5,9.95
STORE_009,SKU10000,2025-06-10,5,9.95
STORE_009,SKU10000,2025-06-11,9,17.91
STORE_009,SKU10000,2025-06-12,10,19.9
STORE_009,SKU10000,2025-06-13,9,17.91
STORE_009,SKU10000,2025-06-14,12,23.88
STORE_009,SKU10001,2025-04-20,4,19.96
STORE_009,SKU10001,2025-04-21,3,14.97
STORE_009,SKU10001,2025-04-22,5,24.95
STORE_009,SKU10001,2025-04-23,2,9.98
STORE_009,SKU10001,2025-04-24,4,19.96
STORE_009,SKU10001,2025-04-25,4,19.96
STORE_009,SKU10001,2025-04-26,5,24.95
STORE_009,SKU10001,2025-04-27,6,29.94
STORE_009,SKU10001,2025-04-28,2,9.98
STORE_009,SKU10001,2025-04-29,2,9.98
STORE_009,SKU10001,2025-04-30,8,39.92
STORE_009,SKU10001,2025-05-01,2,9.98
STORE_009,SKU10001,2025-05-02,3,14.97
STORE_009,SKU10001,2025-05-03,5,24.95
STORE_009,SKU10001,2025-05-06,2,9.98
STORE_009,SKU10001,2025-05-08,1,4.99
STORE_009,SKU10001,2025-05-09,2,9.98
STORE_009,SKU10001,2025-05-10,7,34.93
STORE_009,SKU10001,2025-05-11,3,14.97
STORE_009,SKU10001,2025-05-12,3,14.97
STORE_009,SKU10001,2025-05-13,2,9.98
STORE_009,SKU10001,2025-05-14,4,19.96
STORE_009,SKU10001,2025-05-15,5,24.95
STORE_009,SKU10001,2025-05-17,1,4.99
STORE_009,SKU10001,2025-05-18,7,34.93
STORE_009,SKU10001,2025-05-19,3,14.97
STORE_009,SKU10001,2025-05-21,4,19.96
STORE_009,SKU10001,2025-05-22,3,14.97
STORE_009,SKU10001,2025-05-23,2,9.98
STORE_009,SKU10001,2025-05-24,1,4.99
STORE_009,SKU10001,2025-05-26,6,29.94
STORE_009,SKU10001,2025-05-27,6,29.94
STORE_009,SKU10001,2025-05-28,1,4.99
STORE_009,SKU10001,2025-05-29,4,19.96
STORE_009,SKU10001,2025-05-31,2,9.98
STORE_009,SKU10001,2025-06-01,3,14.97
STORE_009,SKU10001,2025-06-02,2,9.98
STORE_009,SKU10001,2025-06-03,5,24.95
STORE_009,SKU10001,2025-06-05,2,9.98
STORE_009,SKU10001,2025-06-06,5,24.95
STORE_009,SKU10001,2025-06-08,2,9.98
STORE_009,SKU10001,2025-06-09,6,29.94
STORE_009,SKU10001,2025-06-10,8,39.92
STORE_009,SKU10001,2025-06-11,6,29.94
STORE_009,SKU10001,2025-06-12,3,14.97
STORE_009,SKU10001,2025-06-13,8,39.92
STORE_009,SKU10001,2025-06-14,6,29.94
STORE_009,SKU10002,2025-04-22,4,9.96
STORE_009,SKU10002,2025-04-23,2,4.98
STORE_009,SKU10002,2025-04-25,2,4.98
STORE_009,SKU10002,2025-04-26,5,12.45
STORE_009,SKU10002,2025-04-27,2,4.98
STORE_009,SKU10002,2025-04-28,1,2.49
STORE_009,SKU10002,2025-04-29,2,4.98
STORE_009,SKU10002,2025-04-30,2,4.98
STORE_009,SKU10002,2025-05-01,2,4.98
STORE_009,SKU10002,2025-05-02,4,9.96
STORE_009,SKU10002,2025-05-03,4,9.96
STORE_009,SKU10002,2025-05-04,3,7.47
STORE_009,SKU10002,2025-05-05,1,2.49
STORE_009,SKU10002,2025-05-06,1,2.49
STORE_009,SKU10002,2025-05-07,5,12.45
STORE_009,SKU10002,2025-05-08,7,17.43
STORE_009,SKU10002,2025-05-10,1,2.49
STORE_009,SKU10002,2025-05-11,2,4.98
STORE_009,SKU10002,2025-05-12,5,12.45
STORE_009,SKU10002,2025-05-13,2,4.98
STORE_009,SKU10002,2025-05-14,4,9.96
STORE_009,SKU10002,2025-05-15,2,4.98
STORE_009,SKU10002,2025-05-16,1,2.49
STORE_009,SKU10002,2025-05-17,2,4.98
STORE_009,SKU10002,2025-05-19,4,9.96
STORE_009,SKU10002,2025-05-20,1,2.49
STORE_009,SKU10002,2025-05-21,1,2.49
STORE_009,SKU10002,2025-05-22,1,2.49
STORE_009,SKU10002,2025-05-23,6,14.94
STORE_009,SKU10002,2025-05-24,2,4.98
STORE_009,SKU10002,2025-05-25,3,7.47
STORE_009,SKU10002,2025-05-29,4,9.96
STORE_009,SKU10002,2025-05-30,3,7.47
STORE_009,SKU10002,2025-05-31,6,14.94
STORE_009,SKU10002,2025-06-01,5,12.45
STORE_009,SKU10002,2025-06-03,2,4.98
STORE_009,SKU10002,2025-06-04,2,4.98
STORE_009,SKU10002,2025-06-05,2,4.98
STORE_009,SKU10002,2025-06-06,5,12.45
STORE_009,SKU10002,2025-06-07,1,2.49
STORE_009,SKU10002,2025-06-08,1,2.49
STORE_009,SKU10002,2025-06-10,1,2.49
STORE_009,SKU10002,2025-06-12,2,4.98
STORE_009,SKU10002,2025-06-13,5,12.45
STORE_009,SKU10002,2025-06-14,4,9.96
STORE_009,SKU10003,2025-04-20,7,23.03
STORE_009,SKU10003,2025-04-21,5,16.45
STORE_009,SKU10003,2025-04-22,4,13.16
STORE_009,SKU10003,2025-04-23,4,13.16
STORE_009,SKU10003,2025-04-24,5,16.45
STORE_009,SKU10003,2025-04-25,3,9.87
STORE_009,SKU10003,2025-04-26,3,9.87
STORE_009,SKU10003,2025-04-27,4,13.16
STORE_009,SKU10003,2025-04-28,1,3.29
STORE_009,SKU10003,2025-04-29,2,6.58
STORE_009,SKU10003,2025-04-30,7,23.03
STORE_009,SKU10003,2025-05-01,4,13.16
STORE_009,SKU10003,2025-05-02,5,16.45
STORE_009,SKU10003,2025-05-03,6,19.74
STORE_009,SKU10003,2025-05-04,5,16.45
STORE_009,SKU10003,2025-05-05,7,23.03
STORE_009,SKU10003,2025-05-06,3,9.87
STORE_009,SKU10003,2025-05-07,5,16.45
STORE_009,SKU10003,2025-05-08,2,6.58
STORE_009,SKU10003,2025-05-10,3,9.87
STORE_009,SKU10003,2025-05-11,5,16.45
STORE_009,SKU10003,2025-05-12,2,6.58
STORE_009,SKU10003,2025-05-13,9,29.61
STORE_009,SKU10003,2025-05-14,4,13.16
STORE_009,SKU10003,2025-05-15,6,19.74
STORE_009,SKU10003,2025-05-16,8,26.32
STORE_009,SKU10003,2025-05-17,5,16.45
STORE_009,SKU10003,2025-05-18,3,9.87
STORE_009,SKU10003,2025-05-19,1,3.29
STORE_009,SKU10003,2025-05-21,7,23.03
STORE_009,SKU10003,2025-05-22,1,3.29
STORE_009,SKU10003,2025-05-23,5,16.45
STORE_009,SKU10003,2025-05-24,5,16.45
STORE_009,SKU10003,2025-05-25,5,16.45
STORE_009,SKU10003,2025-05-26,4,13.16
STORE_009,SKU10003,2025-05-28,7,23.03
STORE_009,SKU10003,2025-05-29,5,16.45
STORE_009,SKU10003,2025-05-30,3,9.87
STORE_009,SKU10003,2025-05-31,5,16.45
STORE_009,SKU10003,2025-06-01,5,16.45
STORE_009,SKU10003,2025-06-02,9,29.61
STORE_009,SKU10003,2025-06-03,8,26.32
STORE_009,SKU10003,2025-06-04,2,6.58
STORE_009,SKU10003,2025-06-05,5,16.45
STORE_009,SKU10003,2025-06-07,7,23.03
STORE_009,SKU10003,2025-06-08,7,23.03
STORE_009,SKU10003,2025-06-09,3,9.87
STORE_009,SKU10003,2025-06-10,4,13.16
STORE_009,SKU10003,2025-06-11,7,23.03
STORE_009,SKU10003,2025-06-12,4,13.16
STORE_009,SKU10003,2025-06-14,4,13.16
STORE_009,SKU10004,2025-04-20,1,3.99
STORE_009,SKU10004,2025-04-21,6,23.94
STORE_009,SKU10004,2025-04-22,3,11.97
STORE_009,SKU10004,2025-04-23,7,27.93
STORE_009,SKU10004,2025-04-25,3,11.97
STORE_009,SKU10004,2025-04-26,6,23.94
STORE_009,SKU10004,2025-04-27,2,7.98
STORE_009,SKU10004,2025-04-28,2,7.98
STORE_009,SKU10004,2025-04-29,1,3.99
STORE_009,SKU10004,2025-04-30,5,19.95
STORE_009,SKU10004,2025-05-01,1,3.99
STORE_009,SKU10004,2025-05-02,4,15.96
STORE_009,SKU10004,2025-05-03,2,7.98
STORE_009,SKU10004,2025-05-06,2,7.98
STORE_009,SKU10004,2025-05-07,3,11.97
STORE_009,SKU10004,2025-05-08,5,19.95
STORE_009,SKU10004,2025-05-09,1,3.99
STORE_009,SKU10004,2025-05-10,4,15.96
STORE_009,SKU10004,2025-05-11,9,35.91
STORE_009,SKU10004,2025-05-12,6,23.94
STORE_009,SKU10004,2025-05-13,3,11.97
STORE_009,SKU10004,2025-05-14,3,11.97
STORE_009,SKU10004,2025-05-15,2,7.98
STORE_009,SKU10004,2025-05-16,4,15.96
STORE_009,SKU10004,2025-05-17,1,3.99
STORE_009,SKU10004,2025-05-18,3,11.97
STORE_009,SKU10004,2025-05-19,1,3.99
STORE_009,SKU10004,2025-05-20,2,7.98
STORE_009,SKU10004,2025-05-21,3,11.97
STORE_009,SKU10004,2025-05-23,2,7.98
STORE_009,SKU10004,2025-05-24,2,7.98
STORE_009,SKU10004,2025-05-25,6,23.94
STORE_009,SKU10004,2025-05-26,1,3.99
STORE_009,SKU10004,2025-05-27,3,11.97
STORE_009,SKU10004,2025-05-28,3,11.97
STORE_009,SKU10004,2025-05-29,5,19.95
STORE_009,SKU10004,2025-05-30,5,19.95
STORE_009,SKU10004,2025-05-31,7,27.93
STORE_009,SKU10004,2025-06-01,6,23.94
STORE_009,SKU10004,2025-06-02,4,15.96
STORE_009,SKU10004,2025-06-03,5,19.95
STORE_009,SKU10004,2025-06-04,2,7.98
STORE_009,SKU10004,2025-06-05,3,11.97
STORE_009,SKU10004,2025-06-06,3,11.97
STORE_009,SKU10004,2025-06-07,2,7.98
STORE_009,SKU10004,2025-06-08,6,23.94
STORE_009,SKU10004,2025-06-09,5,19.95
STORE_009,SKU10004,2025-06-10,6,23.94
STORE_009,SKU10004,2025-06-11,3,11.97
STORE_009,SKU10004,2025-06-14,3,11.97
STORE_009,SKU10005,2025-04-21,1,4.49
STORE_009,SKU10005,2025-04-22,4,17.96
STORE_009,SKU10005,2025-04-23,5,22.45
STORE_009,SKU10005,2025-04-25,2,8.98
STORE_009,SKU10005,2025-04-27,2,8.98
STORE_009,SKU10005,2025-04-28,3,13.47
STORE_009,SKU10005,2025-04-29,1,4.49
STORE_009,SKU10005,2025-04-30,3,13.47
STORE_009,SKU10005,2025-05-01,5,22.45
STORE_009,SKU10005,2025-05-02,6,26.94
STORE_009,SKU10005,2025-05-04,3,13.47
STORE_009,SKU10005,2025-05-05,2,8.98
STORE_009,SKU10005,2025-05-06,4,17.96
STORE_009,SKU10005,2025-05-08,4,17.96
STORE_009,SKU10005,2025-05-09,5,22.45
STORE_009,SKU10005,2025-05-10,2,8.98
STORE_009,SKU10005,2025-05-11,1,4.49
STORE_009,SKU10005,2025-05-12,2,8.98
STORE_009,SKU10005,2025-05-14,1,4.49
STORE_009,SKU10005,2025-05-15,4,17.96
STORE_009,SKU10005,2025-05-16,3,13.47
STORE_009,SKU10005,2025-05-18,6,26.94
STORE_009,SKU10005,2025-05-19,1,4.49
STORE_009,SKU10005,2025-05-20,2,8.98
STORE_009,SKU10005,2025-05-21,5,22.45
STORE_009,SKU10005,2025-05-22,3,13.47
STORE_009,SKU10005,2025-05-23,2,8.98
STORE_009,SKU10005,2025-05-24,3,13.47
STORE_009,SKU10005,2025-05-25,4,17.96
STORE_009,SKU10005,2025-05-26,2,8.98
STORE_009,SKU10005,2025-05-27,3,13.47
STORE_009,SKU10005,2025-05-28,6,26.94
STORE_009,SKU10005,2025-05-30,1,4.49
STORE_009,SKU10005,2025-05-31,1,4.49
STORE_009,SKU10005,2025-06-01,4,17.96
STORE_009,SKU10005,2025-06-04,1,4.49
STORE_009,SKU10005,2025-06-05,1,4.49
STORE_009,SKU10005,2025-06-06,3,13.47
STORE_009,SKU10005,2025-06-07,3,13.47
STORE_009,SKU10005,2025-06-08,2,8.98
STORE_009,SKU10005,2025-06-11,3,13.47
STORE_009,SKU10005,2025-06-13,1,4.49
STORE_009,SKU10006,2025-04-20,2,11.98
STORE_009,SKU10006,2025-04-21,1,5.99
STORE_009,SKU10006,2025-04-22,3,17.97
STORE_009,SKU10006,2025-04-24,2,11.98
STORE_009,SKU10006,2025-04-26,4,23.96
STORE_009,SKU10006,2025-04-27,3,17.97
STORE_009,SKU10006,2025-04-28,4,23.96
STORE_009,SKU10006,2025-04-29,1,5.99
STORE_009,SKU10006,2025-04-30,1,5.99
STORE_009,SKU10006,2025-05-02,2,11.98
STORE_009,SKU10006,2025-05-03,4,23.96
STORE_009,SKU10006,2025-05-05,2,11.98
STORE_009,SKU10006,2025-05-06,3,17.97
STORE_009,SKU10006,2025-05-07,2,11.98
STORE_009,SKU10006,2025-05-08,4,23.96
STORE_009,SKU10006,2025-05-10,3,17.97
STORE_009,SKU10006,2025-05-12,3,17.97
STORE_009,SKU10006,2025-05-14,1,5.99
STORE_009,SKU10006,2025-05-15,2,11.98
STORE_009,SKU10006,2025-05-16,1,5.99
STORE_009,SKU10006,2025-05-17,4,23.96
STORE_009,SKU10006,2025-05-18,4,23.96
STORE_009,SKU10006,2025-05-19,1,5.99
STORE_009,SKU10006,2025-05-20,2,11.98
STORE_009,SKU10006,2025-05-21,2,11.98
STORE_009,SKU10006,2025-05-23,3,17.97
STORE_009,SKU10006,2025-05-24,2,11.98
STORE_009,SKU10006,2025-05-26,1,5.99
STORE_009,SKU10006,2025-05-27,1,5.99
STORE_009,SKU10006,2025-05-31,2,11.98
STORE_009,SKU10006,2025-06-01,2,11.98
STORE_009,SKU10006,2025-06-02,4,23.96
STORE_009,SKU10006,2025-06-03,2,11.98
STORE_009,SKU10006,2025-06-05,3,17.97
STORE_009,SKU10006,2025-06-06,2,11.98
STORE_009,SKU10006,2025-06-07,2,11.98
STORE_009,SKU10006,2025-06-09,1,5.99
STORE_009,SKU10006,2025-06-11,2,11.98
STORE_009,SKU10006,2025-06-14,1,5.99
STORE_009,SKU10007,2025-04-20,4,17.16
STORE_009,SKU10007,2025-04-21,7,30.03
STORE_009,SKU10007,2025-04-22,3,12.87
STORE_009,SKU10007,2025-04-23,3,12.87
STORE_009,SKU10007,2025-04-24,5,21.45
STORE_009,SKU10007,2025-04-25,1,4.29
STORE_009,SKU10007,2025-04-27,1,4.29
STORE_009,SKU10007,2025-04-28,5,21.45
STORE_009,SKU10007,2025-04-29,9,38.61
STORE_009,SKU10007,2025-04-30,4,17.16
STORE_009,SKU10007,2025-05-01,4,17.16
STORE_009,SKU10007,2025-05-02,5,21.45
STORE_009,SKU10007,2025-05-03,2,8.58
STORE_009,SKU10007,2025-05-04,3,12.87
STORE_009,SKU10007,2025-05-05,3,12.87
STORE_009,SKU10007,2025-05-06,1,4.29
STORE_009,SKU10007,2025-05-07,8,34.32
STORE_009,SKU10007,2025-05-08,6,25.74
STORE_009,SKU10007,2025-05-09,6,25.74
STORE_009,SKU10007,2025-05-11,4,17.16
STORE_009,SKU10007,2025-05-13,3,12.87
STORE_009,SKU10007,2025-05-14,4,17.16
STORE_009,SKU10007,2025-05-15,4,17.16
STORE_009,SKU10007,2025-05-16,4,17.16
STORE_009,SKU10007,2025-05-17,1,4.29
STORE_009,SKU10007,2025-05-18,2,8.58
STORE_009,SKU10007,2025-05-19,3,12.87
STORE_009,SKU10007,2025-05-20,3,12.87
STORE_009,SKU10007,2025-05-22,4,17.16
STORE_009,SKU10007,2025-05-24,5,21.45
STORE_009,SKU10007,2025-05-25,5,21.45
STORE_009,SKU10007,2025-05-26,4,17.16
STORE_009,SKU10007,2025-05-28,8,34.32
STORE_009,SKU10007,2025-05-29,2,8.58
STORE_009,SKU10007,2025-05-30,3,12.87
STORE_009,SKU10007,2025-05-31,7,30.03
STORE_009,SKU10007,2025-06-01,7,30.03
STORE_009,SKU10007,2025-06-02,5,21.45
STORE_009,SKU10007,2025-06-03,2,8.58
STORE_009,SKU10007,2025-06-04,5,21.45
STORE_009,SKU10007,2025-06-05,2,8.58
STORE_009,SKU10007,2025-06-06,2,8.58
STORE_009,SKU10007,2025-06-07,5,21.45
STORE_009,SKU10007,2025-06-08,1,4.29
STORE_009,SKU10007,2025-06-09,7,30.03
STORE_009,SKU10007,2025-06-10,3,12.87
STORE_009,SKU10007,2025-06-11,4,17.16
STORE_009,SKU10007,2025-06-12,3,12.87
STORE_009,SKU10007,2025-06-13,1,4.29
STORE_009,SKU10008,2025-04-20,3,8.97
STORE_009,SKU10008,2025-04-21,9,26.91
STORE_009,SKU10008,2025-04-22,8,23.92
STORE_009,SKU10008,2025-04-23,1,2.99
STORE_009,SKU10008,2025-04-24,9,26.91
STORE_009,SKU10008,2025-04-25,6,17.94
STORE_009,SKU10008,2025-04-26,3,8.97
STORE_009,SKU10008,2025-04-27,8,23.92
STORE_009,SKU10008,2025-04-28,5,14.95
STORE_009,SKU10008,2025-04-29,4,11.96
STORE_009,SKU10008,2025-04-30,4,11.96
STORE_009,SKU10008,2025-05-01,7,20.93
STORE_009,SKU10008,2025-05-02,7,20.93
STORE_009,SKU10008,2025-05-03,4,11.96
STORE_009,SKU10008,2025-05-04,7,20.93
STORE_009,SKU10008,2025-05-05,6,17.94
STORE_009,SKU10008,2025-05-07,7,20.93
STORE_009,SKU10008,2025-05-08,3,8.97
STORE_009,SKU10008,2025-05-09,5,14.95
STORE_009,SKU10008,2025-05-10,7,20.93
STORE_009,SKU10008,2025-05-11,8,23.92
STORE_009,SKU10008,2025-05-12,8,23.92
STORE_009,SKU10008,2025-05-13,7,20.93
STORE_009,SKU10008,2025-05-14,6,17.94
STORE_009,SKU10008,2025-05-15,6,17.94
STORE_009,SKU10008,2025-05-16,4,11.96
STORE_009,SKU10008,2025-05-17,9,26.91
STORE_009,SKU10008,2025-05-18,4,11.96
STORE_009,SKU10008,2025-05-19,7,20.93
STORE_009,SKU10008,2025-05-20,7,20.93
STORE_009,SKU10008,2025-05-21,5,14.95
STORE_009,SKU10008,2025-05-22,8,23.92
STORE_009,SKU10008,2025-05-23,6,17.94
STORE_009,SKU10008,2025-05-24,6,17.94
STORE_009,SKU10008,2025-05-25,7,20.93
STORE_009,SKU10008,2025-05-26,8,23.92
STORE_009,SKU10008,2025-05-28,10,29.9
STORE_009,SKU10008,2025-05-30,7,20.93
STORE_009,SKU10008,2025-05-31,7,20.93
STORE_009,SKU10008,2025-06-01,1,2.99
STORE_009,SKU10008,2025-06-02,9,26.91
STORE_009,SKU10008,2025-06-03,4,11.96
STORE_009,SKU10008,2025-06-04,2,5.98
STORE_009,SKU10008,2025-06-05,7,20.93
STORE_009,SKU10008,2025-06-06,3,8.97
STORE_009,SKU10008,2025-06-08,9,26.91
STORE_009,SKU10008,2025-06-09,1,2.99
STORE_009,SKU10008,2025-06-10,5,14.95
STORE_009,SKU10008,2025-06-11,6,17.94
STORE_009,SKU10008,2025-06-12,5,14.95
STORE_009,SKU10008,2025-06-13,3,8.97
STORE_009,SKU10008,2025-06-14,6,17.94
STORE_009,SKU10009,2025-04-21,4,13.96
STORE_009,SKU10009,2025-04-22,3,10.47
STORE_009,SKU10009,2025-04-23,5,17.45
STORE_009,SKU10009,2025-04-24,4,13.96
STORE_009,SKU10009,2025-04-26,4,13.96
STORE_009,SKU10009,2025-04-27,2,6.98
STORE_009,SKU10009,2025-04-28,4,13.96
STORE_009,SKU10009,2025-04-29,3,10.47
STORE_009,SKU10009,2025-05-01,7,24.43
STORE_009,SKU10009,2025-05-02,5,17.45
STORE_009,SKU10009,2025-05-04,3,10.47
STORE_009,SKU10009,2025-05-05,5,17.45
STORE_009,SKU10009,2025-05-06,4,13.96
STORE_009,SKU10009,2025-05-08,9,31.41
STORE_009,SKU10009,2025-05-09,3,10.47
STORE_009,SKU10009,2025-05-12,3,10.47
STORE_009,SKU10009,2025-05-13,3,10.47
STORE_009,SKU10009,2025-05-14,5,17.45
STORE_009,SKU10009,2025-05-15,3,10.47
STORE_009,SKU10009,2025-05-16,3,10.47
STORE_009,SKU10009,2025-05-17,2,6.98
STORE_009,SKU10009,2025-05-19,3,10.47
STORE_009,SKU10009,2025-05-20,3,10.47
STORE_009,SKU10009,2025-05-22,6,20.94
STORE_009,SKU10009,2025-05-23,5,17.45
STORE_009,SKU10009,2025-05-24,7,24.43
STORE_009,SKU10009,2025-05-25,7,24.43
STORE_009,SKU10009,2025-05-26,5,17.45
STORE_009,SKU10009,2025-05-28,3,10.47
STORE_009,SKU10009,2025-05-29,3,10.47
STORE_009,SKU10009,2025-05-30,6,20.94
STORE_009,SKU10009,2025-05-31,3,10.47
STORE_009,SKU10009,2025-06-02,4,13.96
STORE_009,SKU10009,2025-06-03,2,6.98
STORE_009,SKU10009,2025-06-04,6,20.94
STORE_009,SKU10009,2025-06-05,4,13.96
STORE_009,SKU10009,2025-06-06,6,20.94
STORE_009,SKU10009,2025-06-07,2,6.98
STORE_009,SKU10009,2025-06-08,5,17.45
STORE_009,SKU10009,2025-06-09,2,6.98
STORE_009,SKU10009,2025-06-10,4,13.96
STORE_009,SKU10009,2025-06-11,5,17.45
STORE_009,SKU10009,2025-06-12,1,3.49
STORE_009,SKU10009,2025-06-13,3,10.47
STORE_009,SKU10009,2025-06-14,2,6.98
STORE_009,SKU20000,2025-04-20,7,26.53
STORE_009,SKU20000,2025-04-21,4,15.16
STORE_009,SKU20000,2025-04-22,2,7.58
STORE_009,SKU20000,2025-04-23,3,11.37
STORE_009,SKU20000,2025-04-24,3,11.37
STORE_009,SKU20000,2025-04-25,7,26.53
STORE_009,SKU20000,2025-04-26,5,18.95
STORE_009,SKU20000,2025-04-27,6,22.74
STORE_009,SKU20000,2025-04-28,4,15.16
STORE_009,SKU20000,2025-04-29,2,7.58
STORE_009,SKU20000,2025-04-30,3,11.37
STORE_009,SKU20000,2025-05-01,5,18.95
STORE_009,SKU20000,2025-05-03,6,22.74
STORE_009,SKU20000,2025-05-04,3,11.37
STORE_009,SKU20000,2025-05-06,2,7.58
STORE_009,SKU20000,2025-05-07,7,26.53
STORE_009,SKU20000,2025-05-08,4,15.16
STORE_009,SKU20000,2025-05-09,8,30.32
STORE_009,SKU20000,2025-05-10,3,11.37
STORE_009,SKU20000,2025-05-11,7,26.53
STORE_009,SKU20000,2025-05-12,3,11.37
STORE_009,SKU20000,2025-05-13,4,15.16
STORE_009,SKU20000,2025-05-14,6,22.74
STORE_009,SKU20000,2025-05-15,3,11.37
STORE_009,SKU20000,2025-05-16,4,15.16
STORE_009,SKU20000,2025-05-17,9,34.11
STORE_009,SKU20000,2025-05-18,5,18.95
STORE_009,SKU20000,2025-05-19,3,11.37
STORE_009,SKU20000,2025-05-20,3,11.37
STORE_009,SKU20000,2025-05-21,1,3.79
STORE_009,SKU20000,2025-05-22,4,15.16
STORE_009,SKU20000,2025-05-23,5,18.95
STORE_009,SKU20000,2025-05-25,3,11.37
STORE_009,SKU20000,2025-05-26,1,3.79
STORE_009,SKU20000,2025-05-27,1,3.79
STORE_009,SKU20000,2025-05-28,5,18.95
STORE_009,SKU20000,2025-05-29,1,3.79
STORE_009,SKU20000,2025-05-30,5,18.95
STORE_009,SKU20000,2025-05-31,4,15.16
STORE_009,SKU20000,2025-06-01,5,18.95
STORE_009,SKU20000,2025-06-02,4,15.16
STORE_009,SKU20000,2025-06-03,7,26.53
STORE_009,SKU20000,2025-06-04,4,15.16
STORE_009,SKU20000,2025-06-05,2,7.58
STORE_009,SKU20000,2025-06-06,2,7.58
STORE_009,SKU20000,2025-06-07,5,18.95
STORE_009,SKU20000,2025-06-08,4,15.16
STORE_009,SKU20000,2025-06-09,4,15.16
STORE_009,SKU20000,2025-06-10,5,18.95
STORE_009,SKU20000,2025-06-11,2,7.58
STORE_009,SKU20000,2025-06-12,5,18.95
STORE_009,SKU20000,2025-06-13,5,18.95
STORE_009,SKU20000,2025-06-14,5,18.95
STORE_009,SKU20001,2025-04-20,12,45.48
STORE_009,SKU20001,2025-04-21,1,3.79
STORE_009,SKU20001,2025-04-22,10,37.9
STORE_009,SKU20001,2025-04-23,5,18.95
STORE_009,SKU20001,2025-04-24,3,11.37
STORE_009,SKU20001,2025-04-25,7,26.53
STORE_009,SKU20001,2025-04-26,5,18.95
STORE_009,SKU20001,2025-04-27,9,34.11
STORE_009,SKU20001,2025-04-28,4,15.16
STORE_009,SKU20001,2025-04-29,9,34.11
STORE_009,SKU20001,2025-04-30,3,11.37
STORE_009,SKU20001,2025-05-01,6,22.74
STORE_009,SKU20001,2025-05-02,3,11.37
STORE_009,SKU20001,2025-05-03,7,26.53
STORE_009,SKU20001,2025-05-05,2,7.58
STORE_009,SKU20001,2025-05-06,7,26.53
STORE_009,SKU20001,2025-05-07,3,11.37
STORE_009,SKU20001,2025-05-08,5,18.95
STORE_009,SKU20001,2025-05-09,5,18.95
STORE_009,SKU20001,2025-05-10,13,49.27
STORE_009,SKU20001,2025-05-11,10,37.9
STORE_009,SKU20001,2025-05-12,7,26.53
STORE_009,SKU20001,2025-05-13,13,49.27
STORE_009,SKU20001,2025-05-14,4,15.16
STORE_009,SKU20001,2025-05-15,4,15.16
STORE_009,SKU20001,2025-05-16,6,22.74
STORE_009,SKU20001,2025-05-18,5,18.95
STORE_009,SKU20001,2025-05-19,9,34.11
STORE_009,SKU20001,2025-05-20,1,3.79
STORE_009,SKU20001,2025-05-21,4,15.16
STORE_009,SKU20001,2025-05-22,1,3.79
STORE_009,SKU20001,2025-05-23,1,3.79
STORE_009,SKU20001,2025-05-24,4,15.16
STORE_009,SKU20001,2025-05-25,7,26.53
STORE_009,SKU20001,2025-05-26,2,7.58
STORE_009,SKU20001,2025-05-27,11,41.69
STORE_009,SKU20001,2025-05-28,7,26.53
STORE_009,SKU20001,2025-05-29,6,22.74
STORE_009,SKU20001,2025-05-30,2,7.58
STORE_009,SKU20001,2025-05-31,2,7.58
STORE_009,SKU20001,2025-06-01,6,22.74
STORE_009,SKU20001,2025-06-02,11,41.69
STORE_009,SKU20001,2025-06-03,3,11.37
STORE_009,SKU20001,2025-06-04,2,7.58
STORE_009,SKU20001,2025-06-05,8,30.32
STORE_009,SKU20001,2025-06-06,8,30.32
STORE_009,SKU20001,2025-06-07,7,26.53
STORE_009,SKU20001,2025-06-08,5,18.95
STORE_009,SKU20001,2025-06-09,7,26.53
STORE_009,SKU20001,2025-06-10,2,7.58
STORE_009,SKU20001,2025-06-11,6,22.74
STORE_009,SKU20001,2025-06-12,1,3.79
STORE_009,SKU20001,2025-06-13,6,22.74
STORE_009,SKU20001,2025-06-14,9,34.11
STORE_009,SKU20002,2025-04-20,6,35.94
STORE_009,SKU20002,2025-04-21,2,11.98
STORE_009,SKU20002,2025-04-22,3,17.97
STORE_009,SKU20002,2025-04-25,5,29.95
STORE_009,SKU20002,2025-04-26,1,5.99
STORE_009,SKU20002,2025-04-27,5,29.95
STORE_009,SKU20002,2025-04-29,2,11.98
STORE_009,SKU20002,2025-04-30,3,17.97
STORE_009,SKU20002,2025-05-02,4,23.96
STORE_009,SKU20002,2025-05-03,3,17.97
STORE_009,SKU20002,2025-05-04,1,5.99
STORE_009,SKU20002,2025-05-05,4,23.96
STORE_009,SKU20002,2025-05-06,2,11.98
STORE_009,SKU20002,2025-05-07,5,29.95
STORE_009,SKU20002,2025-05-08,1,5.99
STORE_009,SKU20002,2025-05-09,1,5.99
STORE_009,SKU20002,2025-05-11,5,29.95
STORE_009,SKU20002,2025-05-13,5,29.95
STORE_009,SKU20002,2025-05-14,1,5.99
STORE_009,SKU20002,2025-05-17,3,17.97
STORE_009,SKU20002,2025-05-18,4,23.96
STORE_009,SKU20002,2025-05-19,3,17.97
STORE_009,SKU20002,2025-05-20,3,17.97
STORE_009,SKU20002,2025-05-21,1,5.99
STORE_009,SKU20002,2025-05-22,4,23.96
STORE_009,SKU20002,2025-05-23,1,5.99
STORE_009,SKU20002,2025-05-24,3,17.97
STORE_009,SKU20002,2025-05-25,1,5.99
STORE_009,SKU20002,2025-05-26,3,17.97
STORE_009,SKU20002,2025-05-28,2,11.98
STORE_009,SKU20002,2025-05-29,4,23.96
STORE_009,SKU20002,2025-05-30,1,5.99
STORE_009,SKU20002,2025-05-31,4,23.96
STORE_009,SKU20002,2025-06-03,4,23.96
STORE_009,SKU20002,2025-06-04,1,5.99
STORE_009,SKU20002,2025-06-05,4,23.96
STORE_009,SKU20002,2025-06-07,3,17.97
STORE_009,SKU20002,2025-06-08,1,5.99
STORE_009,SKU20002,2025-06-10,4,23.96
STORE_009,SKU20002,2025-06-11,3,17.97
STORE_009,SKU20002,2025-06-13,1,5.99
STORE_009,SKU20002,2025-06-14,1,5.99
STORE_009,SKU20003,2025-04-20,2,9.98
STORE_009,SKU20003,2025-04-21,3,14.97
STORE_009,SKU20003,2025-04-22,1,4.99
STORE_009,SKU20003,2025-04-23,2,9.98
STORE_009,SKU20003,2025-04-24,2,9.98
STORE_009,SKU20003,2025-04-26,2,9.98
STORE_009,SKU20003,2025-04-28,4,19.96
STORE_009,SKU20003,2025-04-29,1,4.99
STORE_009,SKU20003,2025-05-01,5,24.95
STORE_009,SKU20003,2025-05-02,2,9.98
STORE_009,SKU20003,2025-05-03,1,4.99
STORE_009,SKU20003,2025-05-04,1,4.99
STORE_009,SKU20003,2025-05-05,2,9.98
STORE_009,SKU20003,2025-05-06,3,14.97
STORE_009,SKU20003,2025-05-08,1,4.99
STORE_009,SKU20003,2025-05-09,2,9.98
STORE_009,SKU20003,2025-05-11,2,9.98
STORE_009,SKU20003,2025-05-12,2,9.98
STORE_009,SKU20003,2025-05-13,2,9.98
STORE_009,SKU20003,2025-05-15,1,4.99
STORE_009,SKU20003,2025-05-16,1,4.99
STORE_009,SKU20003,2025-05-18,4,19.96
STORE_009,SKU20003,2025-05-19,3,14.97
STORE_009,SKU20003,2025-05-20,3,14.97
STORE_009,SKU20003,2025-05-21,2,9.98
STORE_009,SKU20003,2025-05-22,5,24.95
STORE_009,SKU20003,2025-05-24,2,9.98
STORE_009,SKU20003,2025-05-25,1,4.99
STORE_009,SKU20003,2025-05-26,2,9.98
STORE_009,SKU20003,2025-05-27,4,19.96
STORE_009,SKU20003,2025-05-29,2,9.98
STORE_009,SKU20003,2025-05-30,5,24.95
STORE_009,SKU20003,2025-05-31,2,9.98
STORE_009,SKU20003,2025-06-01,2,9.98
STORE_009,SKU20003,2025-06-02,1,4.99
STORE_009,SKU20003,2025-06-03,3,14.97
STORE_009,SKU20003,2025-06-04,2,9.98
STORE_009,SKU20003,2025-06-06,1,4.99
STORE_009,SKU20003,2025-06-07,1,4.99
STORE_009,SKU20003,2025-06-09,1,4.99
STORE_009,SKU20003,2025-06-11,2,9.98
STORE_009,SKU20003,2025-06-12,2,9.98
STORE_009,SKU20004,2025-04-20,6,25.74
STORE_009,SKU20004,2025-04-21,4,17.16
STORE_009,SKU20004,2025-04-22,5,21.45
STORE_009,SKU20004,2025-04-23,5,21.45
STORE_009,SKU20004,2025-04-24,4,17.16
STORE_009,SKU20004,2025-04-25,3,12.87
STORE_009,SKU20004,2025-04-26,3,12.87
STORE_009,SKU20004,2025-04-27,4,17.16
STORE_009,SKU20004,2025-04-29,4,17.16
STORE_009,SKU20004,2025-04-30,4,17.16
STORE_009,SKU20004,2025-05-01,2,8.58
STORE_009,SKU20004,2025-05-02,1,4.29
STORE_009,SKU20004,2025-05-03,4,17.16
STORE_009,SKU20004,2025-05-05,5,21.45
STORE_009,SKU20004,2025-05-06,5,21.45
STORE_009,SKU20004,2025-05-07,5,21.45
STORE_009,SKU20004,2025-05-08,4,17.16
STORE_009,SKU20004,2025-05-09,4,17.16
STORE_009,SKU20004,2025-05-10,5,21.45
STORE_009,SKU20004,2025-05-11,4,17.16
STORE_009,SKU20004,2025-05-12,2,8.58
STORE_009,SKU20004,2025-05-13,2,8.58
STORE_009,SKU20004,2025-05-14,3,12.87
STORE_009,SKU20004,2025-05-15,5,21.45
STORE_009,SKU20004,2025-05-16,3,12.87
STORE_009,SKU20004,2025-05-17,3,12.87
STORE_009,SKU20004,2025-05-18,6,25.74
STORE_009,SKU20004,2025-05-19,3,12.87
STORE_009,SKU20004,2025-05-20,1,4.29
STORE_009,SKU20004,2025-05-21,1,4.29
STORE_009,SKU20004,2025-05-23,1,4.29
STORE_009,SKU20004,2025-05-24,7,30.03
STORE_009,SKU20004,2025-05-25,4,17.16
STORE_009,SKU20004,2025-05-27,2,8.58
STORE_009,SKU20004,2025-05-28,2,8.58
STORE_009,SKU20004,2025-05-29,5,21.45
STORE_009,SKU20004,2025-05-30,4,17.16
STORE_009,SKU20004,2025-05-31,3,12.87
STORE_009,SKU20004,2025-06-01,3,12.87
STORE_009,SKU20004,2025-06-02,4,17.16
STORE_009,SKU20004,2025-06-03,3,12.87
STORE_009,SKU20004,2025-06-04,7,30.03
STORE_009,SKU20004,2025-06-05,5,21.45
STORE_009,SKU20004,2025-06-06,7,30.03
STORE_009,SKU20004,2025-06-07,5,21.45
STORE_009,SKU20004,2025-06-08,5,21.45
STORE_009,SKU20004,2025-06-09,1,4.29
STORE_009,SKU20004,2025-06-13,3,12.87
STORE_009,SKU20004,2025-06-14,5,21.45
STORE_009,SKU20005,2025-04-20,6,23.94
STORE_009,SKU20005,2025-04-21,4,15.96
STORE_009,SKU20005,2025-04-22,10,39.9
STORE_009,SKU20005,2025-04-23,4,15.96
STORE_009,SKU20005,2025-04-24,12,47.88
STORE_009,SKU20005,2025-04-25,4,15.96
STORE_009,SKU20005,2025-04-26,11,43.89
STORE_009,SKU20005,2025-04-27,9,35.91
STORE_009,SKU20005,2025-04-29,5,19.95
STORE_009,SKU20005,2025-04-30,10,39.9
STORE_009,SKU20005,2025-05-01,3,11.97
STORE_009,SKU20005,2025-05-02,6,23.94
STORE_009,SKU20005,2025-05-03,4,15.96
STORE_009,SKU20005,2025-05-04,8,31.92
STORE_009,SKU20005,2025-05-05,8,31.92
STORE_009,SKU20005,2025-05-06,7,27.93
STORE_009,SKU20005,2025-05-07,8,31.92
STORE_009,SKU20005,2025-05-08,7,27.93
STORE_009,SKU20005,2025-05-09,6,23.94
STORE_009,SKU20005,2025-05-10,11,43.89
STORE_009,SKU20005,2025-05-11,4,15.96
STORE_009,SKU20005,2025-05-12,12,47.88
STORE_009,SKU20005,2025-05-13,8,31.92
STORE_009,SKU20005,2025-05-14,3,11.97
STORE_009,SKU20005,2025-05-15,11,43.89
STORE_009,SKU20005,2025-05-16,6,23.94
STORE_009,SKU20005,2025-05-17,7,27.93
STORE_009,SKU20005,2025-05-18,4,15.96
STORE_009,SKU20005,2025-05-19,5,19.95
STORE_009,SKU20005,2025-05-20,10,39.9
STORE_009,SKU20005,2025-05-21,4,15.96
STORE_009,SKU20005,2025-05-22,10,39.9
STORE_009,SKU20005,2025-05-23,6,23.94
STORE_009,SKU20005,2025-05-24,1,3.99
STORE_009,SKU20005,2025-05-25,5,19.95
STORE_009,SKU20005,2025-05-26,5,19.95
STORE_009,SKU20005,2025-05-27,8,31.92
STORE_009,SKU20005,2025-05-28,8,31.92
STORE_009,SKU20005,2025-05-29,12,47.88
STORE_009,SKU20005,2025-05-30,6,23.94
STORE_009,SKU20005,2025-05-31,11,43.89
STORE_009,SKU20005,2025-06-01,8,31.92
STORE_009,SKU20005,2025-06-02,5,19.95
STORE_009,SKU20005,2025-06-03,3,11.97
STORE_009,SKU20005,2025-06-04,6,23.94
STORE_009,SKU20005,2025-06-05,7,27.93
STORE_009,SKU20005,2025-06-06,11,43.89
STORE_009,SKU20005,2025-06-07,13,51.87
STORE_009,SKU20005,2025-06-08,13,51.87
STORE_009,SKU20005,2025-06-09,5,19.95
STORE_009,SKU20005,2025-06-10,4,15.96
STORE_009,SKU20005,2025-06-11,5,19.95
STORE_009,SKU20005,2025-06-12,7,27.93
STORE_009,SKU20005,2025-06-13,2,7.98
STORE_009,SKU20005,2025-06-14,5,19.95
STORE_009,SKU20006,2025-04-20,4,11.96
STORE_009,SKU20006,2025-04-21,2,5.98
STORE_009,SKU20006,2025-04-22,1,2.99
STORE_009,SKU20006,2025-04-24,2,5.98
STORE_009,SKU20006,2025-04-27,5,14.95
STORE_009,SKU20006,2025-04-28,3,8.97
STORE_009,SKU20006,2025-04-29,2,5.98
STORE_009,SKU20006,2025-04-30,3,8.97
STORE_009,SKU20006,2025-05-01,2,5.98
STORE_009,SKU20006,2025-05-03,2,5.98
STORE_009,SKU20006,2025-05-05,3,8.97
STORE_009,SKU20006,2025-05-06,1,2.99
STORE_009,SKU20006,2025-05-07,2,5.98
STORE_009,SKU20006,2025-05-08,1,2.99
STORE_009,SKU20006,2025-05-09,2,5.98
STORE_009,SKU20006,2025-05-11,3,8.97
STORE_009,SKU20006,2025-05-13,1,2.99
STORE_009,SKU20006,2025-05-14,1,2.99
STORE_009,SKU20006,2025-05-15,2,5.98
STORE_009,SKU20006,2025-05-18,2,5.98
STORE_009,SKU20006,2025-05-19,3,8.97
STORE_009,SKU20006,2025-05-20,2,5.98
STORE_009,SKU20006,2025-05-21,2,5.98
STORE_009,SKU20006,2025-05-22,2,5.98
STORE_009,SKU20006,2025-05-23,4,11.96
STORE_009,SKU20006,2025-05-24,2,5.98
STORE_009,SKU20006,2025-05-27,5,14.95
STORE_009,SKU20006,2025-05-29,2,5.98
STORE_009,SKU20006,2025-05-30,3,8.97
STORE_009,SKU20006,2025-06-03,1,2.99
STORE_009,SKU20006,2025-06-04,2,5.98
STORE_009,SKU20006,2025-06-06,1,2.99
STORE_009,SKU20006,2025-06-07,1,2.99
STORE_009,SKU20006,2025-06-08,4,11.96
STORE_009,SKU20006,2025-06-09,1,2.99
STORE_009,SKU20006,2025-06-10,3,8.97
STORE_009,SKU20006,2025-06-11,3,8.97
STORE_009,SKU20006,2025-06-13,2,5.98
STORE_009,SKU20006,2025-06-14,2,5.98
STORE_009,SKU20007,2025-04-20,5,17.45
STORE_009,SKU20007,2025-04-21,3,10.47
STORE_009,SKU20007,2025-04-22,2,6.98
STORE_009,SKU20007,2025-04-23,2,6.98
STORE_009,SKU20007,2025-04-24,2,6.98
STORE_009,SKU20007,2025-04-25,2,6.98
STORE_009,SKU20007,2025-04-26,3,10.47
STORE_009,SKU20007,2025-04-27,7,24.43
STORE_009,SKU20007,2025-04-28,3,10.47
STORE_009,SKU20007,2025-04-30,2,6.98
STORE_009,SKU20007,2025-05-01,7,24.43
STORE_009,SKU20007,2025-05-02,5,17.45
STORE_009,SKU20007,2025-05-03,4,13.96
STORE_009,SKU20007,2025-05-06,1,3.49
STORE_009,SKU20007,2025-05-08,4,13.96
STORE_009,SKU20007,2025-05-09,1,3.49
STORE_009,SKU20007,2025-05-10,2,6.98
STORE_009,SKU20007,2025-05-11,3,10.47
STORE_009,SKU20007,2025-05-12,1,3.49
STORE_009,SKU20007,2025-05-13,2,6.98
STORE_009,SKU20007,2025-05-14,1,3.49
STORE_009,SKU20007,2025-05-16,1,3.49
STORE_009,SKU20007,2025-05-17,2,6.98
STORE_009,SKU20007,2025-05-18,1,3.49
STORE_009,SKU20007,2025-05-19,3,10.47
STORE_009,SKU20007,2025-05-21,6,20.94
STORE_009,SKU20007,2025-05-22,3,10.47
STORE_009,SKU20007,2025-05-23,2,6.98
STORE_009,SKU20007,2025-05-24,3,10.47
STORE_009,SKU20007,2025-05-25,2,6.98
STORE_009,SKU20007,2025-05-26,4,13.96
STORE_009,SKU20007,2025-05-27,6,20.94
STORE_009,SKU20007,2025-05-28,2,6.98
STORE_009,SKU20007,2025-05-29,3,10.47
STORE_009,SKU20007,2025-05-30,3,10.47
STORE_009,SKU20007,2025-06-01,2,6.98
STORE_009,SKU20007,2025-06-03,1,3.49
STORE_009,SKU20007,2025-06-04,1,3.49
STORE_009,SKU20007,2025-06-05,5,17.45
STORE_009,SKU20007,2025-06-06,4,13.96
STORE_009,SKU20007,2025-06-07,4,13.96
STORE_009,SKU20007,2025-06-08,1,3.49
STORE_009,SKU20007,2025-06-09,4,13.96
STORE_009,SKU20007,2025-06-10,3,10.47
STORE_009,SKU20007,2025-06-11,7,24.43
STORE_009,SKU20007,2025-06-13,2,6.98
STORE_009,SKU20007,2025-06-14,2,6.98
STORE_009,SKU30000,2025-04-22,1,12.99
STORE_009,SKU30000,2025-04-30,1,12.99
STORE_009,SKU30000,2025-05-06,1,12.99
STORE_009,SKU30000,2025-05-07,1,12.99
STORE_009,SKU30000,2025-05-17,1,12.99
STORE_009,SKU30000,2025-05-19,1,12.99
STORE_009,SKU30000,2025-05-31,2,25.98
STORE_009,SKU30000,2025-06-01,1,12.99
STORE_009,SKU30000,2025-06-06,1,12.99
STORE_009,SKU30000,2025-06-12,1,12.99
STORE_009,SKU30001,2025-04-20,3,26.97
STORE_009,SKU30001,2025-04-25,2,17.98
STORE_009,SKU30001,2025-04-28,1,8.99
STORE_009,SKU30001,2025-05-01,2,17.98
STORE_009,SKU30001,2025-05-05,3,26.97
STORE_009,SKU30001,2025-05-06,1,8.99
STORE_009,SKU30001,2025-05-11,3,26.97
STORE_009,SKU30001,2025-05-13,2,17.98
STORE_009,SKU30001,2025-05-14,2,17.98
STORE_009,SKU30001,2025-05-15,3,26.97
STORE_009,SKU30001,2025-05-17,4,35.96
STORE_009,SKU30001,2025-05-19,3,26.97
STORE_009,SKU30001,2025-05-20,3,26.97
STORE_009,SKU30001,2025-05-21,4,35.96
STORE_009,SKU30001,2025-05-22,1,8.99
STORE_009,SKU30001,2025-05-24,2,17.98
STORE_009,SKU30001,2025-05-26,3,26.97
STORE_009,SKU30001,2025-05-27,1,8.99
STORE_009,SKU30001,2025-05-28,2,17.98
STORE_009,SKU30001,2025-05-29,4,35.96
STORE_009,SKU30001,2025-05-30,1,8.99
STORE_009,SKU30001,2025-06-01,1,8.99
STORE_009,SKU30001,2025-06-04,2,17.98
STORE_009,SKU30001,2025-06-05,3,26.97
STORE_009,SKU30001,2025-06-07,5,44.95
STORE_009,SKU30001,2025-06-09,3,26.97
STORE_009,SKU30001,2025-06-12,2,17.98
STORE_009,SKU30002,2025-04-21,2,15.98
STORE_009,SKU30002,2025-04-22,1,7.99
STORE_009,SKU30002,2025-04-25,1,7.99
STORE_009,SKU30002,2025-04-26,2,15.98
STORE_009,SKU30002,2025-04-27,1,7.99
STORE_009,SKU30002,2025-04-29,1,7.99
STORE_009,SKU30002,2025-05-01,3,23.97
STORE_009,SKU30002,2025-05-02,2,15.98
STORE_009,SKU30002,2025-05-03,1,7.99
STORE_009,SKU30002,2025-05-06,3,23.97
STORE_009,SKU30002,2025-05-08,5,39.95
STORE_009,SKU30002,2025-05-09,2,15.98
STORE_009,SKU30002,2025-05-11,1,7.99
STORE_009,SKU30002,2025-05-14,1,7.99
STORE_009,SKU30002,2025-05-15,2,15.98
STORE_009,SKU30002,2025-05-16,2,15.98
STORE_009,SKU30002,2025-05-17,1,7.99
STORE_009,SKU30002,2025-05-18,1,7.99
STORE_009,SKU30002,2025-05-19,1,7.99
STORE_009,SKU30002,2025-05-20,5,39.95
STORE_009,SKU30002,2025-05-23,2,15.98
STORE_009,SKU30002,2025-05-25,1,7.99
STORE_009,SKU30002,2025-05-26,3,23.97
STORE_009,SKU30002,2025-05-28,2,15.98
STORE_009,SKU30002,2025-05-29,3,23.97
STORE_009,SKU30002,2025-05-31,2,15.98
STORE_009,SKU30002,2025-06-01,1,7.99
STORE_009,SKU30002,2025-06-03,5,39.95
STORE_009,SKU30002,2025-06-05,3,23.97
STORE_009,SKU30002,2025-06-06,2,15.98
STORE_009,SKU30002,2025-06-07,1,7.99
STORE_009,SKU30002,2025-06-10,1,7.99
STORE_009,SKU30002,2025-06-11,2,15.98
STORE_009,SKU30002,2025-06-14,2,15.98
STORE_009,SKU30003,2025-04-23,1,9.49
STORE_009,SKU30003,2025-04-27,2,18.98
STORE_009,SKU30003,2025-04-30,2,18.98
STORE_009,SKU30003,2025-05-02,1,9.49
STORE_009,SKU30003,2025-05-04,1,9.49
STORE_009,SKU30003,2025-05-08,2,18.98
STORE_009,SKU30003,2025-05-12,1,9.49
STORE_009,SKU30003,2025-05-13,1,9.49
STORE_009,SKU30003,2025-05-14,2,18.98
STORE_009,SKU30003,2025-05-16,3,28.47
STORE_009,SKU30003,2025-05-17,2,18.98
STORE_009,SKU30003,2025-05-19,1,9.49
STORE_009,SKU30003,2025-05-21,1,9.49
STORE_009,SKU30003,2025-05-22,1,9.49
STORE_009,SKU30003,2025-05-23,1,9.49
STORE_009,SKU30003,2025-05-28,4,37.96
STORE_009,SKU30003,2025-05-30,1,9.49
STORE_009,SKU30003,2025-06-09,1,9.49
STORE_009,SKU30003,2025-06-13,1,9.49
STORE_009,SKU30004,2025-04-21,1,6.99
STORE_009,SKU30004,2025-04-22,2,13.98
STORE_009,SKU30004,2025-04-23,1,6.99
STORE_009,SKU30004,2025-04-24,2,13.98
STORE_009,SKU30004,2025-04-27,1,6.99
STORE_009,SKU30004,2025-05-01,2,13.98
STORE_009,SKU30004,2025-05-07,1,6.99
STORE_009,SKU30004,2025-05-09,2,13.98
STORE_009,SKU30004,2025-05-12,1,6.99
STORE_009,SKU30004,2025-05-14,1,6.99
STORE_009,SKU30004,2025-05-15,1,6.99
STORE_009,SKU30004,2025-05-19,1,6.99
STORE_009,SKU30004,2025-05-20,1,6.99
STORE_009,SKU30004,2025-05-22,2,13.98
STORE_009,SKU30004,2025-05-28,1,6.99
STORE_009,SKU30004,2025-05-30,1,6.99
STORE_009,SKU30004,2025-05-31,2,13.98
STORE_009,SKU30004,2025-06-01,1,6.99
STORE_009,SKU30004,2025-06-04,2,13.98
STORE_009,SKU30004,2025-06-05,2,13.98
STORE_009,SKU30004,2025-06-06,2,13.98
STORE_009,SKU30004,2025-06-08,1,6.99
STORE_009,SKU30004,2025-06-10,2,13.98
STORE_009,SKU30004,2025-06-11,2,13.98
STORE_009,SKU30004,2025-06-12,2,13.98
STORE_009,SKU30004,2025-06-13,1,6.99
STORE_009,SKU40000,2025-04-21,2,5.98
STORE_009,SKU40000,2025-04-23,3,8.97
STORE_009,SKU40000,2025-04-27,4,11.96
STORE_009,SKU40000,2025-04-28,3,8.97
STORE_009,SKU40000,2025-04-29,1,2.99
STORE_009,SKU40000,2025-04-30,5,14.95
STORE_009,SKU40000,2025-05-02,2,5.98
STORE_009,SKU40000,2025-05-03,1,2.99
STORE_009,SKU40000,2025-05-04,2,5.98
STORE_009,SKU40000,2025-05-05,3,8.97
STORE_009,SKU40000,2025-05-06,1,2.99
STORE_009,SKU40000,2025-05-07,1,2.99
STORE_009,SKU40000,2025-05-08,3,8.97
STORE_009,SKU40000,2025-05-10,3,8.97
STORE_009,SKU40000,2025-05-11,4,11.96
STORE_009,SKU40000,2025-05-16,3,8.97
STORE_009,SKU40000,2025-05-18,4,11.96
STORE_009,SKU40000,2025-05-19,4,11.96
STORE_009,SKU40000,2025-05-20,2,5.98
STORE_009,SKU40000,2025-05-21,6,17.94
STORE_009,SKU40000,2025-05-23,3,8.97
STORE_009,SKU40000,2025-05-24,3,8.97
STORE_009,SKU40000,2025-05-26,3,8.97
STORE_009,SKU40000,2025-05-27,2,5.98
STORE_009,SKU40000,2025-05-28,2,5.98
STORE_009,SKU40000,2025-05-30,5,14.95
STORE_009,SKU40000,2025-05-31,3,8.97
STORE_009,SKU40000,2025-06-02,2,5.98
STORE_009,SKU40000,2025-06-03,2,5.98
STORE_009,SKU40000,2025-06-04,5,14.95
STORE_009,SKU40000,2025-06-05,2,5.98
STORE_009,SKU40000,2025-06-06,1,2.99
STORE_009,SKU40000,2025-06-07,5,14.95
STORE_009,SKU40000,2025-06-09,1,2.99
STORE_009,SKU40000,2025-06-10,3,8.97
STORE_009,SKU40000,2025-06-11,1,2.99
STORE_009,SKU40000,2025-06-12,2,5.98
STORE_009,SKU40000,2025-06-13,3,8.97
STORE_009,SKU40000,2025-06-14,6,17.94
STORE_009,SKU40001,2025-04-20,4,23.96
STORE_009,SKU40001,2025-04-21,7,41.93
STORE_009,SKU40001,2025-04-22,8,47.92
STORE_009,SKU40001,2025-04-26,3,17.97
STORE_009,SKU40001,2025-04-27,3,17.97
STORE_009,SKU40001,2025-04-28,2,11.98
STORE_009,SKU40001,2025-04-29,10,59.9
STORE_009,SKU40001,2025-04-30,2,11.98
STORE_009,SKU40001,2025-05-01,7,41.93
STORE_009,SKU40001,2025-05-02,5,29.95
STORE_009,SKU40001,2025-05-03,3,17.97
STORE_009,SKU40001,2025-05-04,4,23.96
STORE_009,SKU40001,2025-05-05,6,35.94
STORE_009,SKU40001,2025-05-06,6,35.94
STORE_009,SKU40001,2025-05-07,5,29.95
STORE_009,SKU40001,2025-05-09,4,23.96
STORE_009,SKU40001,2025-05-10,4,23.96
STORE_009,SKU40001,2025-05-11,7,41.93
STORE_009,SKU40001,2025-05-13,5,29.95
STORE_009,SKU40001,2025-05-14,8,47.92
STORE_009,SKU40001,2025-05-15,7,41.93
STORE_009,SKU40001,2025-05-16,3,17.97
STORE_009,SKU40001,2025-05-17,4,23.96
STORE_009,SKU40001,2025-05-18,5,29.95
STORE_009,SKU40001,2025-05-19,2,11.98
STORE_009,SKU40001,2025-05-20,3,17.97
STORE_009,SKU40001,2025-05-21,4,23.96
STORE_009,SKU40001,2025-05-22,3,17.97
STORE_009,SKU40001,2025-05-23,2,11.98
STORE_009,SKU40001,2025-05-24,4,23.96
STORE_009,SKU40001,2025-05-25,9,53.91
STORE_009,SKU40001,2025-05-26,9,53.91
STORE_009,SKU40001,2025-05-27,2,11.98
STORE_009,SKU40001,2025-05-29,4,23.96
STORE_009,SKU40001,2025-05-30,1,5.99
STORE_009,SKU40001,2025-05-31,2,11.98
STORE_009,SKU40001,2025-06-01,6,35.94
STORE_009,SKU40001,2025-06-02,3,17.97
STORE_009,SKU40001,2025-06-03,7,41.93
STORE_009,SKU40001,2025-06-04,2,11.98
STORE_009,SKU40001,2025-06-05,5,29.95
STORE_009,SKU40001,2025-06-06,8,47.92
STORE_009,SKU40001,2025-06-07,3,17.97
STORE_009,SKU40001,2025-06-08,1,5.99
STORE_009,SKU40001,2025-06-09,1,5.99
STORE_009,SKU40001,2025-06-10,8,47.92
STORE_009,SKU40001,2025-06-11,2,11.98
STORE_009,SKU40001,2025-06-12,1,5.99
STORE_009,SKU40001,2025-06-13,6,35.94
STORE_009,SKU40001,2025-06-14,1,5.99
STORE_009,SKU40002,2025-04-20,4,27.96
STORE_009,SKU40002,2025-04-24,2,13.98
STORE_009,SKU40002,2025-04-25,2,13.98
STORE_009,SKU40002,2025-04-27,6,41.94
STORE_009,SKU40002,2025-04-28,3,20.97
STORE_009,SKU40002,2025-04-29,2,13.98
STORE_009,SKU40002,2025-04-30,3,20.97
STORE_009,SKU40002,2025-05-01,2,13.98
STORE_009,SKU40002,2025-05-02,1,6.99
STORE_009,SKU40002,2025-05-03,5,34.95
STORE_009,SKU40002,2025-05-05,2,13.98
STORE_009,SKU40002,2025-05-06,1,6.99
STORE_009,SKU40002,2025-05-07,2,13.98
STORE_009,SKU40002,2025-05-09,4,27.96
STORE_009,SKU40002,2025-05-10,3,20.97
STORE_009,SKU40002,2025-05-11,3,20.97
STORE_009,SKU40002,2025-05-12,4,27.96
STORE_009,SKU40002,2025-05-13,4,27.96
STORE_009,SKU40002,2025-05-14,4,27.96
STORE_009,SKU40002,2025-05-15,3,20.97
STORE_009,SKU40002,2025-05-16,5,34.95
STORE_009,SKU40002,2025-05-17,2,13.98
STORE_009,SKU40002,2025-05-18,3,20.97
STORE_009,SKU40002,2025-05-19,2,13.98
STORE_009,SKU40002,2025-05-20,2,13.98
STORE_009,SKU40002,2025-05-22,2,13.98
STORE_009,SKU40002,2025-05-23,2,13.98
STORE_009,SKU40002,2025-05-24,3,20.97
STORE_009,SKU40002,2025-05-25,4,27.96
STORE_009,SKU40002,2025-05-26,1,6.99
STORE_009,SKU40002,2025-05-27,1,6.99
STORE_009,SKU40002,2025-05-28,3,20.97
STORE_009,SKU40002,2025-05-29,3,20.97
STORE_009,SKU40002,2025-05-30,2,13.98
STORE_009,SKU40002,2025-05-31,1,6.99
STORE_009,SKU40002,2025-06-01,5,34.95
STORE_009,SKU40002,2025-06-02,4,27.96
STORE_009,SKU40002,2025-06-03,3,20.97
STORE_009,SKU40002,2025-06-04,4,27.96
STORE_009,SKU40002,2025-06-08,4,27.96
STORE_009,SKU40002,2025-06-09,2,13.98
STORE_009,SKU40002,2025-06-10,4,27.96
STORE_009,SKU40002,2025-06-11,6,41.94
STORE_009,SKU40002,2025-06-12,3,20.97
STORE_009,SKU40002,2025-06-13,3,20.97
STORE_009,SKU40002,2025-06-14,2,13.98
STORE_009,SKU40003,2025-04-21,1,7.49
STORE_009,SKU40003,2025-04-24,2,14.98
STORE_009,SKU40003,2025-04-25,4,29.96
STORE_009,SKU40003,2025-04-27,7,52.43
STORE_009,SKU40003,2025-04-28,2,14.98
STORE_009,SKU40003,2025-04-30,6,44.94
STORE_009,SKU40003,2025-05-01,1,7.49
STORE_009,SKU40003,2025-05-02,1,7.49
STORE_009,SKU40003,2025-05-03,5,37.45
STORE_009,SKU40003,2025-05-04,1,7.49
STORE_009,SKU40003,2025-05-05,1,7.49
STORE_009,SKU40003,2025-05-07,4,29.96
STORE_009,SKU40003,2025-05-10,1,7.49
STORE_009,SKU40003,2025-05-11,2,14.98
STORE_009,SKU40003,2025-05-12,2,14.98
STORE_009,SKU40003,2025-05-13,1,7.49
STORE_009,SKU40003,2025-05-15,1,7.49
STORE_009,SKU40003,2025-05-16,2,14.98
STORE_009,SKU40003,2025-05-17,1,7.49
STORE_009,SKU40003,2025-05-18,2,14.98
STORE_009,SKU40003,2025-05-19,3,22.47
STORE_009,SKU40003,2025-05-21,3,22.47
STORE_009,SKU40003,2025-05-22,2,14.98
STORE_009,SKU40003,2025-05-24,3,22.47
STORE_009,SKU40003,2025-05-26,2,14.98
STORE_009,SKU40003,2025-05-29,4,29.96
STORE_009,SKU40003,2025-05-31,4,29.96
STORE_009,SKU40003,2025-06-01,2,14.98
STORE_009,SKU40003,2025-06-05,2,14.98
STORE_009,SKU40003,2025-06-06,5,37.45
STORE_009,SKU40003,2025-06-07,3,22.47
STORE_009,SKU40003,2025-06-08,3,22.47
STORE_009,SKU40003,2025-06-09,2,14.98
STORE_009,SKU40003,2025-06-10,4,29.96
STORE_009,SKU40003,2025-06-12,1,7.49
STORE_009,SKU40003,2025-06-13,1,7.49
STORE_010,SKU10000,2025-04-20,20,39.8
STORE_010,SKU10000,2025-04-21,15,29.85
STORE_010,SKU10000,2025-04-22,11,21.89
STORE_010,SKU10000,2025-04-23,14,27.86
STORE_010,SKU10000,2025-04-24,10,19.9
STORE_010,SKU10000,2025-04-26,22,43.78
STORE_010,SKU10000,2025-04-27,11,21.89
STORE_010,SKU10000,2025-04-28,11,21.89
STORE_010,SKU10000,2025-04-29,16,31.84
STORE_010,SKU10000,2025-04-30,6,11.94
STORE_010,SKU10000,2025-05-01,12,23.88
STORE_010,SKU10000,2025-05-02,15,29.85
STORE_010,SKU10000,2025-05-03,9,17.91
STORE_010,SKU10000,2025-05-04,19,37.81
STORE_010,SKU10000,2025-05-05,15,29.85
STORE_010,SKU10000,2025-05-06,6,11.94
STORE_010,SKU10000,2025-05-07,18,35.82
STORE_010,SKU10000,2025-05-08,16,31.84
STORE_010,SKU10000,2025-05-09,8,15.92
STORE_010,SKU10000,2025-05-10,20,39.8
STORE_010,SKU10000,2025-05-11,16,31.84
STORE_010,SKU10000,2025-05-12,17,33.83
STORE_010,SKU10000,2025-05-13,8,15.92
STORE_010,SKU10000,2025-05-14,11,21.89
STORE_010,SKU10000,2025-05-15,12,23.88
STORE_010,SKU10000,2025-05-16,9,17.91
STORE_010,SKU10000,2025-05-17,18,35.82
STORE_010,SKU10000,2025-05-18,15,29.85
STORE_010,SKU10000,2025-05-19,14,27.86
STORE_010,SKU10000,2025-05-20,11,21.89
STORE_010,SKU10000,2025-05-21,17,33.83
STORE_010,SKU10000,2025-05-22,16,31.84
STORE_010,SKU10000,2025-05-23,16,31.84
STORE_010,SKU10000,2025-05-24,16,31.84
STORE_010,SKU10000,2025-05-25,20,39.8
STORE_010,SKU10000,2025-05-26,16,31.84
STORE_010,SKU10000,2025-05-27,13,25.87
STORE_010,SKU10000,2025-05-28,12,23.88
STORE_010,SKU10000,2025-05-29,13,25.87
STORE_010,SKU10000,2025-05-30,15,29.85
STORE_010,SKU10000,2025-05-31,10,19.9
STORE_010,SKU10000,2025-06-01,13,25.87
STORE_010,SKU10000,2025-06-02,18,35.82
STORE_010,SKU10000,2025-06-03,17,33.83
STORE_010,SKU10000,2025-06-04,13,25.87
STORE_010,SKU10000,2025-06-05,24,47.76
STORE_010,SKU10000,2025-06-06,16,31.84
STORE_010,SKU10000,2025-06-07,16,31.84
STORE_010,SKU10000,2025-06-08,19,37.81
STORE_010,SKU10000,2025-06-09,11,21.89
STORE_010,SKU10000,2025-06-10,11,21.89
STORE_010,SKU10000,2025-06-11,13,25.87
STORE_010,SKU10000,2025-06-12,14,27.86
STORE_010,SKU10000,2025-06-13,11,21.89
STORE_010,SKU10000,2025-06-14,21,41.79
STORE_010,SKU10001,2025-04-20,15,74.85
STORE_010,SKU10001,2025-04-21,7,34.93
STORE_010,SKU10001,2025-04-23,4,19.96
STORE_010,SKU10001,2025-04-24,8,39.92
STORE_010,SKU10001,2025-04-25,11,54.89
STORE_010,SKU10001,2025-04-26,11,54.89
STORE_010,SKU10001,2025-04-27,6,29.94
STORE_010,SKU10001,2025-04-28,12,59.88
STORE_010,SKU10001,2025-04-29,12,59.88
STORE_010,SKU10001,2025-04-30,5,24.95
STORE_010,SKU10001,2025-05-02,7,34.93
STORE_010,SKU10001,2025-05-03,7,34.93
STORE_010,SKU10001,2025-05-04,9,44.91
STORE_010,SKU10001,2025-05-05,5,24.95
STORE_010,SKU10001,2025-05-06,3,14.97
STORE_010,SKU10001,2025-05-07,6,29.94
STORE_010,SKU10001,2025-05-08,10,49.9
STORE_010,SKU10001,2025-05-09,12,59.88
STORE_010,SKU10001,2025-05-10,5,24.95
STORE_010,SKU10001,2025-05-11,11,54.89
STORE_010,SKU10001,2025-05-12,11,54.89
STORE_010,SKU10001,2025-05-13,5,24.95
STORE_010,SKU10001,2025-05-14,11,54.89
STORE_010,SKU10001,2025-05-15,5,24.95
STORE_010,SKU10001,2025-05-17,8,39.92
STORE_010,SKU10001,2025-05-18,12,59.88
STORE_010,SKU10001,2025-05-19,10,49.9
STORE_010,SKU10001,2025-05-21,10,49.9
STORE_010,SKU10001,2025-05-22,7,34.93
STORE_010,SKU10001,2025-05-23,9,44.91
STORE_010,SKU10001,2025-05-24,7,34.93
STORE_010,SKU10001,2025-05-25,13,64.87
STORE_010,SKU10001,2025-05-26,9,44.91
STORE_010,SKU10001,2025-05-27,9,44.91
STORE_010,SKU10001,2025-05-28,8,39.92
STORE_010,SKU10001,2025-05-29,9,44.91
STORE_010,SKU10001,2025-05-30,9,44.91
STORE_010,SKU10001,2025-05-31,8,39.92
STORE_010,SKU10001,2025-06-01,6,29.94
STORE_010,SKU10001,2025-06-02,5,24.95
STORE_010,SKU10001,2025-06-03,8,39.92
STORE_010,SKU10001,2025-06-04,11,54.89
STORE_010,SKU10001,2025-06-05,7,34.93
STORE_010,SKU10001,2025-06-06,10,49.9
STORE_010,SKU10001,2025-06-07,9,44.91
STORE_010,SKU10001,2025-06-08,12,59.88
STORE_010,SKU10001,2025-06-09,8,39.92
STORE_010,SKU10001,2025-06-10,8,39.92
STORE_010,SKU10001,2025-06-11,10,49.9
STORE_010,SKU10001,2025-06-12,8,39.92
STORE_010,SKU10001,2025-06-13,9,44.91
STORE_010,SKU10001,2025-06-14,9,44.91
STORE_010,SKU10002,2025-04-20,7,17.43
STORE_010,SKU10002,2025-04-21,3,7.47
STORE_010,SKU10002,2025-04-22,8,19.92
STORE_010,SKU10002,2025-04-23,8,19.92
STORE_010,SKU10002,2025-04-24,5,12.45
STORE_010,SKU10002,2025-04-25,5,12.45
STORE_010,SKU10002,2025-04-26,10,24.9
STORE_010,SKU10002,2025-04-27,6,14.94
STORE_010,SKU10002,2025-04-28,7,17.43
STORE_010,SKU10002,2025-04-29,6,14.94
STORE_010,SKU10002,2025-04-30,3,7.47
STORE_010,SKU10002,2025-05-01,6,14.94
STORE_010,SKU10002,2025-05-02,3,7.47
STORE_010,SKU10002,2025-05-03,9,22.41
STORE_010,SKU10002,2025-05-04,6,14.94
STORE_010,SKU10002,2025-05-05,3,7.47
STORE_010,SKU10002,2025-05-06,7,17.43
STORE_010,SKU10002,2025-05-07,3,7.47
STORE_010,SKU10002,2025-05-08,3,7.47
STORE_010,SKU10002,2025-05-09,9,22.41
STORE_010,SKU10002,2025-05-10,9,22.41
STORE_010,SKU10002,2025-05-11,7,17.43
STORE_010,SKU10002,2025-05-13,7,17.43
STORE_010,SKU10002,2025-05-14,8,19.92
STORE_010,SKU10002,2025-05-15,2,4.98
STORE_010,SKU10002,2025-05-16,5,12.45
STORE_010,SKU10002,2025-05-17,8,19.92
STORE_010,SKU10002,2025-05-18,5,12.45
STORE_010,SKU10002,2025-05-19,8,19.92
STORE_010,SKU10002,2025-05-20,4,9.96
STORE_010,SKU10002,2025-05-21,5,12.45
STORE_010,SKU10002,2025-05-22,5,12.45
STORE_010,SKU10002,2025-05-23,4,9.96
STORE_010,SKU10002,2025-05-24,6,14.94
STORE_010,SKU10002,2025-05-25,9,22.41
STORE_010,SKU10002,2025-05-26,6,14.94
STORE_010,SKU10002,2025-05-27,9,22.41
STORE_010,SKU10002,2025-05-28,4,9.96
STORE_010,SKU10002,2025-05-29,8,19.92
STORE_010,SKU10002,2025-05-30,1,2.49
STORE_010,SKU10002,2025-05-31,8,19.92
STORE_010,SKU10002,2025-06-01,10,24.9
STORE_010,SKU10002,2025-06-02,9,22.41
STORE_010,SKU10002,2025-06-03,4,9.96
STORE_010,SKU10002,2025-06-04,7,17.43
STORE_010,SKU10002,2025-06-05,8,19.92
STORE_010,SKU10002,2025-06-06,7,17.43
STORE_010,SKU10002,2025-06-07,5,12.45
STORE_010,SKU10002,2025-06-08,5,12.45
STORE_010,SKU10002,2025-06-09,5,12.45
STORE_010,SKU10002,2025-06-10,7,17.43
STORE_010,SKU10002,2025-06-11,5,12.45
STORE_010,SKU10002,2025-06-12,5,12.45
STORE_010,SKU10002,2025-06-13,5,12.45
STORE_010,SKU10002,2025-06-14,8,19.92
STORE_010,SKU10003,2025-04-20,11,36.19
STORE_010,SKU10003,2025-04-21,8,26.32
STORE_010,SKU10003,2025-04-22,8,26.32
STORE_010,SKU10003,2025-04-23,13,42.77
STORE_010,SKU10003,2025-04-24,12,39.48
STORE_010,SKU10003,2025-04-25,11,36.19
STORE_010,SKU10003,2025-04-26,11,36.19
STORE_010,SKU10003,2025-04-27,6,19.74
STORE_010,SKU10003,2025-04-28,13,42.77
STORE_010,SKU10003,2025-04-29,8,26.32
STORE_010,SKU10003,2025-04-30,8,26.32
STORE_010,SKU10003,2025-05-01,12,39.48
STORE_010,SKU10003,2025-05-02,13,42.77
STORE_010,SKU10003,2025-05-03,11,36.19
STORE_010,SKU10003,2025-05-04,12,39.48
STORE_010,SKU10003,2025-05-05,5,16.45
STORE_010,SKU10003,2025-05-06,10,32.9
STORE_010,SKU10003,2025-05-07,9,29.61
STORE_010,SKU10003,2025-05-08,11,36.19
STORE_010,SKU10003,2025-05-09,10,32.9
STORE_010,SKU10003,2025-05-10,8,26.32
STORE_010,SKU10003,2025-05-11,13,42.77
STORE_010,SKU10003,2025-05-12,11,36.19
STORE_010,SKU10003,2025-05-13,9,29.61
STORE_010,SKU10003,2025-05-14,6,19.74
STORE_010,SKU10003,2025-05-15,14,46.06
STORE_010,SKU10003,2025-05-16,10,32.9
STORE_010,SKU10003,2025-05-17,14,46.06
STORE_010,SKU10003,2025-05-18,12,39.48
STORE_010,SKU10003,2025-05-19,8,26.32
STORE_010,SKU10003,2025-05-20,11,36.19
STORE_010,SKU10003,2025-05-21,10,32.9
STORE_010,SKU10003,2025-05-22,10,32.9
STORE_010,SKU10003,2025-05-23,7,23.03
STORE_010,SKU10003,2025-05-24,12,39.48
STORE_010,SKU10003,2025-05-26,7,23.03
STORE_010,SKU10003,2025-05-27,10,32.9
STORE_010,SKU10003,2025-05-28,8,26.32
STORE_010,SKU10003,2025-05-29,7,23.03
STORE_010,SKU10003,2025-05-30,8,26.32
STORE_010,SKU10003,2025-05-31,11,36.19
STORE_010,SKU10003,2025-06-01,8,26.32
STORE_010,SKU10003,2025-06-02,12,39.48
STORE_010,SKU10003,2025-06-03,11,36.19
STORE_010,SKU10003,2025-06-04,6,19.74
STORE_010,SKU10003,2025-06-05,8,26.32
STORE_010,SKU10003,2025-06-06,10,32.9
STORE_010,SKU10003,2025-06-07,13,42.77
STORE_010,SKU10003,2025-06-08,11,36.19
STORE_010,SKU10003,2025-06-09,11,36.19
STORE_010,SKU10003,2025-06-10,11,36.19
STORE_010,SKU10003,2025-06-11,12,39.48
STORE_010,SKU10003,2025-06-12,7,23.03
STORE_010,SKU10003,2025-06-13,11,36.19
STORE_010,SKU10003,2025-06-14,11,36.19
STORE_010,SKU10004,2025-04-20,3,11.97
STORE_010,SKU10004,2025-04-21,9,35.91
STORE_010,SKU10004,2025-04-22,5,19.95
STORE_010,SKU10004,2025-04-23,7,27.93
STORE_010,SKU10004,2025-04-24,7,27.93
STORE_010,SKU10004,2025-04-25,6,23.94
STORE_010,SKU10004,2025-04-26,7,27.93
STORE_010,SKU10004,2025-04-27,7,27.93
STORE_010,SKU10004,2025-04-28,10,39.9
STORE_010,SKU10004,2025-04-29,6,23.94
STORE_010,SKU10004,2025-04-30,10,39.9
STORE_010,SKU10004,2025-05-01,6,23.94
STORE_010,SKU10004,2025-05-02,7,27.93
STORE_010,SKU10004,2025-05-03,8,31.92
STORE_010,SKU10004,2025-05-05,10,39.9
STORE_010,SKU10004,2025-05-06,7,27.93
STORE_010,SKU10004,2025-05-07,7,27.93
STORE_010,SKU10004,2025-05-08,6,23.94
STORE_010,SKU10004,2025-05-09,4,15.96
STORE_010,SKU10004,2025-05-10,6,23.94
STORE_010,SKU10004,2025-05-11,10,39.9
STORE_010,SKU10004,2025-05-12,3,11.97
STORE_010,SKU10004,2025-05-13,3,11.97
STORE_010,SKU10004,2025-05-14,4,15.96
STORE_010,SKU10004,2025-05-15,8,31.92
STORE_010,SKU10004,2025-05-17,4,15.96
STORE_010,SKU10004,2025-05-18,8,31.92
STORE_010,SKU10004,2025-05-19,7,27.93
STORE_010,SKU10004,2025-05-20,6,23.94
STORE_010,SKU10004,2025-05-21,4,15.96
STORE_010,SKU10004,2025-05-22,5,19.95
STORE_010,SKU10004,2025-05-23,7,27.93
STORE_010,SKU10004,2025-05-24,9,35.91
STORE_010,SKU10004,2025-05-25,4,15.96
STORE_010,SKU10004,2025-05-26,7,27.93
STORE_010,SKU10004,2025-05-27,5,19.95
STORE_010,SKU10004,2025-05-28,6,23.94
STORE_010,SKU10004,2025-05-29,4,15.96
STORE_010,SKU10004,2025-05-30,3,11.97
STORE_010,SKU10004,2025-05-31,7,27.93
STORE_010,SKU10004,2025-06-01,7,27.93
STORE_010,SKU10004,2025-06-02,5,19.95
STORE_010,SKU10004,2025-06-03,10,39.9
STORE_010,SKU10004,2025-06-04,5,19.95
STORE_010,SKU10004,2025-06-05,5,19.95
STORE_010,SKU10004,2025-06-06,7,27.93
STORE_010,SKU10004,2025-06-07,7,27.93
STORE_010,SKU10004,2025-06-08,6,23.94
STORE_010,SKU10004,2025-06-09,7,27.93
STORE_010,SKU10004,2025-06-10,7,27.93
STORE_010,SKU10004,2025-06-11,7,27.93
STORE_010,SKU10004,2025-06-12,7,27.93
STORE_010,SKU10004,2025-06-13,6,23.94
STORE_010,SKU10004,2025-06-14,7,27.93
STORE_010,SKU10005,2025-04-20,3,13.47
STORE_010,SKU10005,2025-04-21,5,22.45
STORE_010,SKU10005,2025-04-22,6,26.94
STORE_010,SKU10005,2025-04-23,5,22.45
STORE_010,SKU10005,2025-04-24,4,17.96
STORE_010,SKU10005,2025-04-25,6,26.94
STORE_010,SKU10005,2025-04-26,6,26.94
STORE_010,SKU10005,2025-04-27,4,17.96
STORE_010,SKU10005,2025-04-28,6,26.94
STORE_010,SKU10005,2025-04-29,4,17.96
STORE_010,SKU10005,2025-04-30,3,13.47
STORE_010,SKU10005,2025-05-01,3,13.47
STORE_010,SKU10005,2025-05-02,3,13.47
STORE_010,SKU10005,2025-05-03,3,13.47
STORE_010,SKU10005,2025-05-04,8,35.92
STORE_010,SKU10005,2025-05-05,2,8.98
STORE_010,SKU10005,2025-05-06,5,22.45
STORE_010,SKU10005,2025-05-07,5,22.45
STORE_010,SKU10005,2025-05-08,5,22.45
STORE_010,SKU10005,2025-05-09,5,22.45
STORE_010,SKU10005,2025-05-10,5,22.45
STORE_010,SKU10005,2025-05-11,6,26.94
STORE_010,SKU10005,2025-05-12,4,17.96
STORE_010,SKU10005,2025-05-13,4,17.96
STORE_010,SKU10005,2025-05-14,2,8.98
STORE_010,SKU10005,2025-05-15,5,22.45
STORE_010,SKU10005,2025-05-16,5,22.45
STORE_010,SKU10005,2025-05-17,5,22.45
STORE_010,SKU10005,2025-05-19,6,26.94
STORE_010,SKU10005,2025-05-20,6,26.94
STORE_010,SKU10005,2025-05-21,6,26.94
STORE_010,SKU10005,2025-05-23,6,26.94
STORE_010,SKU10005,2025-05-27,2,8.98
STORE_010,SKU10005,2025-05-28,4,17.96
STORE_010,SKU10005,2025-05-29,4,17.96
STORE_010,SKU10005,2025-05-30,4,17.96
STORE_010,SKU10005,2025-05-31,3,13.47
STORE_010,SKU10005,2025-06-01,4,17.96
STORE_010,SKU10005,2025-06-02,4,17.96
STORE_010,SKU10005,2025-06-03,2,8.98
STORE_010,SKU10005,2025-06-04,6,26.94
STORE_010,SKU10005,2025-06-05,3,13.47
STORE_010,SKU10005,2025-06-06,5,22.45
STORE_010,SKU10005,2025-06-07,5,22.45
STORE_010,SKU10005,2025-06-08,4,17.96
STORE_010,SKU10005,2025-06-09,3,13.47
STORE_010,SKU10005,2025-06-10,5,22.45
STORE_010,SKU10005,2025-06-11,4,17.96
STORE_010,SKU10005,2025-06-12,4,17.96
STORE_010,SKU10005,2025-06-13,5,22.45
STORE_010,SKU10005,2025-06-14,5,22.45
STORE_010,SKU10006,2025-04-20,5,29.95
STORE_010,SKU10006,2025-04-21,4,23.96
STORE_010,SKU10006,2025-04-22,3,17.97
STORE_010,SKU10006,2025-04-23,1,5.99
STORE_010,SKU10006,2025-04-24,2,11.98
STORE_010,SKU10006,2025-04-25,6,35.94
STORE_010,SKU10006,2025-04-28,4,23.96
STORE_010,SKU10006,2025-04-29,3,17.97
STORE_010,SKU10006,2025-04-30,5,29.95
STORE_010,SKU10006,2025-05-01,5,29.95
STORE_010,SKU10006,2025-05-02,2,11.98
STORE_010,SKU10006,2025-05-03,6,35.94
STORE_010,SKU10006,2025-05-04,4,23.96
STORE_010,SKU10006,2025-05-05,3,17.97
STORE_010,SKU10006,2025-05-08,4,23.96
STORE_010,SKU10006,2025-05-09,2,11.98
STORE_010,SKU10006,2025-05-10,3,17.97
STORE_010,SKU10006,2025-05-11,5,29.95
STORE_010,SKU10006,2025-05-12,3,17.97
STORE_010,SKU10006,2025-05-13,5,29.95
STORE_010,SKU10006,2025-05-14,5,29.95
STORE_010,SKU10006,2025-05-16,4,23.96
STORE_010,SKU10006,2025-05-17,3,17.97
STORE_010,SKU10006,2025-05-18,4,23.96
STORE_010,SKU10006,2025-05-20,5,29.95
STORE_010,SKU10006,2025-05-21,1,5.99
STORE_010,SKU10006,2025-05-23,5,29.95
STORE_010,SKU10006,2025-05-24,3,17.97
STORE_010,SKU10006,2025-05-25,2,11.98
STORE_010,SKU10006,2025-05-26,4,23.96
STORE_010,SKU10006,2025-05-27,3,17.97
STORE_010,SKU10006,2025-05-28,6,35.94
STORE_010,SKU10006,2025-05-29,4,23.96
STORE_010,SKU10006,2025-05-30,6,35.94
STORE_010,SKU10006,2025-05-31,5,29.95
STORE_010,SKU10006,2025-06-01,6,35.94
STORE_010,SKU10006,2025-06-02,4,23.96
STORE_010,SKU10006,2025-06-03,5,29.95
STORE_010,SKU10006,2025-06-04,2,11.98
STORE_010,SKU10006,2025-06-06,5,29.95
STORE_010,SKU10006,2025-06-07,5,29.95
STORE_010,SKU10006,2025-06-09,2,11.98
STORE_010,SKU10006,2025-06-10,3,17.97
STORE_010,SKU10006,2025-06-12,2,11.98
STORE_010,SKU10006,2025-06-13,5,29.95
STORE_010,SKU10007,2025-04-20,8,34.32
STORE_010,SKU10007,2025-04-21,7,30.03
STORE_010,SKU10007,2025-04-22,11,47.19
STORE_010,SKU10007,2025-04-23,8,34.32
STORE_010,SKU10007,2025-04-24,9,38.61
STORE_010,SKU10007,2025-04-25,8,34.32
STORE_010,SKU10007,2025-04-26,12,51.48
STORE_010,SKU10007,2025-04-27,8,34.32
STORE_010,SKU10007,2025-04-28,4,17.16
STORE_010,SKU10007,2025-04-29,8,34.32
STORE_010,SKU10007,2025-04-30,9,38.61
STORE_010,SKU10007,2025-05-01,6,25.74
STORE_010,SKU10007,2025-05-02,6,25.74
STORE_010,SKU10007,2025-05-03,11,47.19
STORE_010,SKU10007,2025-05-04,11,47.19
STORE_010,SKU10007,2025-05-05,8,34.32
STORE_010,SKU10007,2025-05-07,5,21.45
STORE_010,SKU10007,2025-05-08,9,38.61
STORE_010,SKU10007,2025-05-09,6,25.74
STORE_010,SKU10007,2025-05-10,11,47.19
STORE_010,SKU10007,2025-05-11,11,47.19
STORE_010,SKU10007,2025-05-12,8,34.32
STORE_010,SKU10007,2025-05-13,10,42.9
STORE_010,SKU10007,2025-05-14,6,25.74
STORE_010,SKU10007,2025-05-15,7,30.03
STORE_010,SKU10007,2025-05-16,6,25.74
STORE_010,SKU10007,2025-05-17,10,42.9
STORE_010,SKU10007,2025-05-18,11,47.19
STORE_010,SKU10007,2025-05-19,6,25.74
STORE_010,SKU10007,2025-05-21,10,42.9
STORE_010,SKU10007,2025-05-22,12,51.48
STORE_010,SKU10007,2025-05-23,11,47.19
STORE_010,SKU10007,2025-05-24,11,47.19
STORE_010,SKU10007,2025-05-25,14,60.06
STORE_010,SKU10007,2025-05-26,9,38.61
STORE_010,SKU10007,2025-05-27,8,34.32
STORE_010,SKU10007,2025-05-28,11,47.19
STORE_010,SKU10007,2025-05-29,11,47.19
STORE_010,SKU10007,2025-05-30,10,42.9
STORE_010,SKU10007,2025-05-31,8,34.32
STORE_010,SKU10007,2025-06-01,12,51.48
STORE_010,SKU10007,2025-06-02,7,30.03
STORE_010,SKU10007,2025-06-03,9,38.61
STORE_010,SKU10007,2025-06-04,6,25.74
STORE_010,SKU10007,2025-06-05,6,25.74
STORE_010,SKU10007,2025-06-06,3,12.87
STORE_010,SKU10007,2025-06-07,9,38.61
STORE_010,SKU10007,2025-06-08,11,47.19
STORE_010,SKU10007,2025-06-09,13,55.77
STORE_010,SKU10007,2025-06-10,7,30.03
STORE_010,SKU10007,2025-06-11,9,38.61
STORE_010,SKU10007,2025-06-12,8,34.32
STORE_010,SKU10007,2025-06-13,9,38.61
STORE_010,SKU10007,2025-06-14,9,38.61
STORE_010,SKU10008,2025-04-20,14,41.86
STORE_010,SKU10008,2025-04-21,8,23.92
STORE_010,SKU10008,2025-04-22,10,29.9
STORE_010,SKU10008,2025-04-23,11,32.89
STORE_010,SKU10008,2025-04-24,13,38.87
STORE_010,SKU10008,2025-04-25,12,35.88
STORE_010,SKU10008,2025-04-26,12,35.88
STORE_010,SKU10008,2025-04-27,10,29.9
STORE_010,SKU10008,2025-04-28,16,47.84
STORE_010,SKU10008,2025-04-29,9,26.91
STORE_010,SKU10008,2025-04-30,7,20.93
STORE_010,SKU10008,2025-05-01,9,26.91
STORE_010,SKU10008,2025-05-02,7,20.93
STORE_010,SKU10008,2025-05-03,13,38.87
STORE_010,SKU10008,2025-05-04,12,35.88
STORE_010,SKU10008,2025-05-05,10,29.9
STORE_010,SKU10008,2025-05-07,10,29.9
STORE_010,SKU10008,2025-05-08,14,41.86
STORE_010,SKU10008,2025-05-09,10,29.9
STORE_010,SKU10008,2025-05-10,12,35.88
STORE_010,SKU10008,2025-05-11,15,44.85
STORE_010,SKU10008,2025-05-12,7,20.93
STORE_010,SKU10008,2025-05-13,10,29.9
STORE_010,SKU10008,2025-05-14,10,29.9
STORE_010,SKU10008,2025-05-15,11,32.89
STORE_010,SKU10008,2025-05-16,14,41.86
STORE_010,SKU10008,2025-05-17,12,35.88
STORE_010,SKU10008,2025-05-18,15,44.85
STORE_010,SKU10008,2025-05-19,9,26.91
STORE_010,SKU10008,2025-05-20,12,35.88
STORE_010,SKU10008,2025-05-21,7,20.93
STORE_010,SKU10008,2025-05-22,9,26.91
STORE_010,SKU10008,2025-05-23,11,32.89
STORE_010,SKU10008,2025-05-24,11,32.89
STORE_010,SKU10008,2025-05-25,7,20.93
STORE_010,SKU10008,2025-05-26,11,32.89
STORE_010,SKU10008,2025-05-28,12,35.88
STORE_010,SKU10008,2025-05-29,9,26.91
STORE_010,SKU10008,2025-05-30,8,23.92
STORE_010,SKU10008,2025-05-31,11,32.89
STORE_010,SKU10008,2025-06-01,8,23.92
STORE_010,SKU10008,2025-06-02,11,32.89
STORE_010,SKU10008,2025-06-03,9,26.91
STORE_010,SKU10008,2025-06-04,13,38.87
STORE_010,SKU10008,2025-06-05,10,29.9
STORE_010,SKU10008,2025-06-06,5,14.95
STORE_010,SKU10008,2025-06-07,12,35.88
STORE_010,SKU10008,2025-06-08,17,50.83
STORE_010,SKU10008,2025-06-09,11,32.89
STORE_010,SKU10008,2025-06-10,12,35.88
STORE_010,SKU10008,2025-06-11,13,38.87
STORE_010,SKU10008,2025-06-12,8,23.92
STORE_010,SKU10008,2025-06-13,10,29.9
STORE_010,SKU10008,2025-06-14,10,29.9
STORE_010,SKU10009,2025-04-21,9,31.41
STORE_010,SKU10009,2025-04-22,7,24.43
STORE_010,SKU10009,2025-04-23,7,24.43
STORE_010,SKU10009,2025-04-24,8,27.92
STORE_010,SKU10009,2025-04-25,8,27.92
STORE_010,SKU10009,2025-04-26,3,10.47
STORE_010,SKU10009,2025-04-27,14,48.86
STORE_010,SKU10009,2025-04-28,7,24.43
STORE_010,SKU10009,2025-04-29,11,38.39
STORE_010,SKU10009,2025-04-30,5,17.45
STORE_010,SKU10009,2025-05-01,6,20.94
STORE_010,SKU10009,2025-05-02,8,27.92
STORE_010,SKU10009,2025-05-03,10,34.9
STORE_010,SKU10009,2025-05-04,11,38.39
STORE_010,SKU10009,2025-05-05,11,38.39
STORE_010,SKU10009,2025-05-06,12,41.88
STORE_010,SKU10009,2025-05-07,10,34.9
STORE_010,SKU10009,2025-05-08,9,31.41
STORE_010,SKU10009,2025-05-09,4,13.96
STORE_010,SKU10009,2025-05-10,10,34.9
STORE_010,SKU10009,2025-05-11,7,24.43
STORE_010,SKU10009,2025-05-13,10,34.9
STORE_010,SKU10009,2025-05-14,9,31.41
STORE_010,SKU10009,2025-05-15,7,24.43
STORE_010,SKU10009,2025-05-16,8,27.92
STORE_010,SKU10009,2025-05-17,9,31.41
STORE_010,SKU10009,2025-05-18,12,41.88
STORE_010,SKU10009,2025-05-19,7,24.43
STORE_010,SKU10009,2025-05-20,8,27.92
STORE_010,SKU10009,2025-05-21,9,31.41
STORE_010,SKU10009,2025-05-23,6,20.94
STORE_010,SKU10009,2025-05-24,6,20.94
STORE_010,SKU10009,2025-05-25,7,24.43
STORE_010,SKU10009,2025-05-26,6,20.94
STORE_010,SKU10009,2025-05-27,7,24.43
STORE_010,SKU10009,2025-05-28,6,20.94
STORE_010,SKU10009,2025-05-29,9,31.41
STORE_010,SKU10009,2025-05-30,5,17.45
STORE_010,SKU10009,2025-05-31,6,20.94
STORE_010,SKU10009,2025-06-01,10,34.9
STORE_010,SKU10009,2025-06-02,11,38.39
STORE_010,SKU10009,2025-06-03,12,41.88
STORE_010,SKU10009,2025-06-04,8,27.92
STORE_010,SKU10009,2025-06-05,7,24.43
STORE_010,SKU10009,2025-06-06,6,20.94
STORE_010,SKU10009,2025-06-07,6,20.94
STORE_010,SKU10009,2025-06-08,6,20.94
STORE_010,SKU10009,2025-06-09,5,17.45
STORE_010,SKU10009,2025-06-10,8,27.92
STORE_010,SKU10009,2025-06-11,7,24.43
STORE_010,SKU10009,2025-06-12,10,34.9
STORE_010,SKU10009,2025-06-13,7,24.43
STORE_010,SKU10009,2025-06-14,12,41.88
STORE_010,SKU20000,2025-04-20,12,45.48
STORE_010,SKU20000,2025-04-21,7,26.53
STORE_010,SKU20000,2025-04-22,9,34.11
STORE_010,SKU20000,2025-04-23,8,30.32
STORE_010,SKU20000,2025-04-25,7,26.53
STORE_010,SKU20000,2025-04-26,11,41.69
STORE_010,SKU20000,2025-04-27,13,49.27
STORE_010,SKU20000,2025-04-28,12,45.48
STORE_010,SKU20000,2025-04-29,4,15.16
STORE_010,SKU20000,2025-04-30,9,34.11
STORE_010,SKU20000,2025-05-01,8,30.32
STORE_010,SKU20000,2025-05-02,7,26.53
STORE_010,SKU20000,2025-05-03,5,18.95
STORE_010,SKU20000,2025-05-04,10,37.9
STORE_010,SKU20000,2025-05-05,6,22.74
STORE_010,SKU20000,2025-05-06,9,34.11
STORE_010,SKU20000,2025-05-07,9,34.11
STORE_010,SKU20000,2025-05-08,5,18.95
STORE_010,SKU20000,2025-05-10,14,53.06
STORE_010,SKU20000,2025-05-11,8,30.32
STORE_010,SKU20000,2025-05-12,10,37.9
STORE_010,SKU20000,2025-05-13,9,34.11
STORE_010,SKU20000,2025-05-14,6,22.74
STORE_010,SKU20000,2025-05-15,7,26.53
STORE_010,SKU20000,2025-05-16,8,30.32
STORE_010,SKU20000,2025-05-17,11,41.69
STORE_010,SKU20000,2025-05-18,13,49.27
STORE_010,SKU20000,2025-05-19,8,30.32
STORE_010,SKU20000,2025-05-20,5,18.95
STORE_010,SKU20000,2025-05-21,5,18.95
STORE_010,SKU20000,2025-05-22,7,26.53
STORE_010,SKU20000,2025-05-23,10,37.9
STORE_010,SKU20000,2025-05-24,10,37.9
STORE_010,SKU20000,2025-05-25,9,34.11
STORE_010,SKU20000,2025-05-26,10,37.9
STORE_010,SKU20000,2025-05-27,10,37.9
STORE_010,SKU20000,2025-05-28,8,30.32
STORE_010,SKU20000,2025-05-30,9,34.11
STORE_010,SKU20000,2025-05-31,11,41.69
STORE_010,SKU20000,2025-06-01,10,37.9
STORE_010,SKU20000,2025-06-02,8,30.32
STORE_010,SKU20000,2025-06-03,10,37.9
STORE_010,SKU20000,2025-06-04,10,37.9
STORE_010,SKU20000,2025-06-05,10,37.9
STORE_010,SKU20000,2025-06-06,10,37.9
STORE_010,SKU20000,2025-06-07,9,34.11
STORE_010,SKU20000,2025-06-08,12,45.48
STORE_010,SKU20000,2025-06-09,9,34.11
STORE_010,SKU20000,2025-06-10,10,37.9
STORE_010,SKU20000,2025-06-11,8,30.32
STORE_010,SKU20000,2025-06-12,9,34.11
STORE_010,SKU20000,2025-06-13,7,26.53
STORE_010,SKU20000,2025-06-14,8,30.32
STORE_010,SKU20001,2025-04-20,13,49.27
STORE_010,SKU20001,2025-04-21,13,49.27
STORE_010,SKU20001,2025-04-22,10,37.9
STORE_010,SKU20001,2025-04-23,7,26.53
STORE_010,SKU20001,2025-04-24,14,53.06
STORE_010,SKU20001,2025-04-25,8,30.32
STORE_010,SKU20001,2025-04-26,14,53.06
STORE_010,SKU20001,2025-04-27,18,68.22
STORE_010,SKU20001,2025-04-28,20,75.8
STORE_010,SKU20001,2025-04-29,11,41.69
STORE_010,SKU20001,2025-04-30,15,56.85
STORE_010,SKU20001,2025-05-01,12,45.48
STORE_010,SKU20001,2025-05-02,9,34.11
STORE_010,SKU20001,2025-05-03,13,49.27
STORE_010,SKU20001,2025-05-04,12,45.48
STORE_010,SKU20001,2025-05-05,14,53.06
STORE_010,SKU20001,2025-05-06,16,60.64
STORE_010,SKU20001,2025-05-07,10,37.9
STORE_010,SKU20001,2025-05-08,7,26.53
STORE_010,SKU20001,2025-05-09,12,45.48
STORE_010,SKU20001,2025-05-10,11,41.69
STORE_010,SKU20001,2025-05-11,10,37.9
STORE_010,SKU20001,2025-05-12,10,37.9
STORE_010,SKU20001,2025-05-13,9,34.11
STORE_010,SKU20001,2025-05-14,13,49.27
STORE_010,SKU20001,2025-05-15,13,49.27
STORE_010,SKU20001,2025-05-16,12,45.48
STORE_010,SKU20001,2025-05-17,11,41.69
STORE_010,SKU20001,2025-05-18,11,41.69
STORE_010,SKU20001,2025-05-19,11,41.69
STORE_010,SKU20001,2025-05-20,11,41.69
STORE_010,SKU20001,2025-05-21,12,45.48
STORE_010,SKU20001,2025-05-22,12,45.48
STORE_010,SKU20001,2025-05-23,11,41.69
STORE_010,SKU20001,2025-05-24,15,56.85
STORE_010,SKU20001,2025-05-25,14,53.06
STORE_010,SKU20001,2025-05-27,13,49.27
STORE_010,SKU20001,2025-05-28,8,30.32
STORE_010,SKU20001,2025-05-29,10,37.9
STORE_010,SKU20001,2025-05-30,12,45.48
STORE_010,SKU20001,2025-05-31,13,49.27
STORE_010,SKU20001,2025-06-01,16,60.64
STORE_010,SKU20001,2025-06-02,13,49.27
STORE_010,SKU20001,2025-06-03,17,64.43
STORE_010,SKU20001,2025-06-04,17,64.43
STORE_010,SKU20001,2025-06-05,12,45.48
STORE_010,SKU20001,2025-06-06,10,37.9
STORE_010,SKU20001,2025-06-07,11,41.69
STORE_010,SKU20001,2025-06-08,16,60.64
STORE_010,SKU20001,2025-06-09,13,49.27
STORE_010,SKU20001,2025-06-10,16,60.64
STORE_010,SKU20001,2025-06-11,13,49.27
STORE_010,SKU20001,2025-06-12,13,49.27
STORE_010,SKU20001,2025-06-13,7,26.53
STORE_010,SKU20001,2025-06-14,14,53.06
STORE_010,SKU20002,2025-04-20,9,53.91
STORE_010,SKU20002,2025-04-21,5,29.95
STORE_010,SKU20002,2025-04-22,3,17.97
STORE_010,SKU20002,2025-04-23,4,23.96
STORE_010,SKU20002,2025-04-24,6,35.94
STORE_010,SKU20002,2025-04-25,8,47.92
STORE_010,SKU20002,2025-04-26,6,35.94
STORE_010,SKU20002,2025-04-27,2,11.98
STORE_010,SKU20002,2025-04-28,6,35.94
STORE_010,SKU20002,2025-04-29,6,35.94
STORE_010,SKU20002,2025-04-30,5,29.95
STORE_010,SKU20002,2025-05-01,7,41.93
STORE_010,SKU20002,2025-05-02,3,17.97
STORE_010,SKU20002,2025-05-03,6,35.94
STORE_010,SKU20002,2025-05-04,6,35.94
STORE_010,SKU20002,2025-05-05,2,11.98
STORE_010,SKU20002,2025-05-06,7,41.93
STORE_010,SKU20002,2025-05-07,6,35.94
STORE_010,SKU20002,2025-05-08,4,23.96
STORE_010,SKU20002,2025-05-10,7,41.93
STORE_010,SKU20002,2025-05-11,7,41.93
STORE_010,SKU20002,2025-05-12,5,29.95
STORE_010,SKU20002,2025-05-13,4,23.96
STORE_010,SKU20002,2025-05-14,6,35.94
STORE_010,SKU20002,2025-05-15,6,35.94
STORE_010,SKU20002,2025-05-16,4,23.96
STORE_010,SKU20002,2025-05-17,6,35.94
STORE_010,SKU20002,2025-05-18,4,23.96
STORE_010,SKU20002,2025-05-19,7,41.93
STORE_010,SKU20002,2025-05-20,8,47.92
STORE_010,SKU20002,2025-05-21,5,29.95
STORE_010,SKU20002,2025-05-22,4,23.96
STORE_010,SKU20002,2025-05-23,7,41.93
STORE_010,SKU20002,2025-05-24,8,47.92
STORE_010,SKU20002,2025-05-25,8,47.92
STORE_010,SKU20002,2025-05-26,3,17.97
STORE_010,SKU20002,2025-05-27,1,5.99
STORE_010,SKU20002,2025-05-28,5,29.95
STORE_010,SKU20002,2025-05-29,11,65.89
STORE_010,SKU20002,2025-05-30,6,35.94
STORE_010,SKU20002,2025-05-31,6,35.94
STORE_010,SKU20002,2025-06-01,8,47.92
STORE_010,SKU20002,2025-06-02,4,23.96
STORE_010,SKU20002,2025-06-03,3,17.97
STORE_010,SKU20002,2025-06-04,5,29.95
STORE_010,SKU20002,2025-06-05,6,35.94
STORE_010,SKU20002,2025-06-06,4,23.96
STORE_010,SKU20002,2025-06-07,7,41.93
STORE_010,SKU20002,2025-06-08,6,35.94
STORE_010,SKU20002,2025-06-09,8,47.92
STORE_010,SKU20002,2025-06-10,7,41.93
STORE_010,SKU20002,2025-06-11,10,59.9
STORE_010,SKU20002,2025-06-12,3,17.97
STORE_010,SKU20002,2025-06-13,8,47.92
STORE_010,SKU20002,2025-06-14,3,17.97
STORE_010,SKU20003,2025-04-20,5,24.95
STORE_010,SKU20003,2025-04-21,1,4.99
STORE_010,SKU20003,2025-04-22,4,19.96
STORE_010,SKU20003,2025-04-23,4,19.96
STORE_010,SKU20003,2025-04-24,4,19.96
STORE_010,SKU20003,2025-04-25,1,4.99
STORE_010,SKU20003,2025-04-27,5,24.95
STORE_010,SKU20003,2025-04-28,4,19.96
STORE_010,SKU20003,2025-04-29,5,24.95
STORE_010,SKU20003,2025-04-30,3,14.97
STORE_010,SKU20003,2025-05-01,6,29.94
STORE_010,SKU20003,2025-05-02,4,19.96
STORE_010,SKU20003,2025-05-04,5,24.95
STORE_010,SKU20003,2025-05-05,3,14.97
STORE_010,SKU20003,2025-05-06,5,24.95
STORE_010,SKU20003,2025-05-07,4,19.96
STORE_010,SKU20003,2025-05-08,4,19.96
STORE_010,SKU20003,2025-05-09,4,19.96
STORE_010,SKU20003,2025-05-10,3,14.97
STORE_010,SKU20003,2025-05-11,3,14.97
STORE_010,SKU20003,2025-05-12,4,19.96
STORE_010,SKU20003,2025-05-13,6,29.94
STORE_010,SKU20003,2025-05-14,4,19.96
STORE_010,SKU20003,2025-05-15,5,24.95
STORE_010,SKU20003,2025-05-16,5,24.95
STORE_010,SKU20003,2025-05-17,5,24.95
STORE_010,SKU20003,2025-05-18,5,24.95
STORE_010,SKU20003,2025-05-19,3,14.97
STORE_010,SKU20003,2025-05-21,1,4.99
STORE_010,SKU20003,2025-05-22,5,24.95
STORE_010,SKU20003,2025-05-23,3,14.97
STORE_010,SKU20003,2025-05-24,5,24.95
STORE_010,SKU20003,2025-05-25,5,24.95
STORE_010,SKU20003,2025-05-28,4,19.96
STORE_010,SKU20003,2025-05-29,3,14.97
STORE_010,SKU20003,2025-05-30,3,14.97
STORE_010,SKU20003,2025-05-31,1,4.99
STORE_010,SKU20003,2025-06-01,6,29.94
STORE_010,SKU20003,2025-06-02,5,24.95
STORE_010,SKU20003,2025-06-03,5,24.95
STORE_010,SKU20003,2025-06-06,5,24.95
STORE_010,SKU20003,2025-06-07,3,14.97
STORE_010,SKU20003,2025-06-08,4,19.96
STORE_010,SKU20003,2025-06-09,3,14.97
STORE_010,SKU20003,2025-06-10,1,4.99
STORE_010,SKU20003,2025-06-11,2,9.98
STORE_010,SKU20003,2025-06-12,5,24.95
STORE_010,SKU20003,2025-06-13,5,24.95
STORE_010,SKU20003,2025-06-14,5,24.95
STORE_010,SKU20004,2025-04-20,7,30.03
STORE_010,SKU20004,2025-04-21,6,25.74
STORE_010,SKU20004,2025-04-22,5,21.45
STORE_010,SKU20004,2025-04-23,3,12.87
STORE_010,SKU20004,2025-04-24,8,34.32
STORE_010,SKU20004,2025-04-25,8,34.32
STORE_010,SKU20004,2025-04-26,7,30.03
STORE_010,SKU20004,2025-04-28,8,34.32
STORE_010,SKU20004,2025-04-29,4,17.16
STORE_010,SKU20004,2025-04-30,8,34.32
STORE_010,SKU20004,2025-05-01,9,38.61
STORE_010,SKU20004,2025-05-02,4,17.16
STORE_010,SKU20004,2025-05-03,8,34.32
STORE_010,SKU20004,2025-05-05,6,25.74
STORE_010,SKU20004,2025-05-06,7,30.03
STORE_010,SKU20004,2025-05-07,8,34.32
STORE_010,SKU20004,2025-05-08,6,25.74
STORE_010,SKU20004,2025-05-09,8,34.32
STORE_010,SKU20004,2025-05-10,10,42.9
STORE_010,SKU20004,2025-05-11,3,12.87
STORE_010,SKU20004,2025-05-12,9,38.61
STORE_010,SKU20004,2025-05-13,9,38.61
STORE_010,SKU20004,2025-05-14,4,17.16
STORE_010,SKU20004,2025-05-15,8,34.32
STORE_010,SKU20004,2025-05-16,7,30.03
STORE_010,SKU20004,2025-05-17,6,25.74
STORE_010,SKU20004,2025-05-18,8,34.32
STORE_010,SKU20004,2025-05-19,6,25.74
STORE_010,SKU20004,2025-05-20,4,17.16
STORE_010,SKU20004,2025-05-21,8,34.32
STORE_010,SKU20004,2025-05-22,6,25.74
STORE_010,SKU20004,2025-05-23,8,34.32
STORE_010,SKU20004,2025-05-24,7,30.03
STORE_010,SKU20004,2025-05-25,10,42.9
STORE_010,SKU20004,2025-05-26,4,17.16
STORE_010,SKU20004,2025-05-27,6,25.74
STORE_010,SKU20004,2025-05-28,7,30.03
STORE_010,SKU20004,2025-05-29,4,17.16
STORE_010,SKU20004,2025-05-30,8,34.32
STORE_010,SKU20004,2025-05-31,7,30.03
STORE_010,SKU20004,2025-06-01,5,21.45
STORE_010,SKU20004,2025-06-02,7,30.03
STORE_010,SKU20004,2025-06-03,5,21.45
STORE_010,SKU20004,2025-06-04,3,12.87
STORE_010,SKU20004,2025-06-05,8,34.32
STORE_010,SKU20004,2025-06-07,10,42.9
STORE_010,SKU20004,2025-06-08,7,30.03
STORE_010,SKU20004,2025-06-09,7,30.03
STORE_010,SKU20004,2025-06-10,9,38.61
STORE_010,SKU20004,2025-06-11,5,21.45
STORE_010,SKU20004,2025-06-12,8,34.32
STORE_010,SKU20004,2025-06-13,7,30.03
STORE_010,SKU20004,2025-06-14,10,42.9
STORE_010,SKU20005,2025-04-20,18,71.82
STORE_010,SKU20005,2025-04-21,20,79.8
STORE_010,SKU20005,2025-04-22,17,67.83
STORE_010,SKU20005,2025-04-23,18,71.82
STORE_010,SKU20005,2025-04-24,13,51.87
STORE_010,SKU20005,2025-04-25,18,71.82
STORE_010,SKU20005,2025-04-26,22,87.78
STORE_010,SKU20005,2025-04-27,18,71.82
STORE_010,SKU20005,2025-04-28,14,55.86
STORE_010,SKU20005,2025-04-29,18,71.82
STORE_010,SKU20005,2025-04-30,17,67.83
STORE_010,SKU20005,2025-05-01,21,83.79
STORE_010,SKU20005,2025-05-02,16,63.84
STORE_010,SKU20005,2025-05-03,16,63.84
STORE_010,SKU20005,2025-05-04,17,67.83
STORE_010,SKU20005,2025-05-05,12,47.88
STORE_010,SKU20005,2025-05-06,14,55.86
STORE_010,SKU20005,2025-05-07,9,35.91
STORE_010,SKU20005,2025-05-08,14,55.86
STORE_010,SKU20005,2025-05-09,18,71.82
STORE_010,SKU20005,2025-05-10,23,91.77
STORE_010,SKU20005,2025-05-11,16,63.84
STORE_010,SKU20005,2025-05-12,16,63.84
STORE_010,SKU20005,2025-05-13,14,55.86
STORE_010,SKU20005,2025-05-14,13,51.87
STORE_010,SKU20005,2025-05-15,11,43.89
STORE_010,SKU20005,2025-05-16,19,75.81
STORE_010,SKU20005,2025-05-17,12,47.88
STORE_010,SKU20005,2025-05-18,6,23.94
STORE_010,SKU20005,2025-05-19,16,63.84
STORE_010,SKU20005,2025-05-20,10,39.9
STORE_010,SKU20005,2025-05-21,13,51.87
STORE_010,SKU20005,2025-05-22,19,75.81
STORE_010,SKU20005,2025-05-23,11,43.89
STORE_010,SKU20005,2025-05-24,18,71.82
STORE_010,SKU20005,2025-05-26,16,63.84
STORE_010,SKU20005,2025-05-27,18,71.82
STORE_010,SKU20005,2025-05-28,13,51.87
STORE_010,SKU20005,2025-05-29,17,67.83
STORE_010,SKU20005,2025-05-30,15,59.85
STORE_010,SKU20005,2025-05-31,19,75.81
STORE_010,SKU20005,2025-06-01,13,51.87
STORE_010,SKU20005,2025-06-02,13,51.87
STORE_010,SKU20005,2025-06-03,17,67.83
STORE_010,SKU20005,2025-06-04,11,43.89
STORE_010,SKU20005,2025-06-05,10,39.9
STORE_010,SKU20005,2025-06-06,9,35.91
STORE_010,SKU20005,2025-06-07,14,55.86
STORE_010,SKU20005,2025-06-08,15,59.85
STORE_010,SKU20005,2025-06-09,17,67.83
STORE_010,SKU20005,2025-06-10,11,43.89
STORE_010,SKU20005,2025-06-11,16,63.84
STORE_010,SKU20005,2025-06-12,14,55.86
STORE_010,SKU20005,2025-06-13,11,43.89
STORE_010,SKU20005,2025-06-14,18,71.82
STORE_010,SKU20006,2025-04-20,5,14.95
STORE_010,SKU20006,2025-04-21,4,11.96
STORE_010,SKU20006,2025-04-23,7,20.93
STORE_010,SKU20006,2025-04-25,2,5.98
STORE_010,SKU20006,2025-04-26,7,20.93
STORE_010,SKU20006,2025-04-27,7,20.93
STORE_010,SKU20006,2025-04-28,4,11.96
STORE_010,SKU20006,2025-04-29,3,8.97
STORE_010,SKU20006,2025-04-30,6,17.94
STORE_010,SKU20006,2025-05-03,4,11.96
STORE_010,SKU20006,2025-05-04,5,14.95
STORE_010,SKU20006,2025-05-05,6,17.94
STORE_010,SKU20006,2025-05-06,7,20.93
STORE_010,SKU20006,2025-05-08,5,14.95
STORE_010,SKU20006,2025-05-10,6,17.94
STORE_010,SKU20006,2025-05-11,2,5.98
STORE_010,SKU20006,2025-05-12,3,8.97
STORE_010,SKU20006,2025-05-13,6,17.94
STORE_010,SKU20006,2025-05-14,3,8.97
STORE_010,SKU20006,2025-05-15,6,17.94
STORE_010,SKU20006,2025-05-16,5,14.95
STORE_010,SKU20006,2025-05-17,3,8.97
STORE_010,SKU20006,2025-05-18,5,14.95
STORE_010,SKU20006,2025-05-19,3,8.97
STORE_010,SKU20006,2025-05-20,5,14.95
STORE_010,SKU20006,2025-05-21,6,17.94
STORE_010,SKU20006,2025-05-22,2,5.98
STORE_010,SKU20006,2025-05-23,3,8.97
STORE_010,SKU20006,2025-05-24,7,20.93
STORE_010,SKU20006,2025-05-25,5,14.95
STORE_010,SKU20006,2025-05-26,6,17.94
STORE_010,SKU20006,2025-05-27,7,20.93
STORE_010,SKU20006,2025-05-30,4,11.96
STORE_010,SKU20006,2025-05-31,3,8.97
STORE_010,SKU20006,2025-06-01,2,5.98
STORE_010,SKU20006,2025-06-03,6,17.94
STORE_010,SKU20006,2025-06-04,6,17.94
STORE_010,SKU20006,2025-06-05,6,17.94
STORE_010,SKU20006,2025-06-06,3,8.97
STORE_010,SKU20006,2025-06-07,7,20.93
STORE_010,SKU20006,2025-06-08,5,14.95
STORE_010,SKU20006,2025-06-09,5,14.95
STORE_010,SKU20006,2025-06-12,4,11.96
STORE_010,SKU20006,2025-06-13,3,8.97
STORE_010,SKU20006,2025-06-14,7,20.93
STORE_010,SKU20007,2025-04-20,5,17.45
STORE_010,SKU20007,2025-04-21,7,24.43
STORE_010,SKU20007,2025-04-22,7,24.43
STORE_010,SKU20007,2025-04-23,4,13.96
STORE_010,SKU20007,2025-04-24,4,13.96
STORE_010,SKU20007,2025-04-25,6,20.94
STORE_010,SKU20007,2025-04-26,8,27.92
STORE_010,SKU20007,2025-04-27,6,20.94
STORE_010,SKU20007,2025-04-28,5,17.45
STORE_010,SKU20007,2025-04-29,5,17.45
STORE_010,SKU20007,2025-04-30,5,17.45
STORE_010,SKU20007,2025-05-01,6,20.94
STORE_010,SKU20007,2025-05-02,4,13.96
STORE_010,SKU20007,2025-05-04,8,27.92
STORE_010,SKU20007,2025-05-05,6,20.94
STORE_010,SKU20007,2025-05-06,5,17.45
STORE_010,SKU20007,2025-05-07,4,13.96
STORE_010,SKU20007,2025-05-08,8,27.92
STORE_010,SKU20007,2025-05-09,7,24.43
STORE_010,SKU20007,2025-05-10,7,24.43
STORE_010,SKU20007,2025-05-11,5,17.45
STORE_010,SKU20007,2025-05-12,5,17.45
STORE_010,SKU20007,2025-05-13,8,27.92
STORE_010,SKU20007,2025-05-14,5,17.45
STORE_010,SKU20007,2025-05-16,6,20.94
STORE_010,SKU20007,2025-05-17,7,24.43
STORE_010,SKU20007,2025-05-18,9,31.41
STORE_010,SKU20007,2025-05-19,5,17.45
STORE_010,SKU20007,2025-05-20,7,24.43
STORE_010,SKU20007,2025-05-21,6,20.94
STORE_010,SKU20007,2025-05-22,7,24.43
STORE_010,SKU20007,2025-05-23,7,24.43
STORE_010,SKU20007,2025-05-24,7,24.43
STORE_010,SKU20007,2025-05-25,5,17.45
STORE_010,SKU20007,2025-05-26,7,24.43
STORE_010,SKU20007,2025-05-27,5,17.45
STORE_010,SKU20007,2025-05-30,3,10.47
STORE_010,SKU20007,2025-05-31,2,6.98
STORE_010,SKU20007,2025-06-01,5,17.45
STORE_010,SKU20007,2025-06-02,7,24.43
STORE_010,SKU20007,2025-06-03,8,27.92
STORE_010,SKU20007,2025-06-04,7,24.43
STORE_010,SKU20007,2025-06-05,5,17.45
STORE_010,SKU20007,2025-06-06,4,13.96
STORE_010,SKU20007,2025-06-07,8,27.92
STORE_010,SKU20007,2025-06-08,7,24.43
STORE_010,SKU20007,2025-06-09,3,10.47
STORE_010,SKU20007,2025-06-10,6,20.94
STORE_010,SKU20007,2025-06-11,7,24.43
STORE_010,SKU20007,2025-06-12,2,6.98
STORE_010,SKU20007,2025-06-13,5,17.45
STORE_010,SKU20007,2025-06-14,9,31.41
STORE_010,SKU30000,2025-04-22,1,12.99
STORE_010,SKU30000,2025-04-24,1,12.99
STORE_010,SKU30000,2025-04-25,1,12.99
STORE_010,SKU30000,2025-04-26,1,12.99
STORE_010,SKU30000,2025-04-28,2,25.98
STORE_010,SKU30000,2025-05-02,1,12.99
STORE_010,SKU30000,2025-05-04,2,25.98
STORE_010,SKU30000,2025-05-08,1,12.99
STORE_010,SKU30000,2025-05-11,2,25.98
STORE_010,SKU30000,2025-05-12,3,38.97
STORE_010,SKU30000,2025-05-14,1,12.99
STORE_010,SKU30000,2025-05-16,2,25.98
STORE_010,SKU30000,2025-05-17,1,12.99
STORE_010,SKU30000,2025-05-18,1,12.99
STORE_010,SKU30000,2025-05-23,1,12.99
STORE_010,SKU30000,2025-05-25,2,25.98
STORE_010,SKU30000,2025-05-27,1,12.99
STORE_010,SKU30000,2025-05-28,1,12.99
STORE_010,SKU30000,2025-05-31,1,12.99
STORE_010,SKU30000,2025-06-02,2,25.98
STORE_010,SKU30000,2025-06-03,1,12.99
STORE_010,SKU30000,2025-06-04,1,12.99
STORE_010,SKU30000,2025-06-08,1,12.99
STORE_010,SKU30000,2025-06-11,1,12.99
STORE_010,SKU30000,2025-06-13,1,12.99
STORE_010,SKU30000,2025-06-14,1,12.99
STORE_010,SKU30001,2025-04-20,4,35.96
STORE_010,SKU30001,2025-04-21,4,35.96
STORE_010,SKU30001,2025-04-22,5,44.95
STORE_010,SKU30001,2025-04-23,5,44.95
STORE_010,SKU30001,2025-04-24,3,26.97
STORE_010,SKU30001,2025-04-25,3,26.97
STORE_010,SKU30001,2025-04-26,4,35.96
STORE_010,SKU30001,2025-04-27,4,35.96
STORE_010,SKU30001,2025-04-29,3,26.97
STORE_010,SKU30001,2025-04-30,1,8.99
STORE_010,SKU30001,2025-05-02,5,44.95
STORE_010,SKU30001,2025-05-03,1,8.99
STORE_010,SKU30001,2025-05-04,1,8.99
STORE_010,SKU30001,2025-05-05,1,8.99
STORE_010,SKU30001,2025-05-07,5,44.95
STORE_010,SKU30001,2025-05-08,3,26.97
STORE_010,SKU30001,2025-05-09,2,17.98
STORE_010,SKU30001,2025-05-10,5,44.95
STORE_010,SKU30001,2025-05-11,1,8.99
STORE_010,SKU30001,2025-05-12,4,35.96
STORE_010,SKU30001,2025-05-13,3,26.97
STORE_010,SKU30001,2025-05-14,2,17.98
STORE_010,SKU30001,2025-05-15,1,8.99
STORE_010,SKU30001,2025-05-17,3,26.97
STORE_010,SKU30001,2025-05-18,4,35.96
STORE_010,SKU30001,2025-05-19,3,26.97
STORE_010,SKU30001,2025-05-20,4,35.96
STORE_010,SKU30001,2025-05-21,6,53.94
STORE_010,SKU30001,2025-05-22,2,17.98
STORE_010,SKU30001,2025-05-23,6,53.94
STORE_010,SKU30001,2025-05-24,4,35.96
STORE_010,SKU30001,2025-05-25,3,26.97
STORE_010,SKU30001,2025-05-27,2,17.98
STORE_010,SKU30001,2025-05-28,4,35.96
STORE_010,SKU30001,2025-05-29,3,26.97
STORE_010,SKU30001,2025-05-30,3,26.97
STORE_010,SKU30001,2025-05-31,4,35.96
STORE_010,SKU30001,2025-06-02,2,17.98
STORE_010,SKU30001,2025-06-03,3,26.97
STORE_010,SKU30001,2025-06-04,4,35.96
STORE_010,SKU30001,2025-06-06,3,26.97
STORE_010,SKU30001,2025-06-07,5,44.95
STORE_010,SKU30001,2025-06-08,2,17.98
STORE_010,SKU30001,2025-06-10,4,35.96
STORE_010,SKU30001,2025-06-11,1,8.99
STORE_010,SKU30001,2025-06-12,2,17.98
STORE_010,SKU30001,2025-06-13,1,8.99
STORE_010,SKU30001,2025-06-14,3,26.97
STORE_010,SKU30002,2025-04-20,2,15.98
STORE_010,SKU30002,2025-04-21,3,23.97
STORE_010,SKU30002,2025-04-22,3,23.97
STORE_010,SKU30002,2025-04-23,3,23.97
STORE_010,SKU30002,2025-04-24,2,15.98
STORE_010,SKU30002,2025-04-25,4,31.96
STORE_010,SKU30002,2025-04-27,3,23.97
STORE_010,SKU30002,2025-04-28,1,7.99
STORE_010,SKU30002,2025-05-02,2,15.98
STORE_010,SKU30002,2025-05-03,3,23.97
STORE_010,SKU30002,2025-05-04,3,23.97
STORE_010,SKU30002,2025-05-06,4,31.96
STORE_010,SKU30002,2025-05-09,4,31.96
STORE_010,SKU30002,2025-05-10,2,15.98
STORE_010,SKU30002,2025-05-11,3,23.97
STORE_010,SKU30002,2025-05-12,3,23.97
STORE_010,SKU30002,2025-05-13,1,7.99
STORE_010,SKU30002,2025-05-15,1,7.99
STORE_010,SKU30002,2025-05-16,2,15.98
STORE_010,SKU30002,2025-05-17,2,15.98
STORE_010,SKU30002,2025-05-18,2,15.98
STORE_010,SKU30002,2025-05-19,2,15.98
STORE_010,SKU30002,2025-05-20,5,39.95
STORE_010,SKU30002,2025-05-21,3,23.97
STORE_010,SKU30002,2025-05-22,2,15.98
STORE_010,SKU30002,2025-05-24,4,31.96
STORE_010,SKU30002,2025-05-26,4,31.96
STORE_010,SKU30002,2025-05-28,2,15.98
STORE_010,SKU30002,2025-05-29,3,23.97
STORE_010,SKU30002,2025-05-30,5,39.95
STORE_010,SKU30002,2025-05-31,3,23.97
STORE_010,SKU30002,2025-06-01,3,23.97
STORE_010,SKU30002,2025-06-02,1,7.99
STORE_010,SKU30002,2025-06-03,3,23.97
STORE_010,SKU30002,2025-06-04,2,15.98
STORE_010,SKU30002,2025-06-05,2,15.98
STORE_010,SKU30002,2025-06-06,2,15.98
STORE_010,SKU30002,2025-06-07,2,15.98
STORE_010,SKU30002,2025-06-08,3,23.97
STORE_010,SKU30002,2025-06-10,1,7.99
STORE_010,SKU30002,2025-06-11,2,15.98
STORE_010,SKU30002,2025-06-12,6,47.94
STORE_010,SKU30002,2025-06-14,4,31.96
STORE_010,SKU30003,2025-04-22,2,18.98
STORE_010,SKU30003,2025-04-24,1,9.49
STORE_010,SKU30003,2025-04-26,2,18.98
STORE_010,SKU30003,2025-04-27,2,18.98
STORE_010,SKU30003,2025-04-28,1,9.49
STORE_010,SKU30003,2025-05-02,1,9.49
STORE_010,SKU30003,2025-05-03,4,37.96
STORE_010,SKU30003,2025-05-04,2,18.98
STORE_010,SKU30003,2025-05-05,2,18.98
STORE_010,SKU30003,2025-05-06,2,18.98
STORE_010,SKU30003,2025-05-08,2,18.98
STORE_010,SKU30003,2025-05-11,2,18.98
STORE_010,SKU30003,2025-05-12,1,9.49
STORE_010,SKU30003,2025-05-13,2,18.98
STORE_010,SKU30003,2025-05-14,1,9.49
STORE_010,SKU30003,2025-05-16,1,9.49
STORE_010,SKU30003,2025-05-18,2,18.98
STORE_010,SKU30003,2025-05-19,2,18.98
STORE_010,SKU30003,2025-05-21,3,28.47
STORE_010,SKU30003,2025-05-22,1,9.49
STORE_010,SKU30003,2025-05-23,1,9.49
STORE_010,SKU30003,2025-05-24,2,18.98
STORE_010,SKU30003,2025-05-27,2,18.98
STORE_010,SKU30003,2025-05-29,2,18.98
STORE_010,SKU30003,2025-05-31,1,9.49
STORE_010,SKU30003,2025-06-01,4,37.96
STORE_010,SKU30003,2025-06-04,2,18.98
STORE_010,SKU30003,2025-06-05,2,18.98
STORE_010,SKU30003,2025-06-10,1,9.49
STORE_010,SKU30003,2025-06-11,1,9.49
STORE_010,SKU30003,2025-06-14,1,9.49
STORE_010,SKU30004,2025-04-21,1,6.99
STORE_010,SKU30004,2025-04-23,1,6.99
STORE_010,SKU30004,2025-04-25,2,13.98
STORE_010,SKU30004,2025-04-26,3,20.97
STORE_010,SKU30004,2025-04-27,2,13.98
STORE_010,SKU30004,2025-04-28,2,13.98
STORE_010,SKU30004,2025-04-29,3,20.97
STORE_010,SKU30004,2025-05-02,3,20.97
STORE_010,SKU30004,2025-05-03,4,27.96
STORE_010,SKU30004,2025-05-04,5,34.95
STORE_010,SKU30004,2025-05-06,1,6.99
STORE_010,SKU30004,2025-05-07,3,20.97
STORE_010,SKU30004,2025-05-08,2,13.98
STORE_010,SKU30004,2025-05-10,3,20.97
STORE_010,SKU30004,2025-05-11,2,13.98
STORE_010,SKU30004,2025-05-12,4,27.96
STORE_010,SKU30004,2025-05-13,3,20.97
STORE_010,SKU30004,2025-05-14,2,13.98
STORE_010,SKU30004,2025-05-15,2,13.98
STORE_010,SKU30004,2025-05-16,1,6.99
STORE_010,SKU30004,2025-05-18,3,20.97
STORE_010,SKU30004,2025-05-19,1,6.99
STORE_010,SKU30004,2025-05-20,3,20.97
STORE_010,SKU30004,2025-05-21,3,20.97
STORE_010,SKU30004,2025-05-22,2,13.98
STORE_010,SKU30004,2025-05-23,4,27.96
STORE_010,SKU30004,2025-05-24,4,27.96
STORE_010,SKU30004,2025-05-25,4,27.96
STORE_010,SKU30004,2025-05-26,3,20.97
STORE_010,SKU30004,2025-05-27,2,13.98
STORE_010,SKU30004,2025-05-29,3,20.97
STORE_010,SKU30004,2025-05-30,1,6.99
STORE_010,SKU30004,2025-05-31,4,27.96
STORE_010,SKU30004,2025-06-01,3,20.97
STORE_010,SKU30004,2025-06-02,2,13.98
STORE_010,SKU30004,2025-06-03,1,6.99
STORE_010,SKU30004,2025-06-04,2,13.98
STORE_010,SKU30004,2025-06-05,3,20.97
STORE_010,SKU30004,2025-06-08,3,20.97
STORE_010,SKU30004,2025-06-09,2,13.98
STORE_010,SKU30004,2025-06-10,1,6.99
STORE_010,SKU30004,2025-06-11,3,20.97
STORE_010,SKU30004,2025-06-12,1,6.99
STORE_010,SKU30004,2025-06-14,2,13.98
STORE_010,SKU40000,2025-04-20,6,17.94
STORE_010,SKU40000,2025-04-21,4,11.96
STORE_010,SKU40000,2025-04-22,7,20.93
STORE_010,SKU40000,2025-04-23,4,11.96
STORE_010,SKU40000,2025-04-24,3,8.97
STORE_010,SKU40000,2025-04-25,1,2.99
STORE_010,SKU40000,2025-04-27,4,11.96
STORE_010,SKU40000,2025-04-28,2,5.98
STORE_010,SKU40000,2025-04-29,4,11.96
STORE_010,SKU40000,2025-04-30,3,8.97
STORE_010,SKU40000,2025-05-02,3,8.97
STORE_010,SKU40000,2025-05-03,5,14.95
STORE_010,SKU40000,2025-05-04,1,2.99
STORE_010,SKU40000,2025-05-05,3,8.97
STORE_010,SKU40000,2025-05-07,3,8.97
STORE_010,SKU40000,2025-05-08,6,17.94
STORE_010,SKU40000,2025-05-09,6,17.94
STORE_010,SKU40000,2025-05-10,6,17.94
STORE_010,SKU40000,2025-05-11,5,14.95
STORE_010,SKU40000,2025-05-12,4,11.96
STORE_010,SKU40000,2025-05-13,5,14.95
STORE_010,SKU40000,2025-05-14,8,23.92
STORE_010,SKU40000,2025-05-15,2,5.98
STORE_010,SKU40000,2025-05-16,4,11.96
STORE_010,SKU40000,2025-05-17,4,11.96
STORE_010,SKU40000,2025-05-20,4,11.96
STORE_010,SKU40000,2025-05-21,2,5.98
STORE_010,SKU40000,2025-05-23,2,5.98
STORE_010,SKU40000,2025-05-24,4,11.96
STORE_010,SKU40000,2025-05-25,6,17.94
STORE_010,SKU40000,2025-05-26,6,17.94
STORE_010,SKU40000,2025-05-28,3,8.97
STORE_010,SKU40000,2025-05-29,6,17.94
STORE_010,SKU40000,2025-05-30,4,11.96
STORE_010,SKU40000,2025-06-01,2,5.98
STORE_010,SKU40000,2025-06-02,3,8.97
STORE_010,SKU40000,2025-06-03,4,11.96
STORE_010,SKU40000,2025-06-05,3,8.97
STORE_010,SKU40000,2025-06-06,6,17.94
STORE_010,SKU40000,2025-06-07,6,17.94
STORE_010,SKU40000,2025-06-08,4,11.96
STORE_010,SKU40000,2025-06-09,5,14.95
STORE_010,SKU40000,2025-06-11,3,8.97
STORE_010,SKU40000,2025-06-12,5,14.95
STORE_010,SKU40000,2025-06-13,4,11.96
STORE_010,SKU40000,2025-06-14,6,17.94
STORE_010,SKU40001,2025-04-20,9,53.91
STORE_010,SKU40001,2025-04-21,4,23.96
STORE_010,SKU40001,2025-04-22,3,17.97
STORE_010,SKU40001,2025-04-23,11,65.89
STORE_010,SKU40001,2025-04-24,3,17.97
STORE_010,SKU40001,2025-04-25,7,41.93
STORE_010,SKU40001,2025-04-26,7,41.93
STORE_010,SKU40001,2025-04-27,8,47.92
STORE_010,SKU40001,2025-04-28,10,59.9
STORE_010,SKU40001,2025-04-29,7,41.93
STORE_010,SKU40001,2025-04-30,9,53.91
STORE_010,SKU40001,2025-05-01,11,65.89
STORE_010,SKU40001,2025-05-02,9,53.91
STORE_010,SKU40001,2025-05-03,6,35.94
STORE_010,SKU40001,2025-05-04,8,47.92
STORE_010,SKU40001,2025-05-05,9,53.91
STORE_010,SKU40001,2025-05-06,7,41.93
STORE_010,SKU40001,2025-05-07,5,29.95
STORE_010,SKU40001,2025-05-08,10,59.9
STORE_010,SKU40001,2025-05-10,8,47.92
STORE_010,SKU40001,2025-05-11,8,47.92
STORE_010,SKU40001,2025-05-12,9,53.91
STORE_010,SKU40001,2025-05-13,9,53.91
STORE_010,SKU40001,2025-05-14,6,35.94
STORE_010,SKU40001,2025-05-15,10,59.9
STORE_010,SKU40001,2025-05-16,6,35.94
STORE_010,SKU40001,2025-05-17,11,65.89
STORE_010,SKU40001,2025-05-18,9,53.91
STORE_010,SKU40001,2025-05-19,9,53.91
STORE_010,SKU40001,2025-05-21,10,59.9
STORE_010,SKU40001,2025-05-22,16,95.84
STORE_010,SKU40001,2025-05-23,8,47.92
STORE_010,SKU40001,2025-05-24,7,41.93
STORE_010,SKU40001,2025-05-25,5,29.95
STORE_010,SKU40001,2025-05-26,7,41.93
STORE_010,SKU40001,2025-05-27,7,41.93
STORE_010,SKU40001,2025-05-28,10,59.9
STORE_010,SKU40001,2025-05-29,10,59.9
STORE_010,SKU40001,2025-05-31,10,59.9
STORE_010,SKU40001,2025-06-01,6,35.94
STORE_010,SKU40001,2025-06-02,6,35.94
STORE_010,SKU40001,2025-06-04,5,29.95
STORE_010,SKU40001,2025-06-05,9,53.91
STORE_010,SKU40001,2025-06-06,9,53.91
STORE_010,SKU40001,2025-06-07,9,53.91
STORE_010,SKU40001,2025-06-08,14,83.86
STORE_010,SKU40001,2025-06-09,6,35.94
STORE_010,SKU40001,2025-06-10,9,53.91
STORE_010,SKU40001,2025-06-11,11,65.89
STORE_010,SKU40001,2025-06-12,11,65.89
STORE_010,SKU40001,2025-06-13,8,47.92
STORE_010,SKU40001,2025-06-14,9,53.91
STORE_010,SKU40002,2025-04-20,7,48.93
STORE_010,SKU40002,2025-04-21,5,34.95
STORE_010,SKU40002,2025-04-22,4,27.96
STORE_010,SKU40002,2025-04-23,5,34.95
STORE_010,SKU40002,2025-04-24,5,34.95
STORE_010,SKU40002,2025-04-25,10,69.9
STORE_010,SKU40002,2025-04-26,10,69.9
STORE_010,SKU40002,2025-04-27,7,48.93
STORE_010,SKU40002,2025-04-28,11,76.89
STORE_010,SKU40002,2025-04-29,9,62.91
STORE_010,SKU40002,2025-04-30,4,27.96
STORE_010,SKU40002,2025-05-02,4,27.96
STORE_010,SKU40002,2025-05-03,8,55.92
STORE_010,SKU40002,2025-05-04,11,76.89
STORE_010,SKU40002,2025-05-05,9,62.91
STORE_010,SKU40002,2025-05-06,4,27.96
STORE_010,SKU40002,2025-05-07,6,41.94
STORE_010,SKU40002,2025-05-08,4,27.96
STORE_010,SKU40002,2025-05-09,4,27.96
STORE_010,SKU40002,2025-05-10,9,62.91
STORE_010,SKU40002,2025-05-11,10,69.9
STORE_010,SKU40002,2025-05-12,3,20.97
STORE_010,SKU40002,2025-05-14,8,55.92
STORE_010,SKU40002,2025-05-15,7,48.93
STORE_010,SKU40002,2025-05-16,6,41.94
STORE_010,SKU40002,2025-05-17,10,69.9
STORE_010,SKU40002,2025-05-18,5,34.95
STORE_010,SKU40002,2025-05-19,8,55.92
STORE_010,SKU40002,2025-05-20,4,27.96
STORE_010,SKU40002,2025-05-21,6,41.94
STORE_010,SKU40002,2025-05-22,6,41.94
STORE_010,SKU40002,2025-05-23,2,13.98
STORE_010,SKU40002,2025-05-24,10,69.9
STORE_010,SKU40002,2025-05-25,8,55.92
STORE_010,SKU40002,2025-05-26,4,27.96
STORE_010,SKU40002,2025-05-27,6,41.94
STORE_010,SKU40002,2025-05-28,6,41.94
STORE_010,SKU40002,2025-05-29,3,20.97
STORE_010,SKU40002,2025-05-30,7,48.93
STORE_010,SKU40002,2025-05-31,9,62.91
STORE_010,SKU40002,2025-06-01,8,55.92
STORE_010,SKU40002,2025-06-02,6,41.94
STORE_010,SKU40002,2025-06-03,10,69.9
STORE_010,SKU40002,2025-06-04,13,90.87
STORE_010,SKU40002,2025-06-05,10,69.9
STORE_010,SKU40002,2025-06-06,5,34.95
STORE_010,SKU40002,2025-06-07,7,48.93
STORE_010,SKU40002,2025-06-08,6,41.94
STORE_010,SKU40002,2025-06-09,7,48.93
STORE_010,SKU40002,2025-06-10,7,48.93
STORE_010,SKU40002,2025-06-11,6,41.94
STORE_010,SKU40002,2025-06-12,3,20.97
STORE_010,SKU40002,2025-06-13,7,48.93
STORE_010,SKU40002,2025-06-14,5,34.95
STORE_010,SKU40003,2025-04-20,7,52.43
STORE_010,SKU40003,2025-04-21,8,59.92
STORE_010,SKU40003,2025-04-22,1,7.49
STORE_010,SKU40003,2025-04-23,7,52.43
STORE_010,SKU40003,2025-04-24,5,37.45
STORE_010,SKU40003,2025-04-25,3,22.47
STORE_010,SKU40003,2025-04-26,9,67.41
STORE_010,SKU40003,2025-04-27,4,29.96
STORE_010,SKU40003,2025-04-28,5,37.45
STORE_010,SKU40003,2025-04-29,6,44.94
STORE_010,SKU40003,2025-04-30,7,52.43
STORE_010,SKU40003,2025-05-01,2,14.98
STORE_010,SKU40003,2025-05-02,4,29.96
STORE_010,SKU40003,2025-05-03,4,29.96
STORE_010,SKU40003,2025-05-04,4,29.96
STORE_010,SKU40003,2025-05-06,3,22.47
STORE_010,SKU40003,2025-05-07,5,37.45
STORE_010,SKU40003,2025-05-08,5,37.45
STORE_010,SKU40003,2025-05-09,7,52.43
STORE_010,SKU40003,2025-05-10,5,37.45
STORE_010,SKU40003,2025-05-11,3,22.47
STORE_010,SKU40003,2025-05-12,6,44.94
STORE_010,SKU40003,2025-05-14,6,44.94
STORE_010,SKU40003,2025-05-16,6,44.94
STORE_010,SKU40003,2025-05-18,4,29.96
STORE_010,SKU40003,2025-05-20,4,29.96
STORE_010,SKU40003,2025-05-21,4,29.96
STORE_010,SKU40003,2025-05-22,7,52.43
STORE_010,SKU40003,2025-05-23,3,22.47
STORE_010,SKU40003,2025-05-24,2,14.98
STORE_010,SKU40003,2025-05-25,5,37.45
STORE_010,SKU40003,2025-05-26,5,37.45
STORE_010,SKU40003,2025-05-27,5,37.45
STORE_010,SKU40003,2025-05-29,6,44.94
STORE_010,SKU40003,2025-05-31,12,89.88
STORE_010,SKU40003,2025-06-01,6,44.94
STORE_010,SKU40003,2025-06-02,7,52.43
STORE_010,SKU40003,2025-06-04,5,37.45
STORE_010,SKU40003,2025-06-05,5,37.45
STORE_010,SKU40003,2025-06-06,4,29.96
STORE_010,SKU40003,2025-06-07,6,44.94
STORE_010,SKU40003,2025-06-08,6,44.94
STORE_010,SKU40003,2025-06-09,4,29.96
STORE_010,SKU40003,2025-06-10,4,29.96
STORE_010,SKU40003,2025-06-11,5,37.45
STORE_010,SKU40003,2025-06-12,7,52.43
STORE_010,SKU40003,2025-06-13,8,59.92
STORE_010,SKU40003,2025-06-14,4,29.96
